year,Thjun,Chjun,Chjul,Thjul,Chaug,Thaug,fcsnow,ftsnow,dcsnow,dtsnow,ccsnow,ctsnow,fcmois,ftmois,dcmois,dtmois,ccmois,ctmois,janmxso,febmxso,marmxso,aprmxso,maymxso,junmxso,julmxso,augmxso,sepmxso,octmxso,novmxso,decmxso,jaNAvso,febavso,maravso,apravso,mayavso,juNAvso,julavso,augavso,sepavso,octavso,novavso,decavso,janmx,febmx,marmx,aprmx,maymx,junmx,julymx,augmx,sepmx,octmx,novmx,decmx,jaNAv,febav,marav,aprav,mayav,juNAv,julyav,augav,sepav,octav,novav,decav,Tbud,Tflr,Tsen,Tupr,Cbud,Cflr,Csen,Cupr,DTrwi,DTres,DTflr,DTbud,DCrwi,DCres,DCflr,DCbud,CTrwi,CTres,CTflr,CTbud,CCrwi,CCres,CCflr,CCbud,FTrwi,FTres,FTflr,FTbud,FCrwi,FCres,FCflr,FCbud,MTrwi,MTres,Mtbud,MTflr,MCrwi,MCres,MCbud,MCflr,NTrwi,NTres,NTbud,NTflr,NCrwi,NCres,NCbud,NCflr,altCCBud,axccagi,ARCrwi,ARCres,ARCbud,ARCflr,ELZrwi,ELZres,ELZbud,ELZflr,ZAPrwi,ZAPres,ZAPbud,ZAPflr,SKArwi,SKAres,SKAbud,SKAflr,AWSrwi,AWSres,AWSbud,AWSflr,LFSCrwi,LFSCres,LFSCbud,LFSCflr,LFSTrwi,LFSTres,LFSTbud,LFSTflr,SAArwi,SAAres,SAAbud,SAAflr,DISrwi,DISres,DISbud,DISflr,ABIrwi,ABIres,ABIbud,ABIflr,IMCrwi,IMCres,IMCbud,IMCflr,IMTrwi,IMTres,IMTbud,IMTflr,ATCrwi,ATCres,ATCbud,ATCflr,ATTrwi,ATTres,ATTbud,ATTflr,TKCrwi,TKCres,TKCbud,TKCflr,TKTrwi,TKTres,TKTbud,TKTflr,BWCrwi,BWCres,BWCbud,BWCflr,BWTrwi,BWTres,BWTbud,BWTflr,abijul,saajul,dskjul,arcjul,lfsjul,tktjul,skajul,atkjul
1962,,,,,,,NA,NA,NA,NA,NA,NA,NA,NA,NA,NA,NA,NA,NA,NA,NA,NA,NA,NA,NA,NA,NA,NA,NA,NA,NA,NA,NA,NA,NA,NA,NA,NA,NA,NA,NA,NA,NA,NA,NA,NA,NA,NA,NA,NA,NA,NA,NA,NA,NA,NA,NA,NA,NA,NA,NA,NA,NA,NA,NA,NA,NA,NA,NA,NA,NA,NA,NA,NA,NA,NA,NA,NA,NA,NA,NA,NA,NA,NA,NA,NA,NA,NA,NA,NA,NA,NA,NA,NA,NA,NA,NA,NA,NA,NA,NA,NA,NA,NA,NA,NA,NA,NA,NA,NA,NA,NA,NA,NA,NA,NA,0.746523876,NA,NA,0.005673335,NA,NA,NA,NA,NA,NA,NA,NA,NA,NA,NA,NA,NA,NA,NA,NA,NA,NA,NA,NA,NA,NA,NA,NA,NA,NA,NA,NA,NA,NA,NA,NA,NA,NA,NA,NA,NA,NA,NA,NA,NA,NA,NA,NA,NA,NA,NA,NA,NA,NA,NA,NA,NA,NA,NA,NA,NA,NA,NA,NA,NA,NA,NA,NA,NA,NA,NA,NA,7.2,6.9,4.1,7,6.4,11.2,3.2,6.6
1963,,,,,,,NA,NA,NA,NA,NA,NA,NA,NA,NA,NA,NA,NA,NA,NA,NA,NA,NA,NA,NA,NA,NA,NA,NA,NA,NA,NA,NA,NA,NA,NA,NA,NA,NA,NA,NA,NA,NA,NA,NA,NA,NA,NA,NA,NA,NA,NA,NA,NA,NA,NA,NA,NA,NA,NA,NA,NA,NA,NA,NA,NA,NA,NA,NA,NA,NA,NA,NA,NA,NA,NA,NA,NA,NA,NA,NA,NA,NA,NA,NA,NA,NA,NA,NA,NA,NA,NA,NA,NA,NA,NA,NA,NA,NA,NA,NA,NA,NA,NA,NA,NA,NA,NA,NA,NA,NA,NA,NA,NA,NA,NA,0.986692416,1.066681918,NA,0.005673335,NA,NA,NA,NA,NA,NA,NA,NA,NA,NA,NA,NA,NA,NA,NA,NA,NA,NA,NA,NA,NA,NA,NA,NA,NA,NA,NA,NA,NA,NA,NA,NA,NA,NA,NA,NA,NA,NA,NA,NA,NA,NA,NA,NA,NA,NA,NA,NA,NA,NA,NA,NA,NA,NA,NA,NA,NA,NA,NA,NA,NA,NA,NA,NA,NA,NA,NA,NA,7.5,7.5,1.6,4.6,6.7,10.1,3.2,5.1
1964,,,,,,,NA,NA,NA,NA,NA,NA,NA,NA,NA,NA,NA,NA,NA,NA,NA,NA,NA,NA,NA,NA,NA,NA,NA,NA,NA,NA,NA,NA,NA,NA,NA,NA,NA,NA,NA,NA,NA,NA,NA,NA,NA,NA,NA,NA,NA,NA,NA,NA,NA,NA,NA,NA,NA,NA,NA,NA,NA,NA,NA,NA,NA,NA,NA,NA,NA,NA,NA,NA,NA,NA,NA,NA,NA,NA,NA,NA,NA,NA,NA,NA,NA,NA,NA,NA,NA,NA,NA,NA,NA,NA,NA,NA,NA,NA,NA,NA,NA,NA,NA,NA,NA,NA,NA,NA,NA,NA,NA,NA,NA,NA,1.114782303,1.11898178,NA,0.005673335,NA,NA,NA,NA,NA,NA,NA,NA,NA,NA,NA,NA,NA,NA,NA,NA,NA,NA,NA,NA,NA,NA,NA,NA,NA,NA,NA,NA,NA,NA,NA,NA,NA,NA,NA,NA,NA,NA,NA,NA,NA,NA,NA,NA,NA,NA,NA,NA,NA,NA,NA,NA,NA,NA,NA,NA,NA,NA,NA,NA,NA,NA,NA,NA,NA,NA,NA,NA,8.6,8.9,1.1,4.2,7.8,9.8,4,5.2
1965,,,,,,,NA,NA,NA,NA,NA,NA,NA,NA,NA,NA,NA,NA,NA,NA,NA,NA,NA,NA,NA,NA,NA,NA,NA,NA,NA,NA,NA,NA,NA,NA,NA,NA,NA,NA,NA,NA,NA,NA,NA,NA,NA,NA,NA,NA,NA,NA,NA,NA,NA,NA,NA,NA,NA,NA,NA,NA,NA,NA,NA,NA,NA,NA,NA,NA,NA,NA,NA,NA,0.739529045,NA,NA,NA,NA,NA,NA,NA,NA,NA,NA,NA,NA,NA,NA,NA,NA,NA,NA,NA,NA,NA,NA,NA,NA,NA,NA,NA,NA,NA,NA,NA,NA,NA,NA,NA,NA,NA,NA,NA,NA,NA,1.240870787,1.204648916,NA,0.005673335,NA,NA,NA,NA,NA,NA,NA,NA,NA,NA,NA,NA,NA,NA,NA,NA,NA,NA,NA,NA,NA,NA,NA,NA,NA,NA,NA,NA,NA,NA,NA,NA,NA,NA,NA,NA,NA,NA,NA,NA,NA,NA,NA,NA,NA,NA,NA,NA,NA,NA,NA,NA,NA,NA,NA,NA,NA,NA,NA,NA,NA,NA,NA,NA,NA,NA,NA,NA,6.4,6.3,2.9,6.1,5.6,9.6,3.3,4.7
1966,,,,,,,NA,NA,NA,NA,NA,NA,NA,NA,NA,NA,NA,NA,NA,NA,NA,NA,NA,NA,NA,NA,NA,NA,NA,NA,NA,NA,NA,NA,NA,NA,NA,NA,NA,NA,NA,NA,NA,NA,NA,NA,NA,NA,NA,NA,NA,NA,NA,NA,NA,NA,NA,NA,NA,NA,NA,NA,NA,NA,NA,NA,NA,NA,NA,NA,NA,NA,NA,NA,0.747746034,NA,NA,NA,NA,NA,NA,NA,NA,NA,NA,NA,NA,NA,NA,NA,NA,NA,NA,NA,NA,NA,NA,NA,NA,NA,NA,NA,NA,NA,NA,NA,NA,NA,NA,NA,NA,NA,NA,NA,NA,NA,1.096769663,1.020758029,NA,5.673335324,NA,NA,NA,NA,NA,NA,NA,NA,NA,NA,NA,NA,NA,NA,NA,NA,NA,NA,NA,NA,NA,NA,NA,NA,NA,NA,NA,NA,NA,NA,NA,NA,NA,NA,NA,NA,NA,NA,NA,NA,NA,NA,NA,NA,NA,NA,NA,NA,NA,NA,NA,NA,NA,NA,NA,NA,NA,NA,NA,NA,NA,NA,NA,NA,NA,NA,NA,NA,9,9.3,2.3,5.3,8.2,10.5,4.8,5.4
1967,,,,,,,NA,NA,NA,NA,NA,NA,NA,NA,NA,NA,NA,NA,NA,NA,NA,NA,NA,NA,NA,NA,NA,NA,NA,NA,NA,NA,NA,NA,NA,NA,NA,NA,NA,NA,NA,NA,NA,NA,NA,NA,NA,NA,NA,NA,NA,NA,NA,NA,NA,NA,NA,NA,NA,NA,NA,NA,NA,NA,NA,NA,NA,NA,NA,NA,NA,NA,NA,NA,0.729257808,NA,NA,NA,NA,NA,NA,NA,0.509441072,NA,NA,NA,NA,NA,NA,NA,NA,NA,NA,NA,NA,NA,NA,NA,NA,NA,NA,NA,NA,NA,NA,NA,NA,NA,NA,NA,NA,NA,NA,NA,NA,NA,1.08676264,1.056225022,NA,0.005673335,NA,NA,NA,NA,NA,NA,NA,NA,NA,NA,NA,NA,NA,NA,NA,NA,NA,NA,NA,NA,NA,NA,NA,NA,NA,NA,NA,NA,NA,NA,NA,NA,NA,NA,NA,NA,NA,NA,NA,NA,NA,NA,NA,NA,NA,NA,NA,NA,NA,NA,NA,NA,NA,NA,NA,NA,NA,NA,NA,NA,NA,NA,NA,NA,NA,NA,NA,NA,7.9,8.1,2.7,5.7,7.1,9.7,4.2,5.4
1968,,,,,,,NA,NA,NA,NA,NA,NA,NA,NA,NA,NA,NA,NA,NA,NA,NA,NA,NA,NA,NA,NA,NA,NA,NA,NA,NA,NA,NA,NA,NA,NA,NA,NA,NA,NA,NA,NA,NA,NA,NA,NA,NA,NA,NA,NA,NA,NA,NA,NA,NA,NA,NA,NA,NA,NA,NA,NA,NA,NA,NA,NA,NA,NA,NA,NA,NA,NA,NA,NA,0.83607867,NA,NA,NA,NA,NA,NA,NA,0.514244415,NA,NA,NA,NA,NA,NA,NA,NA,NA,NA,NA,NA,NA,NA,NA,NA,NA,NA,NA,NA,NA,NA,NA,NA,NA,NA,NA,NA,NA,NA,NA,NA,NA,0.968679775,0.941300074,NA,0.005673335,NA,NA,NA,NA,NA,NA,NA,NA,NA,NA,NA,NA,NA,NA,NA,NA,NA,NA,NA,NA,NA,NA,NA,NA,NA,NA,NA,NA,NA,NA,NA,NA,NA,NA,NA,NA,NA,NA,NA,NA,NA,NA,NA,NA,NA,NA,NA,NA,NA,NA,NA,NA,NA,NA,NA,NA,NA,NA,NA,NA,NA,NA,NA,NA,NA,NA,NA,NA,6.9,6.5,2.3,5.3,6.1,12.6,3.2,7.6
1969,,,,,,,NA,NA,NA,NA,NA,NA,NA,NA,NA,NA,NA,NA,NA,NA,NA,NA,NA,NA,NA,NA,NA,NA,NA,NA,NA,NA,NA,NA,NA,NA,NA,NA,NA,NA,NA,NA,NA,NA,NA,NA,NA,NA,NA,NA,NA,NA,NA,NA,NA,NA,NA,NA,NA,NA,NA,NA,NA,NA,NA,NA,NA,NA,NA,NA,NA,NA,NA,NA,0.934682543,NA,NA,NA,NA,NA,NA,NA,0.605649886,1.022931612,NA,NA,NA,NA,NA,NA,NA,NA,NA,NA,NA,NA,NA,NA,NA,NA,NA,NA,NA,NA,NA,NA,NA,NA,NA,NA,NA,NA,NA,NA,NA,NA,1.092766854,1.102650582,NA,0.005673335,NA,NA,NA,NA,NA,NA,NA,NA,NA,NA,NA,NA,NA,NA,NA,NA,NA,NA,NA,NA,NA,NA,NA,NA,NA,NA,NA,NA,NA,NA,NA,NA,NA,NA,NA,NA,NA,NA,NA,NA,NA,NA,NA,NA,NA,NA,NA,NA,NA,NA,NA,NA,NA,NA,NA,NA,NA,NA,NA,NA,NA,NA,NA,NA,NA,NA,NA,NA,9.5,9.4,2.7,5.8,8.7,9.2,5,4.6
1970,,,,,,,NA,NA,NA,NA,NA,NA,NA,NA,NA,NA,NA,NA,NA,NA,NA,NA,NA,NA,NA,NA,NA,NA,NA,NA,NA,NA,NA,NA,NA,NA,NA,NA,NA,NA,NA,NA,NA,NA,NA,NA,NA,NA,NA,NA,NA,NA,NA,NA,NA,NA,NA,NA,NA,NA,NA,NA,NA,NA,NA,NA,NA,NA,NA,NA,NA,NA,NA,NA,0.688172861,0.83924195,NA,NA,NA,NA,NA,NA,0.537155289,0.94575682,NA,NA,NA,NA,NA,NA,NA,NA,NA,NA,NA,NA,NA,NA,NA,NA,NA,NA,NA,NA,NA,NA,NA,NA,NA,NA,NA,NA,NA,NA,NA,NA,0.834585674,0.805311223,NA,0.005673335,NA,NA,NA,NA,NA,NA,NA,NA,NA,NA,NA,NA,NA,NA,NA,NA,NA,NA,NA,NA,NA,NA,NA,NA,NA,NA,NA,NA,NA,NA,NA,NA,NA,NA,NA,NA,NA,NA,NA,NA,NA,NA,NA,NA,NA,NA,NA,NA,NA,NA,NA,NA,NA,NA,NA,NA,NA,NA,NA,NA,NA,NA,NA,NA,NA,NA,NA,NA,9.7,10.1,1,3.9,8.9,10.4,4.4,5.4
1971,,,,,,,NA,NA,NA,NA,NA,NA,NA,NA,NA,NA,NA,NA,NA,NA,NA,NA,NA,NA,NA,NA,NA,NA,NA,NA,NA,NA,NA,NA,NA,NA,NA,NA,NA,NA,NA,NA,NA,NA,NA,NA,NA,NA,NA,NA,NA,NA,NA,NA,NA,NA,NA,NA,NA,NA,NA,NA,NA,NA,NA,NA,NA,NA,NA,NA,NA,NA,NA,NA,0.924411306,1.113312722,NA,NA,NA,NA,NA,NA,0.543572239,0.800606583,NA,NA,NA,NA,NA,NA,NA,NA,NA,NA,NA,NA,NA,NA,NA,NA,NA,NA,NA,NA,NA,NA,NA,NA,NA,NA,NA,NA,NA,NA,NA,NA,1.078757022,1.130956849,NA,0.005673335,NA,NA,NA,NA,NA,NA,NA,NA,NA,NA,NA,NA,NA,NA,NA,NA,NA,NA,NA,NA,NA,NA,NA,NA,NA,NA,NA,NA,NA,NA,NA,NA,NA,NA,NA,NA,NA,NA,NA,NA,NA,NA,NA,NA,NA,NA,NA,NA,NA,NA,NA,NA,NA,NA,NA,NA,NA,NA,NA,NA,NA,NA,NA,NA,NA,NA,NA,NA,7.6,7.7,3.1,6.1,6.8,11.2,4.3,6.5
1972,,,,,,,NA,NA,NA,NA,NA,NA,NA,NA,NA,NA,NA,NA,NA,NA,NA,NA,NA,NA,NA,NA,NA,NA,NA,NA,NA,NA,NA,NA,NA,NA,NA,NA,NA,NA,NA,NA,NA,NA,NA,NA,NA,NA,NA,NA,NA,NA,NA,NA,NA,NA,NA,NA,NA,NA,NA,NA,NA,NA,NA,NA,NA,NA,NA,NA,NA,NA,NA,NA,0.558755278,0.712190407,NA,NA,NA,NA,NA,NA,0.677498807,1.162672796,NA,NA,0.590485601,NA,NA,NA,NA,NA,NA,NA,NA,NA,NA,NA,NA,NA,NA,NA,NA,NA,NA,NA,NA,NA,NA,NA,NA,NA,NA,NA,NA,NA,1.038728933,1.013875566,NA,0.005673335,NA,NA,NA,NA,NA,NA,NA,NA,NA,NA,NA,NA,NA,NA,NA,NA,NA,NA,NA,NA,NA,NA,NA,NA,NA,NA,NA,NA,NA,NA,NA,NA,NA,NA,NA,NA,NA,NA,NA,NA,NA,NA,NA,NA,NA,NA,NA,NA,NA,NA,NA,NA,NA,NA,NA,NA,NA,NA,NA,NA,NA,NA,NA,NA,NA,NA,NA,NA,11.3,11.7,0.2,3.2,10.5,11.8,5,7.7
1973,,,,,,,NA,NA,NA,NA,NA,NA,NA,NA,NA,NA,NA,NA,NA,NA,NA,NA,NA,NA,NA,NA,NA,NA,NA,NA,NA,NA,NA,NA,NA,NA,NA,NA,NA,NA,NA,NA,NA,NA,NA,NA,NA,NA,NA,NA,NA,NA,NA,NA,NA,NA,NA,NA,NA,NA,NA,NA,NA,NA,NA,NA,NA,NA,NA,NA,NA,NA,NA,NA,0.679955872,0.879571197,NA,NA,NA,NA,NA,NA,0.628413744,0.953230418,NA,NA,0.880199511,NA,NA,NA,NA,NA,NA,NA,NA,NA,NA,NA,NA,NA,NA,NA,NA,NA,NA,NA,NA,NA,NA,NA,NA,NA,NA,NA,NA,3.98,1.22886236,1.216640664,NA,0.005673335,NA,NA,NA,NA,NA,NA,NA,NA,NA,NA,NA,NA,NA,NA,NA,NA,NA,NA,NA,NA,NA,NA,NA,NA,NA,NA,NA,NA,NA,NA,NA,NA,NA,NA,NA,NA,NA,NA,NA,NA,NA,NA,NA,NA,NA,NA,NA,NA,NA,NA,NA,NA,NA,NA,NA,NA,NA,NA,NA,NA,NA,NA,NA,NA,NA,NA,NA,NA,11.7,12.2,1.8,4.8,10.9,10.6,5.2,5.2
1974,,,,,,,NA,NA,NA,NA,NA,NA,NA,NA,NA,NA,NA,NA,NA,NA,NA,NA,NA,NA,NA,NA,NA,NA,NA,NA,NA,NA,NA,NA,NA,NA,NA,NA,NA,NA,NA,NA,NA,NA,NA,NA,NA,NA,NA,NA,NA,NA,NA,NA,NA,NA,NA,NA,NA,NA,NA,NA,NA,NA,NA,NA,NA,NA,NA,NA,NA,NA,NA,NA,0.484802374,0.689848423,NA,NA,NA,NA,NA,NA,0.722680387,0.925932468,NA,NA,0.664745552,NA,NA,NA,NA,NA,NA,NA,NA,NA,NA,NA,NA,NA,NA,NA,NA,NA,NA,NA,NA,NA,NA,NA,NA,NA,NA,NA,NA,2.62,0.586411517,0.514189384,NA,0.005673335,NA,NA,NA,NA,NA,NA,NA,NA,NA,NA,NA,NA,NA,NA,NA,NA,NA,NA,NA,NA,NA,NA,NA,NA,NA,NA,NA,NA,NA,NA,NA,NA,NA,NA,NA,NA,NA,NA,NA,NA,NA,NA,NA,NA,NA,NA,NA,NA,NA,NA,NA,NA,NA,NA,NA,NA,NA,NA,NA,NA,NA,NA,NA,NA,NA,NA,NA,NA,9.5,9.9,3,6.1,8.7,10.2,5,5.7
1975,,,,,,,NA,NA,NA,NA,NA,NA,NA,NA,NA,NA,NA,NA,NA,NA,NA,NA,NA,NA,NA,NA,NA,NA,NA,NA,NA,NA,NA,NA,NA,NA,NA,NA,NA,NA,NA,NA,NA,NA,NA,NA,NA,NA,NA,NA,NA,NA,NA,NA,NA,NA,NA,NA,NA,NA,NA,NA,NA,NA,NA,NA,NA,NA,NA,NA,NA,NA,NA,NA,0.645033667,0.950825896,NA,NA,NA,NA,NA,NA,0.593982324,0.786083698,NA,NA,0.96893191,NA,NA,NA,NA,NA,NA,NA,NA,NA,NA,NA,NA,NA,NA,NA,NA,NA,NA,NA,NA,NA,NA,NA,NA,NA,NA,NA,0.02832627,3.76,0.958672753,1.089188939,NA,0.005673335,NA,NA,NA,NA,NA,NA,NA,NA,NA,NA,NA,NA,NA,NA,NA,NA,NA,NA,NA,NA,NA,NA,NA,NA,NA,NA,NA,NA,NA,NA,NA,NA,NA,NA,NA,NA,NA,NA,NA,NA,NA,NA,NA,NA,NA,NA,NA,NA,NA,NA,NA,NA,NA,NA,NA,NA,NA,NA,NA,NA,NA,NA,NA,NA,NA,NA,NA,NA,6.7,6.9,3.5,6.5,5.9,11.5,3.6,5.7
1976,,,,,,,NA,NA,NA,NA,NA,NA,NA,NA,NA,NA,NA,NA,NA,NA,NA,NA,NA,NA,NA,NA,NA,NA,NA,NA,NA,NA,NA,NA,NA,NA,NA,NA,NA,NA,NA,NA,NA,NA,NA,NA,NA,NA,NA,NA,NA,NA,NA,NA,NA,NA,NA,NA,NA,NA,NA,NA,NA,NA,NA,NA,NA,NA,NA,NA,NA,NA,NA,NA,0.519724579,0.782453413,NA,NA,NA,NA,NA,NA,0.574351051,0.812644047,NA,NA,0.723943717,0.848966218,NA,NA,NA,NA,NA,NA,NA,NA,NA,NA,NA,NA,NA,NA,NA,NA,NA,NA,NA,NA,NA,NA,NA,NA,NA,NA,0.02832627,3.039152,0.612429775,0.625471422,NA,0.005673335,NA,NA,NA,NA,NA,NA,NA,NA,NA,NA,NA,NA,NA,NA,NA,NA,NA,NA,NA,NA,NA,NA,NA,NA,NA,NA,NA,NA,NA,NA,NA,NA,NA,NA,NA,NA,NA,NA,NA,NA,NA,NA,NA,NA,NA,NA,NA,NA,NA,NA,NA,NA,NA,NA,NA,NA,NA,NA,NA,NA,NA,NA,NA,NA,NA,NA,NA,NA,8.2,8.2,1.2,4.2,7.4,10.4,5.2,5.3
1977,,,,,,,NA,NA,NA,NA,NA,NA,NA,NA,NA,NA,NA,NA,NA,NA,NA,NA,NA,NA,NA,NA,NA,NA,NA,NA,NA,NA,NA,NA,NA,NA,NA,NA,NA,NA,NA,NA,NA,NA,NA,NA,NA,NA,NA,NA,NA,NA,NA,NA,NA,NA,NA,NA,NA,NA,NA,NA,NA,NA,NA,NA,NA,NA,NA,NA,NA,NA,NA,NA,0.817590444,1.178160693,NA,NA,NA,NA,NA,NA,0.537174116,0.847513812,NA,NA,0.815941023,1.014479966,NA,NA,NA,NA,NA,NA,NA,NA,NA,NA,NA,NA,NA,NA,NA,NA,NA,NA,NA,NA,NA,0.00261976,NA,NA,NA,NA,0.02832627,3.608949,1.102773876,1.225079477,NA,5.673335324,NA,NA,NA,NA,NA,NA,NA,NA,NA,NA,NA,NA,NA,NA,NA,NA,NA,NA,NA,NA,NA,NA,NA,NA,NA,NA,NA,NA,0.7151609,NA,NA,2.207389499,NA,NA,NA,NA,NA,NA,NA,NA,NA,NA,NA,NA,NA,NA,NA,NA,NA,NA,NA,NA,NA,NA,NA,NA,NA,NA,NA,NA,NA,NA,NA,NA,NA,NA,NA,NA,8.5,8.6,3.5,6.5,7.7,10.8,3.9,6.6
1978,,,,,,,NA,NA,NA,NA,NA,NA,NA,NA,NA,NA,NA,NA,NA,NA,NA,NA,NA,NA,NA,NA,NA,NA,NA,NA,NA,NA,NA,NA,NA,NA,NA,NA,NA,NA,NA,NA,NA,NA,NA,NA,NA,NA,NA,NA,NA,NA,NA,NA,NA,NA,NA,NA,NA,NA,NA,NA,NA,NA,NA,NA,NA,NA,NA,NA,NA,NA,NA,NA,0.883326359,1.161348168,NA,NA,1.153234415,NA,NA,NA,0.617996335,0.876565307,0.001997242,NA,0.795458412,0.909426902,NA,NA,NA,NA,NA,NA,NA,NA,NA,NA,NA,NA,NA,NA,NA,NA,NA,NA,NA,NA,NA,0.00261976,NA,NA,NA,NA,0.02832627,3.424358,1.032724719,1.00029235,NA,5.673335324,NA,NA,NA,NA,NA,NA,NA,NA,NA,NA,NA,NA,NA,NA,NA,NA,NA,NA,NA,NA,NA,NA,NA,NA,NA,NA,NA,NA,0.8528777,1.0457175,NA,0.002207389,NA,NA,NA,NA,NA,NA,NA,NA,NA,NA,NA,NA,NA,NA,NA,NA,NA,NA,NA,NA,NA,NA,NA,NA,NA,NA,NA,NA,NA,NA,NA,NA,NA,NA,NA,NA,10,9.3,2.3,5.3,9.2,11.7,4.3,7.1
1979,,,,,,,NA,NA,NA,NA,NA,NA,NA,NA,NA,NA,NA,NA,NA,NA,NA,NA,NA,NA,NA,NA,NA,NA,NA,NA,NA,NA,NA,NA,NA,NA,NA,NA,NA,NA,NA,NA,NA,NA,NA,NA,NA,NA,NA,NA,NA,NA,NA,NA,NA,NA,NA,NA,NA,NA,NA,NA,NA,NA,NA,NA,NA,NA,NA,NA,NA,NA,NA,NA,0.682010119,0.936517877,NA,NA,1.008806576,0.946563408,NA,NA,0.756850206,0.92547683,1.997241904,NA,0.832376275,0.928952885,NA,NA,0.752755623,NA,NA,NA,NA,NA,NA,NA,NA,NA,NA,NA,NA,NA,NA,NA,NA,NA,NA,0.00261976,NA,NA,NA,NA,0.02832627,3.513887,0.804564607,0.794237662,NA,0.005673335,NA,NA,NA,NA,NA,NA,NA,NA,NA,NA,NA,NA,NA,NA,NA,NA,NA,NA,NA,NA,NA,NA,NA,NA,NA,NA,NA,NA,0.7139529,0.8135566,NA,0.002207389,NA,NA,NA,NA,NA,NA,NA,NA,NA,NA,NA,NA,NA,NA,NA,NA,NA,NA,NA,NA,NA,NA,NA,NA,NA,NA,NA,NA,NA,NA,NA,NA,NA,NA,NA,NA,10.3,10.4,1.8,4.8,9.5,12.1,5.9,6.8
1980,,,,,,,NA,NA,NA,NA,NA,NA,NA,NA,NA,NA,NA,NA,NA,NA,NA,NA,NA,NA,NA,NA,NA,NA,NA,NA,NA,NA,NA,NA,NA,NA,NA,NA,NA,NA,NA,NA,NA,NA,NA,NA,NA,NA,NA,NA,NA,NA,NA,NA,NA,NA,NA,NA,NA,NA,NA,NA,NA,NA,NA,NA,NA,NA,NA,NA,NA,NA,NA,NA,0.589568988,0.832263906,NA,NA,0.910333049,0.906755855,NA,NA,0.792050734,0.919879439,1.426413773,NA,0.704497888,0.939062166,NA,NA,0.55202079,NA,NA,NA,NA,NA,NA,NA,NA,NA,NA,NA,NA,NA,NA,NA,NA,NA,NA,0.00261976,NA,NA,NA,NA,0.02832627,3.371131,0.975660402,1.131520831,NA,0.004053592,NA,NA,NA,NA,NA,NA,NA,NA,NA,NA,NA,NA,NA,NA,NA,NA,NA,NA,NA,NA,NA,NA,NA,NA,NA,NA,NA,NA,0.832341,1.0259986,NA,2.207389499,NA,NA,NA,NA,NA,NA,NA,NA,NA,NA,NA,NA,NA,NA,NA,NA,NA,NA,NA,NA,NA,NA,NA,NA,NA,NA,NA,NA,NA,NA,NA,NA,NA,NA,NA,NA,10.7,10.1,2.6,5.6,9.9,9.9,4.3,5.5
1981,,,,,,,NA,NA,NA,NA,NA,NA,NA,NA,NA,NA,NA,NA,NA,NA,NA,NA,NA,NA,NA,NA,NA,NA,NA,NA,NA,NA,NA,NA,NA,NA,NA,NA,NA,NA,NA,NA,NA,NA,NA,NA,NA,NA,NA,NA,NA,NA,NA,NA,NA,NA,NA,NA,NA,NA,NA,NA,NA,NA,NA,NA,NA,NA,NA,NA,NA,NA,NA,NA,0.87510937,1.171242287,NA,NA,0.991300171,1.027722505,NA,NA,0.697712703,0.86630906,0.002424036,NA,0.908344967,1.035710003,NA,NA,0.985751411,1.210665423,NA,NA,NA,NA,NA,NA,NA,NA,NA,NA,NA,NA,NA,NA,NA,NA,NA,0.00261976,NA,NA,NA,NA,0.02624966,3.878773,0.777793041,0.588286323,NA,1.219761281,NA,NA,NA,NA,NA,NA,NA,NA,NA,NA,NA,NA,NA,NA,NA,NA,NA,NA,NA,NA,NA,NA,NA,NA,0.7781221,0.7781221,0.018654885,0.003445774,0.6825438,0.7960511,NA,0.002207389,NA,NA,NA,NA,NA,NA,NA,NA,NA,NA,NA,NA,NA,NA,NA,NA,NA,NA,NA,NA,NA,NA,NA,NA,NA,NA,NA,NA,NA,NA,NA,NA,NA,NA,NA,NA,8,8.3,3.1,6.1,7.2,9.8,4,5.1
1982,,,,,,,NA,NA,NA,NA,NA,NA,NA,NA,NA,NA,NA,NA,NA,NA,NA,NA,NA,NA,NA,NA,NA,NA,NA,NA,NA,NA,NA,NA,NA,NA,NA,NA,NA,NA,NA,NA,NA,NA,NA,NA,NA,NA,NA,NA,NA,NA,NA,NA,NA,NA,NA,NA,NA,NA,NA,NA,NA,NA,NA,NA,NA,NA,NA,NA,NA,NA,NA,NA,0.932628295,1.114064629,NA,NA,0.772470111,0.776003945,NA,NA,0.892309696,1.020982815,1.426413773,NA,0.850943613,0.963631184,NA,NA,0.690438907,1.119599947,NA,NA,NA,NA,NA,NA,NA,NA,NA,NA,NA,NA,NA,NA,NA,NA,NA,0.00261976,NA,NA,NA,NA,0.02624966,3.707063,0.89393899,0.992192026,NA,0.004053592,NA,NA,NA,NA,NA,NA,NA,NA,NA,NA,NA,NA,NA,NA,NA,NA,NA,NA,NA,NA,NA,NA,NA,NA,0.85747,0.85747,0.018654885,0.003445774,0.6511347,0.8660567,NA,0.002207389,NA,NA,NA,NA,NA,NA,NA,NA,NA,NA,NA,NA,NA,NA,NA,NA,NA,NA,NA,NA,NA,NA,NA,NA,NA,NA,NA,NA,NA,NA,NA,NA,NA,NA,NA,NA,8.6,9,2.7,5.7,7.8,11.6,3.9,6.6
1983,,,,,,,NA,NA,NA,NA,NA,NA,NA,NA,NA,NA,NA,NA,NA,NA,NA,NA,NA,NA,NA,NA,NA,NA,NA,NA,NA,NA,NA,NA,NA,NA,NA,NA,NA,NA,NA,NA,NA,NA,NA,NA,NA,NA,NA,NA,NA,NA,NA,NA,NA,NA,NA,NA,NA,NA,NA,NA,NA,NA,NA,NA,NA,NA,NA,NA,NA,NA,NA,NA,0.922357059,1.053314966,NA,NA,1.094150299,1.186571972,1.997669386,NA,0.786353848,0.902085576,0.002734389,NA,0.765775439,0.910427918,NA,NA,0.864290569,1.072339244,NA,NA,NA,NA,NA,NA,NA,NA,NA,NA,NA,NA,NA,NA,NA,NA,NA,2.619760479,NA,NA,NA,NA,0.02314024,3.316992,0.801771663,0.836442154,NA,0.004053592,NA,NA,NA,NA,NA,NA,NA,NA,NA,NA,NA,NA,NA,NA,NA,NA,NA,NA,NA,NA,NA,NA,NA,NA,0.6219857,0.6219857,0.018654885,0.003445774,0.7369057,0.973092,NA,2.207389499,NA,NA,NA,NA,NA,NA,NA,NA,NA,NA,NA,NA,NA,NA,NA,NA,NA,NA,NA,NA,NA,NA,NA,NA,NA,NA,NA,NA,NA,NA,NA,NA,NA,NA,NA,NA,8.5,8.9,1.3,4.4,7.6,10.7,4.9,5.8
1984,,,,,,,NA,NA,NA,NA,NA,NA,NA,NA,NA,NA,NA,NA,NA,NA,NA,NA,NA,NA,NA,NA,NA,NA,NA,NA,NA,NA,NA,NA,NA,NA,NA,NA,NA,NA,NA,NA,NA,NA,NA,NA,NA,NA,NA,NA,NA,NA,NA,NA,NA,NA,NA,NA,NA,NA,NA,NA,NA,NA,NA,NA,NA,NA,NA,NA,NA,NA,NA,NA,0.799102218,0.951173596,NA,NA,1.302038856,1.263795405,0.001997669,NA,0.731592643,0.845395878,0.002734389,NA,0.593425793,0.705376859,NA,NA,0.757867599,0.842817073,NA,NA,NA,NA,NA,NA,NA,NA,NA,NA,NA,NA,NA,NA,NA,NA,NA,0.00261976,NA,NA,NA,NA,0.02169065,2.725376,0.806648779,0.793021872,NA,0.834728259,NA,NA,NA,NA,NA,NA,NA,NA,NA,NA,NA,NA,NA,NA,NA,NA,NA,NA,NA,NA,NA,NA,NA,NA,0.3737034,0.3737034,0.018654885,0.003445774,0.6849599,0.8630781,NA,0.002207389,NA,NA,NA,NA,NA,NA,NA,NA,NA,NA,NA,NA,NA,NA,NA,NA,NA,NA,NA,NA,NA,NA,NA,NA,NA,NA,NA,NA,NA,NA,NA,NA,NA,NA,NA,NA,7.4,7.5,4.3,7.3,6.5,10.3,4.5,5.7
1985,,,,,,,NA,NA,NA,NA,NA,NA,NA,NA,NA,NA,NA,NA,NA,NA,NA,NA,NA,NA,NA,NA,NA,NA,NA,NA,NA,NA,NA,NA,NA,NA,NA,NA,NA,NA,NA,NA,NA,NA,NA,NA,NA,NA,NA,NA,NA,NA,NA,NA,NA,NA,NA,NA,NA,NA,NA,NA,NA,NA,NA,NA,NA,NA,NA,NA,NA,NA,NA,NA,0.868946628,1.04550167,NA,NA,0.991300171,0.868613272,0.001997669,NA,0.854052238,0.985835849,0.952060881,NA,0.697822162,0.866679764,NA,NA,0.683124611,0.877722551,NA,NA,NA,NA,NA,NA,NA,NA,NA,NA,NA,NA,NA,NA,NA,NA,NA,0.00261976,NA,NA,NA,NA,0.02169065,3.150058,0.800949063,0.813782132,NA,0.003627327,NA,NA,NA,NA,NA,NA,NA,NA,NA,NA,NA,NA,NA,NA,NA,NA,NA,NA,NA,NA,NA,NA,NA,NA,0.8421124,0.8421124,0.018654885,0.003445774,0.9688498,1.182136,NA,1.104638146,0.7328986,NA,0.01673228,0.00339186,NA,NA,NA,NA,NA,NA,NA,NA,NA,NA,NA,NA,NA,NA,NA,NA,NA,NA,NA,NA,NA,NA,NA,NA,NA,NA,NA,NA,NA,NA,NA,NA,10.3,10.3,3.3,6.3,9.5,10.1,5.1,6
1986,,,,,,,NA,NA,NA,NA,NA,NA,NA,NA,NA,NA,NA,NA,NA,NA,NA,NA,NA,NA,NA,NA,NA,NA,NA,NA,NA,NA,NA,NA,NA,NA,NA,NA,NA,NA,NA,NA,NA,NA,NA,NA,NA,NA,NA,NA,NA,NA,NA,NA,NA,NA,NA,NA,NA,NA,NA,NA,NA,NA,NA,NA,NA,NA,NA,NA,NA,NA,NA,NA,0.959333511,1.068175412,NA,NA,0.922798808,1.19834596,0.001997669,NA,0.72940118,0.804350912,0.708970286,NA,0.925975234,1.0869174,NA,NA,0.794202314,1.033471857,NA,NA,0.767606136,NA,NA,NA,NA,NA,NA,NA,NA,NA,NA,NA,NA,NA,NA,0.00261976,0.839391378,0.839391378,NA,0.0036557,0.13039169,4.250264,0.965144079,1.023168271,NA,0.425352497,NA,NA,NA,NA,NA,NA,NA,NA,NA,NA,NA,NA,NA,NA,NA,NA,NA,NA,NA,NA,NA,NA,NA,NA,1.0238448,1.0238448,0.018654885,0.003445774,0.7839946,1.0068515,NA,0.631232005,0.4900112,0.6238304,0.01673228,0.00339186,NA,NA,NA,NA,NA,NA,NA,NA,NA,NA,NA,NA,NA,NA,NA,NA,NA,NA,NA,NA,NA,NA,NA,NA,NA,NA,NA,NA,NA,NA,NA,NA,8.8,8.9,2,5.1,8,11.1,4.7,6.5
1987,,,,,,,NA,NA,NA,NA,NA,NA,NA,NA,NA,NA,NA,NA,NA,NA,NA,NA,NA,NA,NA,NA,NA,NA,NA,NA,NA,NA,NA,NA,NA,NA,NA,NA,NA,NA,NA,NA,NA,NA,NA,NA,NA,NA,NA,NA,NA,NA,NA,NA,NA,NA,NA,NA,NA,NA,NA,NA,NA,NA,NA,NA,NA,NA,NA,NA,NA,NA,NA,NA,0.723095066,0.796125743,NA,NA,0.891482284,1.012830141,1.997669386,NA,0.831220319,0.960938773,0.002757712,NA,0.793442604,0.86620893,NA,NA,0.585541051,0.737071471,NA,NA,0.600428113,0.744553434,NA,NA,NA,NA,NA,NA,0.601237843,NA,NA,NA,NA,NA,NA,0.00261976,1.032121724,1.032121724,NA,0.0036557,0.97146456,3.512825,0.922360206,0.904789836,NA,0.813125529,NA,NA,NA,NA,NA,NA,NA,NA,NA,NA,NA,NA,NA,NA,NA,NA,NA,NA,NA,NA,NA,NA,NA,NA,0.8267547,0.8267547,0.018654885,0.003445774,0.7111629,0.840689,NA,0.002930118,0.8119782,1.0674853,0.01673228,0.00339186,NA,NA,NA,NA,NA,NA,NA,NA,NA,NA,NA,NA,NA,NA,NA,NA,NA,NA,NA,NA,NA,NA,NA,NA,NA,NA,NA,NA,NA,NA,NA,NA,7.6,7.4,2.2,5.2,6.8,11.8,3.8,6.9
1988,,,,,,,NA,NA,NA,NA,NA,NA,NA,NA,NA,NA,NA,NA,NA,NA,NA,NA,NA,NA,11.01214286,6.186419355,-2.0859,-7.310677419,-10.15533333,-12.93548387,NA,NA,NA,NA,NA,NA,6.272892857,2.293935484,-6.620266667,-12.9936129,-22.80833333,-32.09,NA,NA,NA,NA,NA,NA,9.712392857,5.567483871,-3.5876,-9.554741935,-19.532,-27.9116129,NA,NA,NA,NA,NA,NA,6.272892857,2.293935484,-6.620266667,-12.9936129,-22.80833333,-32.09,NA,NA,NA,NA,NA,NA,NA,NA,0.702552593,0.8290056,NA,NA,0.832204647,0.945192396,0.001997669,NA,0.760325943,0.839250336,0.648688123,1.23248462,0.866599918,0.942474399,NA,1.609249946,0.810836202,1.08878732,NA,0.015636977,0.782657063,0.906559704,NA,NA,NA,NA,NA,NA,0.630610717,0.718048011,NA,NA,NA,NA,NA,0.00261976,0.983939138,0.983939138,NA,0.0036557,0.85935325,3.865325,1.187844584,1.147452875,NA,0.712439494,NA,NA,NA,NA,NA,NA,NA,NA,NA,NA,NA,NA,NA,NA,NA,NA,NA,NA,NA,NA,NA,NA,NA,NA,1.154385,1.154385,0.018654885,0.003445774,0.6120303,0.7883719,NA,0.002930118,0.7760388,0.8231388,0.01600537,2.433427984,NA,NA,NA,NA,NA,NA,NA,NA,NA,NA,NA,NA,NA,NA,NA,NA,NA,NA,NA,NA,NA,NA,NA,NA,NA,NA,NA,NA,NA,NA,NA,NA,11.1,11.1,2.5,5.3,10.3,11.9,4.9,6.8
1989,,,,,,,NA,NA,NA,NA,NA,NA,NA,NA,NA,NA,NA,NA,-16.69483871,-18.47857143,-18.82032258,-17.04366667,-13.29193548,-0.9582,8.774555556,4.529516129,-0.200166667,-2.811451613,-11.748,-12.69935484,-37.67709677,-35.23642857,-34.82096774,-23.092,-11.37048387,1.496344828,7.109777778,3.058193548,-7.130266667,-18.95387097,-24.24866667,-27.01032258,-33.78903226,-31.08678571,-30.74193548,-17.65143333,-3.828580645,6.4114,10.64911111,6.124290323,-4.2236,-16.00470968,-20.4776,-23.45677419,-37.67709677,-35.23642857,-34.82096774,-23.092,-11.37048387,1.496344828,7.109777778,3.058193548,-7.130266667,-18.95387097,-24.24866667,-27.01032258,NA,NA,NA,NA,NA,NA,NA,NA,1.092859588,1.277088906,NA,NA,0.757242674,0.700780637,2.46624367,NA,0.786705759,0.94047261,0.473293707,0.745598124,0.77390791,0.862504352,NA,1.721169945,0.584056691,0.773655382,NA,0.015636977,0.630268385,0.550461809,NA,NA,NA,NA,NA,NA,0.768710521,0.813495476,NA,NA,NA,NA,NA,0.00261976,0.820513939,0.84953508,0.50213523,0.003075666,0.13860374,3.55518,0.856058506,0.861339715,NA,0.949860593,0.797525497,0.797525497,NA,NA,NA,NA,NA,NA,NA,NA,NA,NA,NA,NA,NA,NA,NA,NA,NA,NA,NA,NA,NA,NA,1.0980736,1.0980736,0.018654885,0.003445774,0.8239639,1.1445946,0.6715976,1.025254481,0.6561229,0.7240938,0.01600537,0.002433428,NA,NA,NA,NA,NA,NA,NA,NA,NA,NA,NA,NA,NA,NA,NA,NA,NA,NA,NA,NA,NA,NA,NA,NA,NA,NA,NA,NA,NA,NA,NA,NA,7.2,7.6,2.2,5.2,6.4,12.6,4.4,7.3
1990,,,,,,,NA,NA,NA,NA,NA,NA,NA,NA,NA,NA,NA,NA,-15.48870968,-18.97928571,-22.19896552,NA,NA,NA,8.3991,6.238483871,0.363333333,-2.60416129,-8.6791,-12.84419355,-29.35419355,-33.19928571,-30.68322581,-18.90366667,-4.870806452,5.246266667,6.229225806,4.519935484,-5.374233333,-21.08645161,-28.91933333,-28.51548387,-25.95580645,-29.51142857,-26.73709677,-13.8629,-0.749322581,8.3246,9.385774194,7.519451613,-2.216333333,-17.42741935,-25.635,-24.57119355,-29.35419355,-33.19928571,-30.68322581,-18.90366667,-4.870806452,5.246266667,6.229225806,4.519935484,-5.374233333,-21.08645161,-28.91933333,-28.51548387,NA,NA,NA,NA,NA,NA,NA,NA,0.667630388,0.751580782,NA,NA,0.71316301,0.85948872,0.001467409,NA,0.841451042,0.989707696,0.660357015,0.008109885,0.798891053,0.8720822,NA,0.016579456,0.839739496,1.04701159,NA,0.015636977,0.733727008,0.820367609,NA,NA,NA,NA,NA,NA,0.875686728,0.91349221,NA,NA,NA,NA,NA,5.239520958,1.022702718,1.075986942,0.50213523,0.003075666,0.16201076,3.606508,0.894335615,0.968079123,1.2531309,0.819468691,0.945494065,0.945494065,NA,NA,NA,NA,NA,NA,NA,NA,NA,NA,NA,NA,NA,NA,NA,NA,NA,NA,NA,NA,NA,NA,1.0494409,1.0494409,0.018654885,3.445774392,0.8762259,0.966302,0.5049015,0.443636147,1.0634562,1.161849,0.01600537,0.002433428,NA,NA,NA,NA,NA,NA,NA,NA,NA,NA,NA,NA,NA,NA,NA,NA,NA,NA,NA,NA,NA,NA,NA,NA,NA,NA,NA,NA,NA,NA,NA,NA,9.6,9.5,3.7,6.6,8.8,12.9,5.2,8.1
1991,,,,,,,NA,NA,NA,NA,NA,NA,NA,NA,NA,NA,NA,NA,-16.00741935,-19.17535714,-19.91096774,-19.46466667,-12.39677419,5.9527,11.11516129,6.02383871,0.712333333,-3.694806452,-10.863,-16.90709677,-30.96,-29.13892857,-28.01096774,-22.847,-6.607,3.8974,7.016451613,3.406322581,-5.677366667,-17.22483871,-21.561,-30.96741935,-27.47225806,-25.34535714,-23.56193548,-16.7594,-0.019709677,6.7042,10.3493871,6.414645161,-2.7116,-14.3093871,-17.6782,-27.56129032,-30.96,-29.13892857,-28.01096774,-22.847,-6.607,3.8974,7.016451613,3.406322581,-5.677366667,-17.22483871,-21.561,-30.96741935,NA,NA,NA,NA,NA,NA,NA,NA,0.79407687,1.065329637,NA,NA,1.050524724,1.443828661,0.001467409,NA,0.776894157,0.897324547,0.556347505,2.322189237,0.872544329,0.959707608,NA,0.015230212,0.522536549,0.844467232,NA,0.015636977,0.800809533,0.907493531,0.999880565,NA,NA,NA,NA,NA,0.775759314,0.836054211,NA,NA,NA,NA,NA,0.002426479,0.925051851,1.100359643,3.70789109,1.220064211,1.05379553,3.982367,1.042984002,1.073774215,0.4533793,0.651988979,0.82642926,0.82642926,NA,0.002329451,NA,NA,NA,NA,NA,NA,NA,NA,NA,NA,NA,NA,NA,NA,NA,NA,NA,NA,NA,NA,0.8856258,0.8856258,0.018654885,0.003445774,0.9382162,1.0096753,0.5055699,0.002554744,0.8757527,0.9959367,0.01298851,1.132146249,NA,NA,NA,NA,NA,NA,NA,NA,NA,NA,NA,NA,NA,NA,NA,NA,NA,NA,NA,NA,NA,NA,NA,NA,NA,NA,NA,NA,NA,NA,NA,NA,9,9,4.4,7.4,8.2,9.6,4.4,5.6
1992,,,,,2.712948541,3.75383871,NA,NA,NA,NA,NA,NA,NA,NA,NA,NA,NA,NA,-20.59064516,-21.90344828,-22.55419355,-20.86,-13.22574194,2.332233333,7.490333333,NA,NA,NA,NA,NA,-33.77967742,-32.66931034,-30.03032258,-23.44433333,-10.256,2.0743,4.93816129,2.65483871,-5.536666667,-14.35483871,-25.66666667,-27.42580645,-30.37580645,-28.59862069,-25.77193548,-17.58833333,-4.521258065,4.753666667,8.282935484,6.15483871,-1.936666667,-10.62258065,-21.80333333,-23.5483871,-33.77967742,-32.66931034,-30.03032258,-23.44433333,-10.256,2.0743,4.93816129,2.65483871,-5.536666667,-14.35483871,-25.66666667,-27.42580645,NA,NA,NA,NA,NA,NA,NA,NA,0.761707894,0.937864877,NA,NA,0.964333602,1.16237521,0.001467409,NA,0.765492256,0.890538776,0.481279537,0.008109885,0.838838965,0.899573561,NA,1.307267209,0.770721323,1.194184669,NA,0.015636977,0.765219594,0.876468853,1.580103727,0.015625104,0.505367465,NA,0.008928571,0.002993348,0.723714364,0.798743705,NA,NA,0.505367465,NA,NA,0.778198174,1.055247762,0.890790775,0.25626226,0.002716255,0.82611307,3.850184,0.987450948,0.992072847,0.5080414,0.230001691,0.941647983,0.941647983,NA,2.329450915,NA,NA,NA,NA,NA,NA,NA,NA,NA,NA,NA,NA,NA,NA,NA,NA,NA,NA,NA,NA,1.1390273,1.1390273,0.018654885,3.445774392,0.9024117,0.9255267,0.5055699,0.316705688,0.8940322,0.9228677,0.01298851,0.493830835,NA,NA,NA,NA,NA,NA,NA,NA,NA,NA,NA,NA,NA,NA,NA,NA,NA,NA,NA,NA,NA,NA,NA,NA,NA,NA,NA,NA,NA,NA,NA,NA,7.6,7.3,1.7,4.7,6.8,11.7,4.3,6.9
1993,4.125585714,2.44831111,7.840827957,9.662935484,2.866262673,3.782463594,8.875,11.095238,NA,NA,3.839286,11.5892857,47.7125,NA,NA,NA,41.475,NA,NA,NA,NA,NA,NA,10.0678125,12.46032258,5.813903226,0.544233333,-1.351967742,-10.84976667,-19.54258065,-31.67419355,-29.5,-32.18064516,-18.71666667,-5.874193548,3.682533333,7.210580645,2.791645161,-6.363433333,-14.78412903,-29.102,-30.6683871,-27.73548387,-25.58571429,-28.22903226,-14.91666667,-2.261290323,6.967433333,10.26674194,5.698645161,-3.925166667,-12.17458065,-25.92966667,-27.55677419,-31.67419355,-29.5,-32.18064516,-18.71666667,-5.874193548,3.682533333,7.210580645,2.791645161,-6.363433333,-14.78412903,-29.102,-30.6683871,NA,NA,NA,NA,NA,NA,NA,NA,0.856095284,0.909483716,NA,NA,0.961711425,1.135455702,1.467408978,NA,0.764909429,0.926137872,0.574414824,1.014379931,0.845026865,0.947645448,NA,0.978121212,0.626257326,0.838000164,1.372327711,0.015636977,0.673939099,0.724491658,0.6435388,0.016068935,0.778592812,1.079338055,2.159026117,0.002676669,0.915906955,0.980079337,0.009130335,1.106634386,0.778592812,1.079338055,0.008588266,0.874806719,0.686003648,0.863587131,0.25626226,0.626042144,0.57588965,3.876674,0.903029741,0.918222637,0.5080414,0.325362752,0.942087184,0.942087184,NA,0.002329451,NA,NA,NA,NA,NA,NA,NA,NA,0.864613,NA,0.008600728,0.003242704,NA,NA,NA,NA,NA,NA,NA,NA,0.9086623,0.9086623,0.018654885,0.003445774,0.8009167,0.8431202,2.9685877,0.3469556,0.7071474,0.6890085,0.01298851,1.036359905,NA,NA,NA,NA,NA,NA,NA,NA,NA,NA,NA,NA,NA,NA,NA,NA,NA,NA,NA,NA,NA,NA,NA,NA,NA,NA,NA,NA,NA,NA,NA,NA,10.4,10.3,2.7,5.6,9.6,13.1,5.1,8.6
1994,4.963911905,3.56143095,7.027710829,9.3261787,4.205556836,5.091949821,NA,1.722222,NA,NA,0,0.2142857,27.1375,NA,NA,NA,27.45,NA,-19.74322581,-20.80678571,-24.89903226,-20.526,-8.396451613,4.957,9.149903226,6.832741935,0.7328,-6.64516129,-13.44366667,-18.44580645,-25.37741935,-26.13821429,-31.63322581,-20.511,-5.359774194,4.272166667,6.034548387,4.14416129,-5.092366667,-17.64741935,-23.77366667,-31.57483871,-21.9116129,-22.32607143,-27.87548387,-15.12833333,-0.979064516,7.036,9.620483871,7.488064516,-2.314233333,-15.20370968,-20.792,-28.28451613,-25.37741935,-26.13821429,-31.63322581,-20.511,-5.359774194,4.272166667,6.034548387,4.14416129,-5.092366667,-17.64741935,-23.77366667,-31.57483871,168.9818182,186.3478261,NA,198.6666667,170.3773585,187.9,NA,200.2820513,0.722446781,0.936988362,1.041633539,NA,0.733329692,0.768333413,0.001467409,NA,0.869057819,0.9764171,1.192238805,1.131722671,0.835438262,0.94074311,NA,0.738816896,0.787201826,1.013226856,0.798008502,0.014520526,0.700372212,0.767350344,0.389904634,0.01708124,0.784746886,0.769401861,0.006365749,0.999401121,0.713416345,0.713416345,0.007471165,1.651636673,0.784746886,0.769401861,0.008588266,0.002426479,0.831025866,0.854273479,3.63322687,0.418342952,0.29743628,4.051744,0.953473327,0.979687963,3.326232,0.3628581,0.916192396,0.916192396,NA,0.002329451,0.713396718,NA,0.014283788,0.004049227,NA,NA,NA,NA,0.6982622,NA,0.008600728,3.242703916,NA,NA,NA,NA,NA,NA,NA,NA,1.18766,1.18766,0.018654885,0.003445774,0.837604,0.7040888,0.4368334,0.317425695,0.7835454,0.6788566,0.01298851,0.493830835,NA,NA,NA,NA,NA,NA,NA,NA,NA,NA,NA,NA,NA,NA,NA,NA,NA,NA,NA,NA,NA,NA,NA,NA,NA,NA,NA,NA,NA,NA,NA,NA,9.1,9.2,2.6,5.6,8.2,12.7,4.7,7.1
1995,5.1081875,3.04770016,8.215555556,9.198389706,5.755804211,6.200407258,17.393333,25.14,NA,NA,21.619048,28.1309524,19.61306,NA,NA,NA,20.72563,NA,-20.40129032,-22.92607143,-24.29032258,-18.382,-12.32645161,5.249366667,10.56554839,6.971419355,0.9507,0.143419355,-3.886566667,-11.78387097,-31.50096774,-32.15107143,-32.08225806,-14.26093333,-5.039806452,4.2659,6.399129032,4.336677419,-4.172566667,-16.32870968,-18.56173333,-29.15451613,-27.73903226,-28.17071429,-28.76032258,-9.291933333,0.822225806,7.5819,9.915387097,7.552483871,-1.270866667,-13.68712903,-15.14453333,-25.53774194,-31.50096774,-32.15107143,-32.08225806,-14.26093333,-5.039806452,4.2659,6.399129032,4.336677419,-4.172566667,-16.32870968,-18.56173333,-29.15451613,169.5142857,183.5294118,NA,199.3225806,172.0344828,192.72,NA,204.04,0.578657026,0.663604454,0.001041634,0.66942331,1.032424964,1.25068435,0.001467409,NA,0.825955657,0.918995457,0.822899392,1.749089588,0.836986434,0.931797164,NA,0.344350397,0.731133431,0.898532325,0.45090831,0.014520526,0.823401708,0.920712276,0.66727194,0.01708124,1.059657308,1.12070062,0.006365749,0.002616199,0.877387685,0.839321354,2.570281492,0.002387837,1.059657308,1.12070062,0.008588266,1.748060212,0.934921131,0.944216916,0.15048901,2.014176201,0.25418578,4.068865,0.922006354,0.955846746,1.2066034,0.858982719,0.864131354,0.864131354,NA,4.157990611,0.854045878,0.918484008,0.012168903,1.042447191,0.954815482,0.954815482,0.002661934,4.153513873,0.7126382,NA,0.008600728,0.003242704,NA,NA,NA,NA,NA,NA,NA,NA,1.3361175,1.3361175,0.018654885,3.445774392,0.9121432,0.9748679,0.3829753,0.505170176,0.8655807,0.8894009,0.01298851,0.002657023,NA,NA,NA,NA,NA,NA,NA,NA,NA,NA,NA,NA,NA,NA,NA,NA,NA,NA,NA,NA,NA,NA,NA,NA,NA,NA,NA,NA,NA,NA,NA,NA,7.5,7.5,3.4,6.4,6.7,11.4,4.4,6.4
1996,-3.237225,-3.0143537,9.052083077,9.420459677,2.261414362,2.630019585,36.452632,31.628866,NA,NA,47.357143,44.8571429,NA,NA,NA,NA,NA,NA,-16.14032258,-20.52758621,-19.84935484,-17.89233333,-10.91067742,1.344766667,10.99922581,4.388806452,0.5779,-3.376967742,-11.29566667,-13.86709677,-28.98774194,-28.63413793,-29.56935484,-18.292,-6.921677419,1.4342,6.667903226,0.909903226,-6.516633333,-17.27870968,-20.18233333,-22.04451613,-25.06193548,-24.88517241,-24.97645161,-12.2927,-1.540870968,4.791,9.910064516,3.458903226,-3.7414,-14.2363871,-16.3949,-18.60290323,-28.98774194,-28.63413793,-29.56935484,-18.292,-6.921677419,1.4342,6.667903226,0.909903226,-6.516633333,-17.27870968,-20.18233333,-22.04451613,181.0384615,194.5555556,212.25,209.372093,188.119403,198.4390244,213.3684211,213.2777778,0.753651347,0.94954296,0.72161355,0.66942331,0.775078965,0.836264847,0.886218522,0.408654321,0.858634585,0.980106045,0.35908903,0.074870499,0.776054847,0.842060454,0.434261492,0.278691613,0.654014748,0.809563688,0.737070081,0.013095463,0.73872833,0.766539759,0.220629069,0.01708124,0.988825051,1.012354741,1.239874796,0.788492572,0.865098972,1.189008419,2.6460019,0.625427023,0.988825051,1.012354741,0.008588266,0.778198174,0.951918616,0.924710896,0.15048901,0.003100089,0.16764012,3.796054,0.94379252,0.983300191,2.6379789,0.850384571,0.972774533,0.972774533,NA,0.002661358,0.731147752,0.833228584,0.012168903,1.332044782,0.584984878,0.619981998,0.501330967,0.004153514,0.7229068,0.869462,0.008600728,3.242703916,NA,NA,NA,NA,NA,NA,NA,NA,0.7218106,0.7218106,0.018654885,0.003445774,0.8860805,0.9250971,0.4086307,0.581422547,1.0195952,1.0512407,0.01298851,2.657022943,NA,NA,NA,NA,NA,NA,NA,NA,NA,NA,0.001641567,0.001641216,NA,NA,NA,NA,NA,NA,NA,NA,NA,NA,NA,NA,NA,NA,NA,NA,NA,NA,NA,NA,8.5,8.4,1.9,4.9,7.7,11.6,4.3,6.9
1997,3.830214285,7.06573889,9.399694701,9.337795699,2.829225807,3.197330261,7.222222,31.777778,NA,NA,NA,NA,NA,NA,NA,NA,NA,NA,-18.05967742,-21.39785714,-21.67903226,-17.88533333,-6.313032258,5.133066667,10.30406452,4.741483871,0.646,-0.781096774,-7.096933333,-13.47258065,-30.86354839,-31.305,-27.80483871,-19.57666667,-5.505580645,4.5499,5.691,1.436451613,-8.535033333,-18.06387097,-22.89333333,-27.33935484,-27.94258065,-27.38035714,-23.3816129,-14.64916667,-1.158193548,7.4096,8.780580645,4.034741935,-5.305266667,-15.43032258,-18.389,-23.56816129,-30.86354839,-31.305,-27.80483871,-19.57666667,-5.505580645,4.5499,5.691,1.436451613,-8.535033333,-18.06387097,-22.89333333,-27.33935484,181.7333333,185.6666667,188.3333333,188.4,185,190,NA,NA,0.634643245,0.871319872,0.463696006,0.66942331,0.748769397,0.796527951,0.58766198,0.408654321,0.81832412,0.896354391,0.313787453,0.924025898,0.795425136,0.887562778,0.851998658,0.175364505,0.829386209,1.073589392,0.18432357,0.012042025,0.813624193,0.899238317,1.47575833,1.851142327,0.966348633,0.894785701,0.006365749,3.447951746,1.158220444,1.167038257,1.909576883,0.554324072,0.966348633,0.894785701,0.008588266,0.002426479,0.850188603,0.940422669,0.13258848,0.314659751,0.43059178,3.975342,0.916497787,0.881805936,0.4701399,0.940753017,1.112251059,1.112251059,NA,3.826083492,0.805539569,0.876674727,0.009675799,1.099294295,0.833814309,0.937433141,0.501330967,0.003034133,0.7742496,0.9835518,0.008600728,0.003242704,NA,NA,NA,NA,NA,NA,NA,NA,0.7791341,0.7791341,0.012971033,0.002568131,0.8326165,0.9024987,0.37198,0.966688837,0.7620493,0.830319,0.01298851,1.036359905,NA,NA,NA,NA,NA,NA,NA,NA,NA,NA,1.64156734,0.001641216,NA,NA,NA,NA,NA,NA,NA,NA,NA,NA,NA,NA,NA,NA,NA,NA,NA,NA,NA,NA,11,10.8,2.3,5.3,10.1,11.6,4.1,6.7
1998,3.527642857,4.28033651,11.95825045,10.75732258,4.353470046,4.463568548,NA,NA,NA,NA,NA,NA,NA,NA,NA,NA,NA,NA,-16.29741935,-22.23321429,-23.53290323,-18.738,-12.22967742,7.6171,12.69032258,6.42916129,0.825866667,-1.010290323,-6.2969,-11.74354839,-27.45806452,-32.09535714,-29.51903226,-18.599,-7.204064516,5.200466667,7.450419355,3.233645161,-3.260833333,-15.1426129,-19.02933333,-24.3583871,-23.72419355,-28.46392857,-25.31129032,-13.53306667,-1.848258065,8.6727,10.7626129,5.642419355,0.1731,-12.76206452,-15.51133333,-20.49387097,-27.45806452,-32.09535714,-29.51903226,-18.599,-7.204064516,5.200466667,7.450419355,3.233645161,-3.260833333,-15.1426129,-19.02933333,-24.3583871,169.5882353,184.0588235,NA,197.6122449,170.3243243,186.4444444,NA,201.6571429,0.873725734,0.96218063,0.3094232,0.504788908,0.88278137,1.017996313,0.458686367,2.780167675,0.894264542,1.01315734,0.455853137,1.86381583,0.879116739,0.937688527,1.556282063,0.463148026,0.81372925,0.971566974,0.842395809,0.010879793,0.820804805,0.897513411,0.31550469,0.014554237,0.863080029,0.894919501,0.007374609,0.002834822,1.028411159,1.066133658,0.007507347,0.384792276,0.863080029,0.894919501,4.29637704,0.002435852,0.956353149,1.003073264,0.11901212,0.852331037,0.25050347,4.416832,0.971987853,0.999595576,0.507987,1.226874654,0.869027244,0.909885082,NA,0.002661358,0.730973269,0.745322972,0.008785935,0.004131637,0.558072185,0.845951239,0.255005343,2.077714312,0.8862777,0.9882435,0.00579673,0.003118145,NA,NA,NA,NA,NA,NA,NA,NA,0.799655,0.799655,0.012971033,1.72373244,0.8152149,0.884175,0.3414172,0.277532722,0.5484058,0.9026259,0.01298851,1.62332006,NA,NA,NA,NA,NA,NA,NA,NA,NA,NA,0.001641567,0.001641216,NA,NA,NA,NA,NA,NA,NA,NA,NA,NA,NA,NA,NA,NA,NA,NA,NA,NA,NA,NA,10.8,10.8,3.2,6.2,10,13.1,5.4,8.4
1999,0.4156875,0.76787127,12.572,11.49110887,5.287030645,4.982540323,30,44.5,NA,NA,NA,NA,NA,NA,NA,NA,NA,NA,-14.98645161,-17.77571429,-18.49903226,-17.916,-12.91225806,2.623833333,12.06032258,6.244032258,0.568766667,-1.770129032,-9.798,-17.95645161,-30.72903226,-33.22142857,-30.24774194,-22.6,-9.293967742,3.0389,7.767709677,3.777290323,-6.323866667,-19.83419355,-24.52566667,-33.99,-27.28806452,-29.72107143,-26.06096774,-17.06033333,-3.115258065,6.5213,11.28574194,7.402677419,-3.302966667,-16.48903226,-21.411,-30.73935484,-30.72903226,-33.22142857,-30.24774194,-22.6,-9.293967742,3.0389,7.767709677,3.777290323,-6.323866667,-19.83419355,-24.52566667,-33.99,NA,NA,NA,NA,NA,NA,NA,NA,0.948379726,0.953656365,0.931804028,0.669859272,0.889510994,0.956108474,0.333729936,0.507211935,0.88329397,0.966441338,0.392372308,0.663181578,0.805587556,0.88029271,0.595187031,0.278569117,0.812106347,0.922699534,0.871979947,0.010879793,0.888554604,0.949053637,0.655852447,0.013535505,0.883744494,0.885507355,2.038927157,0.335268191,1.339241169,1.377521845,0.007507347,1.177577216,0.883744494,0.885507355,0.011110837,0.390350116,0.864838498,0.921121527,0.11901212,0.483253865,0.39959911,4.000304,1.015433122,1.035463721,0.4744532,0.950062742,0.844508401,0.850771893,NA,0.002661358,0.857399718,0.95839478,0.008973413,1.497464287,0.755904613,0.968024407,0.204669168,0.003013966,0.6333101,0.7232911,0.00579673,3.118144545,NA,NA,NA,NA,0.5706294,0.5706294,0.00498008,0.001175779,0.9823484,0.9823484,0.012971033,2.56813078,0.8015575,0.8466089,0.3414172,0.310776312,0.8185073,0.9870784,0.01139811,1.562071329,NA,NA,NA,NA,NA,NA,NA,NA,NA,NA,0.001641567,0.001641216,0.687774,0.687774,0.009910803,0.002495633,NA,NA,NA,NA,1.1196713,1.1196713,NA,NA,NA,NA,NA,NA,NA,NA,NA,NA,8.6,8.9,2.7,5.7,7.8,10.7,4.9,6.1
2000,2.036308333,3.76300556,10.72078871,10.58568952,3.598569892,3.865858871,34.611111,44.361111,28.725,39.175,42.75,51.1785714,NA,NA,NA,NA,NA,NA,-19.37451613,-20.53517241,-20.84193548,-17.74933333,-12.52290323,3.8653,10.37064516,4.812290323,0.5017,-2.462322581,-7.857733333,-11.25290323,-31.76806452,-32.00758621,-29.81,-19.974,-9.271451613,4.692366667,7.738903226,2.570870968,-6.378333333,-16.16548387,-22.54366667,-25.55870968,-27.88,-28.17413793,-25.72645161,-14.06923333,-2.833709677,9.139566667,11.11574194,6.042903226,-3.7284,-14.00419355,-19.503,-21.83032258,-31.76806452,-32.00758621,-29.81,-19.974,-9.271451613,4.692366667,7.738903226,2.570870968,-6.378333333,-16.16548387,-22.54366667,-25.55870968,172.1372549,184.2807018,NA,200.0930233,171.9545455,184.7142857,NA,200.9777778,0.906646969,0.896398448,0.767383069,1.069149959,0.841442429,0.941854091,0.686451556,0.436168214,0.958081207,0.997251511,0.580471699,1.364426518,0.943735042,1.015834283,0.618336845,0.431879189,0.818232318,0.911523134,0.640819024,2.348232326,0.800961581,0.842089616,0.002340845,0.013535505,0.756204276,0.795901959,0.007225508,0.002600858,1.164829705,1.164204873,0.007507347,0.493160119,0.756204276,0.795901959,0.010199611,0.651462365,0.840434492,0.9271464,0.57997557,0.002857854,0.23700486,4.867748,0.96120146,0.959517387,0.9543041,0.541332775,0.913933958,0.927307815,0.002709254,0.792255184,0.999171495,1.022773699,0.008973413,2.049734869,0.747529519,0.861120121,0.204669168,0.385974621,0.7243506,0.8121438,0.00579673,0.003118145,NA,NA,NA,NA,0.5822307,0.8391608,0.003675465,0.5281898,0.8463866,0.909885,0.011785776,0.002615301,0.9571041,1.0780344,0.2939887,0.864344385,0.7933772,0.8631472,0.01139811,1.515112357,NA,NA,NA,NA,NA,NA,NA,NA,NA,NA,1.642430192,0.633858524,0.8211248,0.8211248,0.006849341,0.002827464,NA,NA,NA,NA,0.5608629,0.5608629,NA,NA,NA,NA,0.00378939,0.002709641,NA,NA,NA,NA,9.5,9.8,3.1,6,8.6,10.5,4.6,5.5
2001,0.613693452,1.158575,10.80665323,10.73046621,4.93891129,5.269935484,44.6,55,38.33333,38.33333,40.428571,46.5,38.20714,NA,NA,NA,NA,NA,-13.63258065,-16.67071429,-18.76806452,-17.06633333,-12.3083871,1.740833333,10.44387097,6.277548387,0.533333333,-1.371645161,-6.930833333,-9.925483871,-29.90064516,-33.10642857,-31.27935484,-22.80933333,-7.955322581,4.1115,7.364451613,3.726516129,-5.7,-17.49129032,-23.544,-23.93290323,-25.93387097,-29.13642857,-27.59709677,-16.91306667,-1.820290323,8.4683,10.46416129,6.843096774,-2.611766667,-14.455,-19.271,-20.15709677,-29.90064516,-33.10642857,-31.27935484,-22.80933333,-7.955322581,4.1115,7.364451613,3.726516129,-5.7,-17.49129032,-23.544,-23.93290323,182.1304348,190.2173913,NA,207,184.8695652,195.8333333,NA,208.375,1.079997182,1.108834915,0.455992036,0.80530748,0.820832519,0.877155842,0.581008418,0.506647188,0.866206653,0.924092283,0.725131074,0.995578674,0.963502861,0.999262555,0.752019731,0.275728579,0.956270247,1.036748248,0.232987783,0.551209825,0.849970045,0.955555846,1.42299205,0.207462294,0.897038319,1.0652061,1.298821729,1.288367277,0.934476988,0.912014604,1.389762376,0.765013008,0.897038319,1.0652061,0.644987471,0.260959955,0.942157515,1.037839597,0.53462298,0.723110376,0.56516657,5.034038,0.878236931,0.933782875,0.5072998,0.352435018,1.016798963,1.061901531,2.709254242,0.999322016,0.811127699,0.820138708,0.008973413,0.523482224,0.651254536,0.790339965,0.204669168,2.210866613,1.0077125,1.0586622,0.00579673,0.003118145,NA,NA,NA,NA,0.685262,0.7941811,0.003675465,1.115491387,0.8812425,0.7907045,0.011785776,0.904925626,0.8897883,0.940517,0.2749847,1.124060809,0.8983468,1.0883241,0.20911849,0.57241291,NA,NA,NA,NA,NA,NA,NA,NA,NA,NA,1.123620398,0.500719222,0.7411941,0.7411941,0.006556277,0.833679523,NA,NA,NA,NA,0.8341037,0.8341037,3.589948145,0.008928571,0.5521313,0.5521313,0.002926987,0.002400677,NA,NA,NA,NA,8.9,9.1,2.7,5.7,8,10.4,4.7,5.6
2002,4.0092,4.08319722,8.85960215,8.789819508,5.354393011,5.07819278,NA,NA,NA,NA,NA,NA,41.44375,NA,NA,NA,57.79167,NA,-12.45387097,-16.52321429,-17.84354839,-16.834,-11.05970968,5.4561,9.704677419,6.544129032,0.707366667,-0.471322581,-6.0865,-10.73354839,-30.63354839,-37.40821429,-31.93322581,-26.14233333,-7.164741935,4.5129,5.54516129,3.212193548,-3.481533333,-13.17951613,-23.45433333,-22.22096774,-26.83,-33.71928571,-27.75451613,-20.27666667,-1.296806452,8.0236,8.632774194,6.094096774,-0.9179,-9.737741935,-19.97566667,-18.03677419,-30.63354839,-37.40821429,-31.93322581,-26.14233333,-7.164741935,4.5129,5.54516129,3.212193548,-3.481533333,-13.17951613,-23.45433333,-22.22096774,175.6363636,185.8076923,NA,200.7916667,175.6153846,188,NA,199.7083333,0.895960649,0.915766084,0.961777584,0.370454281,0.867554182,0.919340975,0.458757954,0.452319624,0.896975956,0.951570082,0.533013529,0.039764566,0.906781603,0.937832016,0.46261616,0.653383369,0.980023253,1.005126573,1.145331854,1.117807441,0.785487658,0.861449873,0.155762156,2.59101495,0.915330257,0.982963521,1.110706756,0.002595159,0.8463689,0.844504272,0.372801602,0.703760675,0.915330257,0.982963521,0.492403255,0.969614864,0.836010502,0.897455025,1.98888966,0.556965849,0.51433255,4.718678,0.948881937,0.997755654,0.5072998,1.427622795,0.775867873,0.795916473,0.002709254,0.897567789,0.794769973,0.83532783,0.008973413,2.924651265,0.715434242,0.888654019,0.736523649,1.199729099,0.8173661,0.8223489,0.00467251,3.490840445,NA,NA,NA,NA,0.9578304,0.9975397,2.373341051,1.176306555,0.8233993,0.9413653,0.009686959,0.002668513,0.8219339,0.8922891,0.2749847,0.301629123,0.6906045,0.7843838,0.17705412,0.567158851,NA,NA,NA,NA,0.863465,NA,NA,NA,NA,NA,0.002183571,1.135348205,0.8230997,0.9150128,0.009100279,0.002399922,NA,NA,0.002424761,0.002827678,0.7960965,0.7960965,0.003490904,0.007284458,0.846176,0.846176,0.002926987,0.904711002,NA,NA,NA,NA,10.6,10.7,2.5,5.5,9.8,10.9,5.6,6.3
2003,0.526044445,2.03602389,11.76427688,10.60083871,3.775825269,4.017225806,NA,NA,NA,NA,NA,NA,NA,NA,NA,NA,NA,NA,-13.80483871,-16.41178571,-17.93645161,-17.34833333,-10.60132258,4.8474,11.53622581,5.079064516,0.660266667,-3.387516129,-10.13633333,-13.14193548,-25.3116129,-30.59392857,-30.69806452,-23.16066667,-6.955612903,4.092166667,7.552806452,3.377096774,-3.820866667,-13.88432258,-23.01833333,-23.38903226,-21.12567742,-26.84321429,-26.51709677,-17.50366667,-1.206806452,7.2378,10.69041935,6.732129032,-0.026033333,-11.26329032,-19.56833333,-19.73967742,-25.3116129,-30.59392857,-30.69806452,-23.16066667,-6.955612903,4.092166667,7.552806452,3.377096774,-3.820866667,-13.88432258,-23.01833333,-23.38903226,178.2,189.6,NA,204,178,188.4,NA,209,0.937936807,1.013572396,0.307666316,0.340053119,0.866213542,0.893604742,0.272884099,0.452319624,0.909325716,1.011766017,0.366714025,0.438511442,0.912336662,0.95213787,0.361676962,0.546495058,0.824671626,0.868640168,0.372032471,0.272817144,0.856694486,0.976456175,0.514251144,0.013855783,0.898462854,0.939896926,0.623715837,0.50098762,0.928900564,0.920748404,1.210543401,1.191579647,0.898462854,0.939896926,1.161737394,0.736277547,0.922871752,0.964259607,1.04328504,0.870523019,1.88400485,4.769259,0.921952073,0.930704599,0.5362822,0.962458221,0.953506843,1.048354537,0.002709254,0.002226916,0.660034144,0.848314271,0.008450114,0.448984443,0.820312322,0.960419813,0.736523649,1.380994541,0.8912931,0.9803971,0.00467251,0.00349084,0.8776712,NA,0.00530856,1.06631123,0.9596877,0.9691937,0.003675465,0.5281898,0.8780537,0.8490117,0.009686959,1.962182581,1.0565264,1.0911888,0.2749847,1.279832494,0.8737166,1.0602674,2.72091809,1.087055517,NA,NA,NA,NA,0.840173,0.913163,NA,NA,1.0832874,1.0832874,0.002171023,0.742260817,0.9769327,0.9754874,0.010432932,0.002982002,0.7911984,0.7911984,2.42476109,0.002827678,0.8635542,0.8635542,0.003490904,0.007284458,0.9665413,0.9665413,0.002694616,0.003128088,1.0832874,1.0832874,0.007944389,0.001997254,12.4,12.3,3.9,6.9,11.6,11.1,5.7,6.2
2004,3.731597619,3.79198,8.193798387,8.728215054,4.439913978,4.719166667,NA,NA,NA,NA,NA,NA,32.88889,NA,NA,NA,41.4585,NA,-15.60806452,-17.47034483,-19.17129032,-17.76733333,-10.90867742,3.3644,9.485,6.240064516,0.954266667,0.304032258,-2.094933333,-9.459548387,-27.66709677,-30.69551724,-32.26483871,-20.76933333,-6.14816129,3.379233333,4.439483871,3.205129032,-5.414266667,-11.29880645,-23.78866667,-29.81193548,-23.73967742,-27.17586207,-28.72709677,-15.21203333,-0.555741935,6.6083,7.450741935,6.032193548,-3.011433333,-9.338032258,-20.48433333,-25.79096774,-27.66709677,-30.69551724,-32.26483871,-20.76933333,-6.14816129,3.379233333,4.439483871,3.205129032,-5.414266667,-11.29880645,-23.78866667,-29.81193548,NA,NA,NA,NA,NA,NA,NA,NA,1.004821603,0.975709689,0.979395101,0.715761068,0.953977506,1.000438966,0.855653691,0.507087662,0.918069693,0.978595897,0.755477979,0.401159092,0.897957104,0.928548221,0.681446533,1.781050658,0.967471736,1.057024788,0.684558698,0.845780019,0.924079667,1.041109406,0.638500081,1.619876871,0.906761797,0.975106635,0.006234363,1.061589984,0.753398082,0.763877724,0.00650228,0.804692814,0.906761797,0.975106635,0.5344047,0.002121897,0.927669931,0.991092136,0.09866799,0.491265229,0.94470956,4.484253,0.852300484,0.892142991,0.5362822,0.839453169,0.878961057,0.88428663,1.358352903,1.683948182,0.998837333,1.072411053,0.60121588,0.800979513,0.787158168,0.948265764,0.868897892,0.385974621,1.1103833,1.1361356,2.868714852,0.00349084,0.9220768,0.8951921,0.005143493,0.001469602,0.8350521,0.8230059,2.491225266,0.001115491,0.8355155,0.661037,0.008745252,0.567797662,1.0659658,1.0726571,0.2749847,0.862855766,0.7514985,0.8221027,0.17705412,1.678521832,NA,NA,0.00498008,0.002993414,0.9650456,1.0251477,0.3399243,1.498850884,0.8207391,0.8207391,0.521518364,0.742260817,1.0377457,1.079632,1.203268753,0.342268787,0.7381995,0.7381995,0.002424761,5.655355955,0.7808589,0.7808589,0.003490904,0.007284458,0.9994263,0.9994263,0.002694616,0.750758223,0.8207391,0.8207391,0.007944389,1.997253776,10.7,11.2,2.5,5.5,9.9,12.9,6,8.5
2005,1.129677778,1.2863,8.063087634,9.341983871,5.313241935,6.071005376,NA,NA,NA,NA,NA,NA,NA,NA,NA,NA,NA,NA,-12.76967742,-14.07892857,-14.61225806,-14.17633333,-9.834612903,-1.326777778,10.65,7.26816129,0.354633333,-2.711064516,-9.469866667,-11.74935484,-30.4016129,-25.53,-27.40870968,-22.92,-6.135741935,3.880204518,5.408688865,4.724580645,-4.526633333,-14.97774194,-22.41166667,-26.13225806,-26.19096774,-21.35678571,-23.42806452,-17.57366667,-0.639516129,7.414777778,6.926,7.654677419,-1.345333333,-12.58358065,-18.96433333,-22.65258065,-30.4016129,-25.53,-27.40870968,-22.92,-6.135741935,3.880204518,5.408688865,4.724580645,-4.526633333,-14.97774194,-22.41166667,-26.13225806,NA,NA,NA,NA,NA,NA,NA,NA,0.878446373,0.879947828,0.840157474,1.544634251,1.056597575,1.033453736,0.855588042,0.551897874,1.004086049,1.03003778,0.729020584,0.76984826,1.040946067,1.062052218,0.666033677,0.968919493,0.990936959,0.990194097,0.592941361,1.29221376,0.952829146,1.014420871,0.564972926,0.868842097,0.924066235,0.974122305,0.534881098,0.239996919,0.801646557,0.809518106,1.210543401,1.125675588,0.924066235,0.974122305,0.451812177,0.675659354,0.944394426,0.974869501,0.90954462,0.210034652,1.08457855,5.321537,0.883343638,0.876801519,0.5620443,0.249422829,0.828040615,0.820852999,2.455441291,0.600135611,0.796251586,0.860331981,0.008263199,1.485950916,0.824254405,0.857017326,0.736523649,0.003407189,0.9024751,0.9611683,2.868714852,2.411020041,0.9188636,0.9345803,0.005143493,0.001469602,1.0162163,1.0850614,0.007057089,0.74408482,0.8605872,0.8670207,NA,1.166001255,1.0653982,1.069187,0.595549,1.207398147,0.766779,0.9106623,0.17705412,0.85135729,0.8778611,0.8778611,0.00498008,0.002993414,0.5759521,0.7463004,0.3399243,1.248069532,0.8929462,0.9315385,0.143596017,1.191702156,0.9010229,0.8430856,0.010997499,1.360434867,0.9880516,0.9880516,0.002424761,0.002827678,1.0091727,1.0091727,1.796670002,0.007284458,1.0298062,1.0298062,0.633893554,0.750922351,0.8929462,0.9315385,0.009573173,0.668232602,10.9,10.8,3.7,6.7,10.1,10.8,5.8,6.5
2006,3.337461111,0.08652222,8.689619355,11.13758065,4.918072581,6.046058065,NA,NA,NA,NA,NA,NA,NA,NA,NA,NA,NA,NA,-14.69806452,-17.60892857,-17.58516129,-15.65233333,-4.950387097,4.7028,7.939516129,5.843387097,0.5872,-3.280451613,-11.22963333,-16.07387097,-29.77258065,-31.78107143,-28.69129032,-20.271,-4.378193548,2.8667,6.623645161,4.852935484,-2.907666667,-11.33612903,-23.76933333,-28.90967742,-26.10225806,-28.16571429,-24.16258065,-14.0002,1.130193548,5.5447,10.07925806,8.096387097,0.706366667,-8.930129032,-19.95966667,-25.57387097,-29.77258065,-31.78107143,-28.69129032,-20.271,-4.378193548,2.8667,6.623645161,4.852935484,-2.907666667,-11.33612903,-23.76933333,-28.90967742,NA,NA,NA,NA,NA,NA,NA,NA,1.005898616,1.05497354,0.300310033,1.275549859,1.057505594,1.07816552,0.95694828,0.551897874,0.900130494,0.933553859,0.537575674,1.34383171,0.991322714,0.990429234,0.673293893,1.053774806,1.073934276,1.06096955,1.281300867,0.007553865,1.031244759,1.063985322,0.859272715,0.377227361,0.934233907,0.989447102,0.541012319,0.339181555,1.084335763,1.139164999,1.093399158,0.573773988,0.934233907,0.989447102,1.783293689,0.457127664,0.947597875,1.019838572,0.09866799,1.201561533,0.25913266,5.282852,0.868786538,0.945898117,1.0939346,1.27177504,1.110957428,1.153741612,2.4863079,1.066606425,0.956228243,1.023370671,0.007705367,1.894128359,0.929588181,1.072949094,0.204669168,1.199729099,0.7335435,0.7258786,0.00467251,0.00349084,0.8769311,0.8367351,1.334807545,1.165846225,0.6899489,0.6761394,1.665423623,0.352550429,0.9873026,1.0492653,0.008745252,0.567797662,0.8598818,0.8522383,0.2749847,1.502714836,0.903465,1.0427261,0.15268371,1.66209037,0.8509329,0.8509329,0.004111392,0.002794631,0.7692226,0.8743487,0.2581547,0.750623299,0.7797159,0.7821612,0.501244269,0.674760818,0.8918833,0.930987,0.009461117,0.002888749,0.6965574,0.6965574,0.002424761,0.002827678,1.2602323,1.2602323,3.490903841,0.007284458,0.8980468,0.8980468,0.002450153,0.803824845,0.7797159,0.7821612,0.20703615,0.002691965,8.9,8.9,2.7,5.7,8.1,11.1,5.7,6.1
2007,8.82356044,7.44903825,11.01304743,11.47717051,7.507625,8.142142857,NA,NA,NA,NA,NA,NA,NA,NA,NA,NA,NA,NA,-17.09806452,-17.94107143,-19.23580645,-15.192,-6.005129032,4.608733333,8.995548387,8.84,NA,NA,NA,NA,-27.6,-25.45607143,-30.22645161,-15.7473,-6.791709677,4.4301,7.770870968,5.654,NA,NA,NA,NA,-23.48645161,-21.7075,-26.10612903,-10.65476667,-2.042612903,8.0147,10.98877419,7.69,NA,NA,NA,NA,-27.6,-25.45607143,-30.22645161,-15.7473,-6.791709677,4.4301,7.770870968,5.654,NA,NA,NA,NA,169.5,184.0833333,NA,206.0909091,171,183.8888889,NA,204.125,0.973996196,0.972851982,0.667843745,0.300802822,0.994675014,1.000094919,0.629432066,0.506976872,1.006074099,1.013200053,1.108946308,0.294008669,1.015209564,1.015009728,0.616197465,0.26313834,1.022312138,1.009643994,0.284574109,0.230235008,1.071476946,1.089210837,1.059666459,0.22208593,0.87909008,0.956343689,2.448283297,1.52097268,1.001846138,0.989523021,0.00650228,1.50492075,0.87909008,0.956343689,1.205623957,0.65898262,0.895842486,0.94096071,0.58094178,1.60657805,0.84401525,5.424793,1.048295678,1.122149186,0.5620443,0.414210567,0.929888894,0.930218057,0.004936812,0.718353931,0.874756637,0.965524721,0.007705367,1.021246783,0.99343743,1.001651662,0.736523649,1.814050286,0.8679401,0.857991,0.00467251,0.00349084,0.770381,0.7885217,0.008994672,0.268944463,0.9910429,1.0113339,2.091187757,0.900152525,1.070134,1.1295355,0.686168467,0.600937205,0.9631996,0.9871351,2.1092214,0.600241358,0.940951,0.9991879,0.15268371,1.574946822,0.7771049,0.7771049,0.003651535,0.003391333,0.7362941,0.8327616,0.2581547,0.377194348,0.9503081,0.9378617,0.652284262,0.645237832,0.7737939,0.8035645,0.009461117,1.189711567,1.0025994,1.0025994,0.00428138,1.493918755,0.9863816,0.9863816,1.797817161,0.008812784,0.9173259,0.9173259,0.280750945,0.302838077,0.9503081,0.9378617,0.174508365,0.710421561,10.2,10.2,3.4,6.3,9.4,12.8,5.3,8.4
2008,,,,,,,NA,NA,NA,NA,NA,NA,12.875,11.93787,23.10193,23.10193,16.41383,16.3335,NA,NA,NA,NA,NA,7.911,8.311806452,6.847352941,NA,NA,NA,NA,NA,NA,NA,NA,NA,7.9224,6.938225806,5.497882353,NA,NA,NA,NA,NA,NA,NA,NA,NA,12.0086,10.56258065,8.425,NA,NA,NA,NA,NA,NA,NA,NA,NA,7.9224,6.938225806,5.497882353,NA,NA,NA,NA,173.515625,183.2459016,NA,194.2833333,174.25,183.9649123,NA,195.8333333,1.049767022,1.044754466,0.609266285,1.159189959,1.039610361,1.001290859,0.802168774,0.468437893,1.028801252,1.049769678,1.113868052,0.564561276,0.990028851,0.986932803,1.033467615,0.725629336,0.986494286,1.00892112,1.222684191,0.971690553,1.15365932,1.142439699,1.02635686,1.448372164,0.823999311,0.86902922,0.006200965,0.135948363,1.155058584,1.11966029,1.093399158,0.703760675,0.823999311,0.86902922,0.794677718,1.116598156,1.106062625,1.112300864,0.58094178,0.612504913,0.48196734,5.095047,1.039131778,1.024616348,0.5620443,1.13061541,1.081768442,1.097252362,0.004936812,0.89953621,1.041120612,1.066640136,0.422053985,1.407394453,1.140854094,1.218670296,0.736523649,1.380994541,0.8235568,0.8422239,0.00467251,0.00349084,0.8086813,0.7954534,0.009373955,1.732696565,1.0581678,1.1608769,1.352100487,1.008456932,1.1024457,1.1383083,0.008745252,1.446943193,1.0091587,1.009096,0.8598989,1.623300647,0.9598682,0.9650494,0.15268371,0.533547748,0.9500283,0.848102,0.003651535,0.651704033,0.9347904,0.9798496,1.6427776,0.540223778,0.8143454,0.8148962,0.893280328,0.328340196,1.0295999,1.0936859,0.386709124,0.722712381,0.9076603,1.0103025,0.003769318,1.469481962,0.9752167,0.9752167,0.668327935,0.008812784,0.966559,0.966559,0.654360688,0.143284446,0.8143454,0.8148962,0.305527006,0.962904395,9.2,8.9,3,6,8.4,11.1,5,6.4
2009,,,12.59968333,14.15581515,5.826987097,6.945366666,NA,NA,NA,NA,NA,NA,20.25954,16.92,51.46915,51.46915,23.53325,21.01675,NA,NA,NA,NA,NA,NA,9.1423125,NA,NA,NA,NA,NA,NA,NA,NA,NA,NA,NA,9.6628125,NA,NA,NA,NA,NA,NA,NA,NA,NA,NA,NA,13.09375,NA,NA,NA,NA,NA,NA,NA,NA,NA,NA,NA,9.6628125,NA,NA,NA,NA,NA,NA,NA,NA,NA,NA,NA,NA,NA,1.077822082,1.045666606,0.852913865,0.615656396,1.048749442,1.018838691,0.873037289,1.455592044,1.069249514,1.053356734,1.181328897,0.693280405,1.066110436,1.053039373,1.388814862,0.37864315,1.128207695,1.105501301,0.841871791,0.977250399,1.159908956,1.079903594,1.597829815,1.087491643,1.054727248,1.14024705,0.710539054,0.980546379,1.104780905,1.09297289,0.00650228,0.81372016,1.054727248,1.14024705,0.486280548,1.268620844,1.142597671,1.106281381,2.03605431,1.232363706,1.03123362,5.547343,0.944924898,0.98137748,0.9619201,0.894787785,0.983995072,1.012775267,0.907118475,1.203756173,1.078579257,1.078656365,1.163608335,0.874752536,1.239162201,1.227845122,0.204669168,0.003407189,1.2217944,1.2428743,0.00467251,2.411020041,0.9527894,0.9534421,0.009373955,1.602345905,0.997899,1.1566287,0.404234253,0.912112359,1.0361737,1.0391476,0.008745252,1.256263385,1.0666165,1.0742203,1.1472259,0.141252304,0.9989485,1.0053758,3.27889259,0.95622358,0.9355793,0.9635337,0.003917244,1.319168814,0.7863192,0.7980761,0.2568072,1.713644905,0.8498353,0.8556825,0.537479996,0.649724613,0.8165634,0.8448529,0.949076659,0.708476955,0.8826156,0.9334348,0.00319082,0.744826325,0.772666,0.772666,0.002744453,2.237764703,0.9153989,0.9153989,0.772369806,0.366647158,0.8498353,0.8556825,1.050223492,0.514579979,9.4,9.2,3,5.9,8.6,13,5.1,8.1
2010,2.86614,2.371932222,10.43388387,11.33165161,5.022366667,5.805433333,NA,NA,NA,NA,NA,NA,18.43222,14.5987,39.35123,39.35123,21.66767,20.78867,-19.20714286,-16.41535714,-18.67612903,-15.16666667,-8.972483871,3.577466667,7.605818182,NA,NA,NA,NA,NA,-29.76142857,-22.28035714,-24.52483871,-15.53966667,-3.908225806,5.388933333,7.654590909,NA,NA,NA,NA,NA,-25.79571429,-18.66607143,-20.22451613,-9.553666667,1.265870968,9.815033333,11.505,NA,NA,NA,NA,NA,-29.76142857,-22.28035714,-24.52483871,-15.53966667,-3.908225806,5.388933333,7.654590909,NA,NA,NA,NA,NA,NA,NA,NA,NA,NA,NA,NA,NA,1.091615251,1.075437628,1.133357928,0.505649104,1.077766698,1.013253699,0.840710302,2.287305386,1.150987173,1.10969769,0.953660143,1.210749706,1.082665825,1.052378492,1.370845844,0.897990881,1.096466898,1.037377952,0.693079597,4.362160586,1.049318168,0.989487831,1.124431902,0.498634767,0.916252154,0.972202975,2.009387494,1.373695836,1.061086477,1.047941929,3.436778573,0.22069618,0.916252154,0.972202975,1.305181116,0.975794182,1.113303924,1.062183001,0.09866799,1.566135669,0.57709656,5.557181,0.940335746,0.975889975,0.9619201,1.267280989,0.924215315,0.93146199,1.124778842,0.933395709,1.046132686,1.03885723,0.746000107,0.477397094,0.898353114,0.905744436,0.204669168,2.577316452,0.9624141,0.9719183,0.00467251,1.083311245,1.2755714,1.0992097,0.009373955,0.903376148,0.7685597,0.8200067,0.404234253,1.171291758,1.0750129,1.0775671,1.999120294,1.219976577,1.1085908,1.1384396,1.5128823,0.768752556,0.8934036,0.9624552,0.15268371,1.139397092,0.9023632,0.8926422,0.003638808,1.165802151,0.8034212,0.7924759,0.2568072,1.838543022,1.0060657,1.0015138,1.0162176,0.987699153,0.9422367,0.9826112,0.069045329,0.890838021,0.8689667,0.9406334,0.581258397,0.501020368,0.8256259,0.9072192,0.801195963,1.333224133,0.9401912,0.936575,0.61090187,1.172295499,1.0060657,1.0015138,0.357624888,1.291258939,9.5,9.5,4.1,7.1,8.7,10.9,4.9,6
2011,5.136111111,3.651323333,13.16435484,15.59672043,6.843566129,8.178344086,NA,NA,NA,NA,NA,NA,NA,23.46764,43.07887,43.07887,NA,28.6165,NA,NA,NA,NA,NA,NA,7.637233333,7.222933333,NA,NA,NA,-13.93,NA,NA,NA,NA,NA,NA,9.679633333,7.729933333,NA,NA,NA,-28.75230769,NA,NA,NA,NA,NA,NA,13.09533333,11.179,NA,NA,NA,-24.80076923,NA,NA,NA,NA,NA,NA,9.679633333,7.729933333,NA,NA,NA,-28.75230769,NA,NA,NA,NA,NA,NA,NA,NA,1.082720854,1.013422373,0.703327543,0.505649104,1.28860705,1.128770232,1.047958804,1.001857637,1.082010922,1.022740711,1.155637987,0.170988431,1.197932425,1.151131258,0.795114071,0.531389786,1.158712788,1.08331776,0.675538134,0.206716545,1.112836125,1.05680215,1.747543366,1.794079781,1.163080099,1.213997892,0.474131677,0.525784621,1.108682377,1.073802143,0.372801602,1.190437336,1.163080099,1.213997892,2.710673735,0.973023533,1.103756915,1.049562811,1.80827261,0.436909522,0.84484623,6.37732,0.894985153,0.977512324,1.0029579,1.694718139,0.977532181,1.002666531,1.124778842,0.487240773,1.050231355,1.075541303,2.321872161,0.576818053,1.009771236,0.987843393,0.204669168,0.83327926,1.0722012,1.0837043,1.808467417,1.000354704,0.9362148,1.0143148,0.009373955,1.945958811,1.0725418,1.0356421,1.399254174,0.578002003,1.1141151,1.1229655,1.464724053,0.002733613,1.1165013,1.0874589,0.5848684,0.608391008,1.0686119,1.0382464,0.15268371,1.538487089,0.9286639,0.9276874,0.572269967,0.713863185,0.9238623,0.9144377,0.2568072,0.473111502,0.8697328,0.8632809,0.615733827,1.235208637,0.9615057,0.9895706,1.316233604,1.554808948,0.9153859,0.9314506,0.891024227,1.482741429,0.8009277,0.828663,1.19891331,0.433059422,0.932124,0.931976,1.813840123,0.754759595,0.8697328,0.8632809,1.346398833,0.739076297,10.2,10.1,4.3,7.3,9.4,11,4.8,6.2
2012,12.92705,9.509466666,11.67918889,14.1343,5.83932258,6.419032258,NA,NA,NA,NA,NA,NA,NA,NA,NA,NA,NA,NA,-16.45516129,-17.25896552,-18.51709677,-16.32766667,-11.07219355,3.0837,7.010741935,6.4511,0.599846154,-1.51278125,-10.41426667,-12.2183871,-31.39774194,-32.2162069,-33.10903226,-20.68433333,-7.151645161,5.6853,8.673354839,7.7006,-5.522461538,-13.62459375,-23.46,-25.03870968,-27.66387097,-28.34275862,-29.21516129,-14.5,-0.233935484,9.191033333,12.45477419,11.198,-2.705,-10.80228125,-19.80166667,-21.14258065,-31.39774194,-32.2162069,-33.10903226,-20.68433333,-7.151645161,5.6853,8.673354839,7.7006,-5.522461538,-13.62459375,-23.46,-25.03870968,NA,NA,NA,NA,NA,NA,NA,NA,1.03168364,0.975618783,0.805099979,0.670496015,1.090527323,1.058259203,1.008804684,0.435156303,1.170603225,1.118217044,1.339708899,0.554949925,1.125503261,1.043898878,0.781052282,0.741478933,1.231809985,1.161839443,0.605661815,1.455094696,1.093998792,1.061897928,0.950631389,1.476748809,1.026701169,1.022811592,0.006200965,0.913617631,1.005697281,1.017441514,0.59916958,1.534856191,1.026701169,1.022811592,0.794677718,1.039674321,1.017217092,0.953786248,0.73060365,1.687408972,1.6301243,5.975682,1.071107048,1.077783537,1.4028337,2.47426111,1.071025743,1.070613593,0.681459932,0.475895512,1.02756612,1.003468939,1.538040328,0.003644969,1.087616239,1.18763154,0.736523649,0.601610781,1.4445699,1.4940184,1.998829557,0.00349084,1.1943604,1.1943604,0.009373955,0.701015781,1.1715668,1.1206256,0.404234253,0.407367075,1.146532,1.1234029,1.464724053,2.135408917,0.9939145,0.9476477,1.1886861,0.885866099,1.014953,0.8721375,0.15268371,2.167229759,1.0398536,1.043929,1.614957007,1.199429134,1.1541987,1.1702304,0.2568072,1.257808207,1.0317289,1.0511702,0.693897663,0.976058248,1.044237,1.0378995,1.447795082,0.916772466,0.866534,0.8929343,1.311992492,0.577842159,0.8743993,0.8665962,0.420811343,0.433059422,0.9491996,0.9523138,1.253532036,0.859778681,1.0317289,1.0511702,1.471654456,1.290386676,8.3,8.3,2.5,5.5,7.5,11.7,4.8,7.1
2013,6.502011905,6.759333333,9.720388889,11.90869841,4.004540323,5.287817204,NA,NA,NA,NA,NA,NA,NA,NA,NA,NA,NA,NA,-17.22483871,-19.67821429,-18.78645161,-16.141,-10.33612195,1.4548,4.788258065,3.042322581,0.598333333,-6.486225806,-13.15793103,-16.06741935,-29.64580645,-33.28714286,-24.26129032,-19.52866667,-9.510512195,3.352366667,6.183354839,3.085451613,-6.233606061,-15.29548387,-27.0862069,-28.9216129,-25.86419355,-30.05714286,-19.42196774,-13.84943333,-3.060756098,6.401633333,9.367032258,6.378645161,-3.388212121,-12.33641935,-23.55172414,-25.21322581,-29.64580645,-33.28714286,-24.26129032,-19.52866667,-9.510512195,3.352366667,6.183354839,3.085451613,-6.233606061,-15.29548387,-27.0862069,-28.9216129,NA,NA,NA,NA,NA,NA,NA,NA,1.108058426,1.076611787,1.876364413,1.424070834,1.031576189,0.989954652,1.273199717,0.435156303,1.175786195,1.085599449,0.858096415,1.35475877,1.098062526,1.034616196,1.281556701,1.331255285,1.11811971,0.968376823,1.782172054,1.371895459,1.060594418,1.0334652,0.79651563,0.230681208,1.160082773,1.127000453,0.468766858,1.757225731,1.42795098,1.427509956,2.106880753,2.093238018,1.160082773,1.127000453,2.248375288,2.123066404,0.925561739,1.008266475,0.87472752,1.599571952,1.10553046,5.896719,1.12417971,1.066077004,1.6791593,1.427887741,1.079769455,1.024260563,2.520015605,0.601182132,1.230795068,1.227582739,5.368363944,1.301868782,1.21554365,1.088941987,1.594927618,0.601525506,1.0669953,1.0776163,2.806044729,1.083311245,1.0445585,1.0096267,0.009373955,0.742434373,1.2158712,1.0738435,4.113403548,0.597909069,0.9781347,0.9905663,1.00343493,0.678590382,1.1213402,1.102642,2.4093992,2.016121547,1.3834474,1.3592353,0.15268371,1.681348368,1.0719823,1.0203436,0.535535415,1.911958715,0.953848,0.9193779,0.8786947,0.276936626,1.0468494,1.0457154,1.523706937,0.550173077,1.0564382,1.0362987,1.699630225,0.859178007,1.0346578,1.0401877,0.363522846,0.904306981,1.0008853,0.9998764,1.453076971,1.536041034,1.0045836,1.0043084,1.412619817,1.13668041,1.0468494,1.0457154,0.354511441,1.28121495,9.2,9.6,2.7,5.7,8.4,12.2,5.8,7.4
2014,-3.658592593,-5.29,,,,,NA,NA,NA,NA,NA,NA,NA,NA,23.93,23.93,19.1,17.466,-17.05645161,-17.91142857,-18.40419355,-17.18066667,-9.786580645,1.3602,5.365032258,3.738806452,0.523366667,-5.836129032,-10.67933333,-14.39258065,-26.36741935,-28.40392857,-27.39483871,-19.66333333,-4.840580645,3.244666667,7.359870968,4.524741935,-4.710133333,-14.64229032,-20.3545,-27.51193548,-22.71935484,-24.68964286,-22.96483871,-13.1631,1.005741935,6.3705,10.64393548,7.975225806,-1.4936,-12.07103226,-16.58723333,-23.76483871,-26.36741935,-28.40392857,-27.39483871,-19.66333333,-4.840580645,3.244666667,7.359870968,4.524741935,-4.710133333,-14.64229032,-20.3545,-27.51193548,178,189,206,201.3333333,178,190.8,218,206.7777778,1.072432596,1.04469949,1.210518971,1.37361635,0.990492997,0.975840074,1.543170406,1.282125358,1.128769434,1.030216895,1.100874843,0.819427753,1.114347282,1.062000982,0.64821346,1.013211488,1.117470623,1.090889126,1.341701256,0.62327852,1.091067728,1.046081382,1.519313501,0.850993259,1.13890053,1.07361316,2.558907591,1.027832509,1.145948846,1.071273501,1.605283881,2.078373999,1.13890053,1.07361316,1.250415285,2.164923232,1.237685912,1.185945065,2.16825258,2.223519515,2.20826167,5.918924,1.188404461,1.109813338,0.9619201,1.15630831,1.062880545,1.055654808,1.778355076,1.086341673,1.272824674,1.203927282,2.369370921,1.817394976,1.342965373,1.269010983,2.947055395,1.814050286,0.9475229,0.9259489,1.998829557,2.493976582,0.9707605,1.0348435,2.185413559,2.151337357,1.192566,1.1439128,0.877930285,2.236381759,1.2782156,1.1973432,4.450390469,0.600937205,1.1236679,1.0808198,1.4041746,2.06514109,1.3476933,1.2292041,4.52671,0.212881521,0.9495585,0.9542435,1.449698323,0.65849801,1.0642601,1.0666409,2.1040706,1.349896206,0.869817,0.8753459,1.2053268,1.460831307,1.0140735,0.9943386,0.712648802,1.04997101,0.9603407,0.9289356,1.160073436,1.378174383,1.1743024,1.142388,0.848932167,1.268957042,0.910359,0.914212,1.143391061,1.326740184,0.869817,0.8753459,2.131877698,0.848854259,12,11.9,3.8,6.8,11.2,10.3,5.7,5.4
2015,11.323625,10.3913125,10.15685484,12.71567742,4.166112903,5.334512903,NA,NA,NA,NA,NA,NA,NA,NA,NA,NA,NA,NA,-15.70032258,-19.95285714,-21.13709677,-18.38,-10.86980645,1.932766667,5.482064516,3.381677419,0.5513,-7.355032258,-13.08333333,-16.93677419,-24.44419355,-31.56178571,-28.90677419,-21.45266667,-8.650903226,4.3249,7.339032258,3.580516129,-5.148033333,-14.13022581,-23.56066667,-30.44903226,-19.90709677,-28.07821429,-24.77483871,-15.62563333,-2.499806452,8.0409,11.0186129,6.463645161,-1.421833333,-11.24425806,-19.95433333,-26.08064516,-24.44419355,-31.56178571,-28.90677419,-21.45266667,-8.650903226,4.3249,7.339032258,3.580516129,-5.148033333,-14.13022581,-23.56066667,-30.44903226,177.3488372,189.7,198.8888889,200.9767442,178.7916667,192.1851852,201.7333333,203.5714286,1.261022751,1.216721232,1.32097496,0.321980843,1.072921237,1.004154419,1.353509561,2.275589248,1.250327651,1.13449368,1.073095865,1.420482792,1.191384073,1.115931036,1.600116693,1.751156048,1.061119723,1.02329002,1.096948064,2.221134828,1.196690101,1.122866557,2.032860209,4.093397452,1.168794516,1.100462271,1.121156323,2.52375255,1.17399714,1.157732044,0.00650228,1.479641292,1.168794516,1.100462271,1.276886508,1.533058175,1.214583859,1.071708093,2.18749662,2.021322109,2.04296058,6.418335,1.141008623,1.004673891,0.5620443,1.416724278,1.064533504,0.904286454,0.004001785,1.407209988,1.154422971,1.039665671,0.770141547,0.421886596,1.216212996,0.940689843,2.126782099,1.367043322,1.2683188,1.3622096,0.00467251,0.00349084,0.8153175,0.8080758,0.009373955,0.802935853,0.9845268,1.0244364,0.404234253,2.374542788,0.981488,1.0435982,0.008745252,2.844743327,1.1188921,1.058444,1.314946,2.01183933,1.2257707,1.0533244,2.54061959,0.40663479,1.0300122,1.1010052,1.712618138,1.598686723,1.1360514,1.0773422,0.8786947,0.987874034,1.1740193,1.1665949,2.002980368,1.380297643,1.0671183,1.0615612,0.305551011,2.083858585,1.1896231,1.1779448,1.298673125,1.697633794,1.0777482,1.078493,1.568671303,1.784842992,1.2839424,1.2773953,2.481888135,2.230614505,1.1740193,1.1665949,2.009680001,1.607819005,7.7,7.7,4.2,7.1,7,11.4,4.9,6.9
2016,1.40636,0.8429,9.564795699,12.51080645,7.425666667,8.764,NA,NA,NA,NA,NA,NA,15.16667,12.70444,27.8005,27.8005,23.801,20.232,-17.59967742,-19.08793103,-20.09774194,-17.54033333,-10.69064516,1.289833333,5.74616129,3.862533333,0.447966667,-9.825451613,-11.85866667,-15.53935484,-26.06129032,-26.86413793,-28.23354839,-18.64433333,-7.006193548,4.534133333,8.19616129,5.267833333,-3.6703,-16.99870968,-18.78073333,-25.71741935,-21.62193548,-21.99931034,-23.83806452,-12.9145,-0.410806452,8.9923,11.45516129,8.7771,-0.624333333,-13.9806129,-15.69983333,-21.57612903,-26.06129032,-26.86413793,-28.23354839,-18.64433333,-7.006193548,4.534133333,8.19616129,5.267833333,-3.6703,-16.99870968,-18.78073333,-25.71741935,NA,NA,NA,NA,NA,NA,NA,NA,1.1760463,1.033154312,1.711958887,1.750424902,1.126234104,1.106594333,2.288360563,1.039250312,1.261436203,1.121438261,2.190124835,1.933740469,1.242253633,1.164643936,1.762728339,1.624590132,1.226704024,1.093233405,2.50673202,0.636396743,1.278532988,1.211876083,2.184865111,0.902390955,1.342481122,1.274332554,2.882570655,2.415676476,0.868386269,0.840497002,2.019738004,2.087223869,1.342481122,1.274332554,1.086518011,1.750784063,1.205537657,1.057130465,3.90888103,3.268700392,2.87157442,6.554626,1.200654116,1.118290437,1.3702602,1.588337012,1.163228143,1.152085429,1.218526113,3.022758173,0.980882243,0.93914591,3.136085182,1.710858245,1.326434831,1.231006567,2.598032857,0.601610781,0.9839635,0.9609065,2.427934072,3.078036833,1.2792319,1.2843379,6.688712096,0.843188685,0.9843805,0.9855848,0.404234253,0.618196798,1.219608,1.1254264,2.0423711,2.654414577,1.2913017,1.1740631,1.1821716,2.21887179,1.4189986,1.3104323,6.27821781,0.827851629,0.8998472,0.9060705,2.233586927,0.427476953,1.1064125,1.0368186,3.9046932,0.656755481,1.0208212,1.0365984,1.539238071,0.9777355,1.1925192,1.155906,3.855237014,0.864328239,1.2042985,1.1975232,1.70206422,0.977075442,0.9848618,1.028638,2.136043035,0.458080419,0.9650194,0.9725374,1.112552046,1.81562436,1.0208212,1.0365984,0.548831661,2.202345094,10.5,10.6,4.1,7.1,9.4,12.2,6.4,7.5
2017,,,,,,,NA,NA,NA,NA,NA,NA,16.12944,11.74167,NA,NA,20.667,15.533,-20.5316129,-21.23678571,-23.62516129,-19.03266667,-11.29709677,-0.2071,5.261516129,3.337774194,0.064833333,-6.715806452,-11.04933333,-11.57516129,-28.99774194,-28.13892857,-29.48645161,-18.67433333,-5.818225806,2.869766667,6.638870968,2.892774194,-7.757166667,-15.44322581,-23.03733333,-20.66032258,-24.72741935,-23.88071429,-25.28870968,-12.75573333,0.264258065,7.539433333,10.00087097,6.019258065,-4.124966667,-12.99380645,-19.13766667,-17.31935484,-28.99774194,-28.13892857,-29.48645161,-18.67433333,-5.818225806,2.869766667,6.638870968,2.892774194,-7.757166667,-15.44322581,-23.03733333,-20.66032258,NA,NA,NA,NA,NA,NA,NA,NA,1.030397268,0.993423391,1.738588084,2.356949792,0.962155551,0.939400427,1.602672876,1.925466928,1.107230355,0.973692228,1.963449394,2.195765895,1.165756609,1.057053225,2.314595284,2.223123579,1.069671844,0.93794041,1.645852278,1.563180426,1.277860479,1.15566504,1.576783283,1.22277328,1.042278432,0.93151367,0.834010047,2.365030134,0.923946999,0.937991145,0.73946759,1.508701087,1.042278432,0.93151367,0.486280548,3.240560585,0.959259683,0.863989596,0.09866799,0.860281247,4.62998575,6.16093,1.165587891,1.089141435,2.8169007,2.583385119,1.051522232,1.030445857,0.146695686,0.952665066,1.121909442,1.076477764,0.770141547,0.435932593,1.113208083,1.018261067,3.611949012,0.385974621,1.3600614,1.2385308,4.483953219,0.00349084,1.1114963,1.1732953,3.570664424,0.843188685,1.0070386,1.1470779,0.404234253,2.576445705,0.8979557,0.8971683,0.008745252,0.544119808,1.3212241,1.2256929,4.5855212,2.450068618,1.211803,1.0534938,2.13877412,0.212881521,1.0495515,1.0685938,1.643513636,1.845736079,1.0644619,1.0535595,1.6242824,2.001134529,0.9685384,0.9726011,2.196443197,1.425903909,1.1249124,1.105475,1.81025292,2.477337415,0.9627921,0.9294788,1.439055198,1.004510247,0.9395343,0.9564365,0.268877768,2.147210709,1.0963122,1.0935762,1.200310857,1.559772859,0.9685384,0.9726011,1.327081307,0.477890899,9.1,9.2,3.2,6.2,8.1,13.4,5.4,8.7
2018,,,,,,,NA,NA,NA,NA,NA,NA,NA,NA,NA,NA,NA,NA,-14.51741935,-16.4225,-19.29903226,-18.00833333,-11.88096774,0.981266667,4.253769231,NA,NA,NA,NA,NA,-24.86612903,-24.26607143,-29.64709677,-21.20933333,-8.215967742,2.6643,5.176846154,NA,NA,NA,NA,NA,-20.75774194,-18.87428571,-25.54709677,-15.37596667,-1.49016129,7.2445,8.406,NA,NA,NA,NA,NA,-24.86612903,-24.26607143,-29.64709677,-21.20933333,-8.215967742,2.6643,5.176846154,NA,NA,NA,NA,NA,198,198.7941176,203.3053435,212.5714286,198.5789474,198.3793103,206.2522523,213.75,1.027812761,1.002830988,1.436629994,1.561700613,1.136621175,1.11360813,1.625164659,1.698114584,1.205571151,1.097925118,2.255271602,1.908961877,1.147826184,1.090547537,1.586924165,3.773579797,1.147175201,1.059239074,2.347217688,1.214035015,1.214788603,1.081263082,0.002248266,2.486171442,1.101314708,1.042903367,1.355004637,0.002230131,0.902233453,0.892948667,0.00650228,0.002057096,1.101314708,1.042903367,0.092320398,0.002121897,0.897974151,0.887951852,0.09866799,0.002805486,0.20533529,6.085239,1.030384465,1.000402957,0.5620443,0.003201561,1.434472122,1.420691118,0.289532424,0.002081233,1.12865643,1.06148127,0.00711795,0.003644969,1.515760337,1.372297999,1.594927618,1.582809974,1.3726578,1.3262886,0.00467251,0.00349084,1.2192384,1.2224207,0.009373955,0.002420603,1.3047349,1.3127688,0.404234253,0.001238214,0.9342458,0.7663734,0.008745252,0.002733613,0.9405063,0.7777958,0.25854,0.003428422,1.3951179,1.0967499,0.15268371,0.002378459,1.1811185,1.187345,1.123276389,0.551993015,1.4878427,1.4321976,0.2568072,0.002595703,1.2094973,1.1995821,0.919354805,1.916045791,1.0763552,1.0359571,0.441806523,0.002736521,1.1855047,1.1781582,1.999783032,0.21178615,1.3068342,1.2924391,0.002625416,0.458080419,1.1211809,1.1223381,0.051831165,0.278567323,1.2094973,1.1995821,0.32269077,0.048803251,12.5,12.6,2.1,5,11.8,12.7,5.8,7.9