ind,Region,Site,Exp,y,Year,Clim
CassiopeC,Alexandra Fiord - Ellesmere,Cassiope,C,NA,1966,NA
CassiopeC,Alexandra Fiord - Ellesmere,Cassiope,C,NA,1967,NA
CassiopeC,Alexandra Fiord - Ellesmere,Cassiope,C,NA,1968,NA
CassiopeC,Alexandra Fiord - Ellesmere,Cassiope,C,NA,1969,NA
CassiopeC,Alexandra Fiord - Ellesmere,Cassiope,C,NA,1970,NA
CassiopeC,Alexandra Fiord - Ellesmere,Cassiope,C,NA,1971,NA
CassiopeC,Alexandra Fiord - Ellesmere,Cassiope,C,NA,1972,NA
CassiopeC,Alexandra Fiord - Ellesmere,Cassiope,C,2.67,1973,NA
CassiopeC,Alexandra Fiord - Ellesmere,Cassiope,C,3.98,1974,NA
CassiopeC,Alexandra Fiord - Ellesmere,Cassiope,C,2.62,1975,NA
CassiopeC,Alexandra Fiord - Ellesmere,Cassiope,C,3.76,1976,NA
CassiopeC,Alexandra Fiord - Ellesmere,Cassiope,C,3.138,1977,NA
CassiopeC,Alexandra Fiord - Ellesmere,Cassiope,C,3.737,1978,NA
CassiopeC,Alexandra Fiord - Ellesmere,Cassiope,C,3.41,1979,NA
CassiopeC,Alexandra Fiord - Ellesmere,Cassiope,C,3.528,1980,NA
CassiopeC,Alexandra Fiord - Ellesmere,Cassiope,C,3.385,1981,NA
CassiopeC,Alexandra Fiord - Ellesmere,Cassiope,C,3.902,1982,NA
CassiopeC,Alexandra Fiord - Ellesmere,Cassiope,C,3.905,1983,NA
CassiopeC,Alexandra Fiord - Ellesmere,Cassiope,C,3.452,1984,NA
CassiopeC,Alexandra Fiord - Ellesmere,Cassiope,C,2.776,1985,NA
CassiopeC,Alexandra Fiord - Ellesmere,Cassiope,C,3.217,1986,NA
CassiopeC,Alexandra Fiord - Ellesmere,Cassiope,C,4.205,1987,NA
CassiopeC,Alexandra Fiord - Ellesmere,Cassiope,C,3.662,1988,NA
CassiopeC,Alexandra Fiord - Ellesmere,Cassiope,C,3.922,1989,6.272892857
CassiopeC,Alexandra Fiord - Ellesmere,Cassiope,C,3.588,1990,7.109777778
CassiopeC,Alexandra Fiord - Ellesmere,Cassiope,C,3.67,1991,6.229225806
CassiopeC,Alexandra Fiord - Ellesmere,Cassiope,C,4.018,1992,7.016451613
CassiopeC,Alexandra Fiord - Ellesmere,Cassiope,C,3.862,1993,4.93816129
CassiopeC,Alexandra Fiord - Ellesmere,Cassiope,C,3.867,1994,7.210580645
CassiopeC,Alexandra Fiord - Ellesmere,Cassiope,C,4.028,1995,6.034548387
CassiopeC,Alexandra Fiord - Ellesmere,Cassiope,C,4.224,1996,6.399129032
CassiopeC,Alexandra Fiord - Ellesmere,Cassiope,C,3.958,1997,6.667903226
CassiopeC,Alexandra Fiord - Ellesmere,Cassiope,C,4.065,1998,5.691
CassiopeC,Alexandra Fiord - Ellesmere,Cassiope,C,4.464,1999,7.450419355
CassiopeC,Alexandra Fiord - Ellesmere,Cassiope,C,4.147,2000,7.767709677
CassiopeC,Alexandra Fiord - Ellesmere,Cassiope,C,4.984,2001,7.738903226
CassiopeC,Alexandra Fiord - Ellesmere,Cassiope,C,5.027,2002,7.364451613
CassiopeC,Alexandra Fiord - Ellesmere,Cassiope,C,4.734,2003,5.54516129
CassiopeC,Alexandra Fiord - Ellesmere,Cassiope,C,4.859,2003,7.552806452
CassiopeC,Alexandra Fiord - Ellesmere,Cassiope,C,4.761,2004,4.439483871
CassiopeC,Alexandra Fiord - Ellesmere,Cassiope,C,5.54,2005,5.408688865
CassiopeC,Alexandra Fiord - Ellesmere,Cassiope,C,5.276,2006,6.623645161
CassiopeC,Alexandra Fiord - Ellesmere,Cassiope,C,5.48,2007,7.770870968
CassiopeC,Alexandra Fiord - Ellesmere,Cassiope,C,5.376,2008,6.938225806
CassiopeC,Alexandra Fiord - Ellesmere,Cassiope,C,5.837,2009,9.6628125
CassiopeC,Alexandra Fiord - Ellesmere,Cassiope,C,5.872,2010,7.654590909
CassiopeC,Alexandra Fiord - Ellesmere,Cassiope,C,6.426,2011,9.679633333
CassiopeC,Alexandra Fiord - Ellesmere,Cassiope,C,6.041,2012,8.673354839
CassiopeC,Alexandra Fiord - Ellesmere,Cassiope,C,5.987,2013,6.183354839
CassiopeC,Alexandra Fiord - Ellesmere,Cassiope,C,6.116,2014,7.359870968
CassiopeC,Alexandra Fiord - Ellesmere,Cassiope,C,6.496,2015,7.339032258
CassiopeC,Alexandra Fiord - Ellesmere,Cassiope,C,6.687,2016,8.19616129
CassiopeC,Alexandra Fiord - Ellesmere,Cassiope,C,6.262,2017,6.638870968
CassiopeC,Alexandra Fiord - Ellesmere,Cassiope,C,6.217,2018,5.176846154
CassiopeT,Alexandra Fiord - Ellesmere,Cassiope,T,NA,1966,NA
CassiopeT,Alexandra Fiord - Ellesmere,Cassiope,T,NA,1967,NA
CassiopeT,Alexandra Fiord - Ellesmere,Cassiope,T,2.337,1968,NA
CassiopeT,Alexandra Fiord - Ellesmere,Cassiope,T,2.365,1969,NA
CassiopeT,Alexandra Fiord - Ellesmere,Cassiope,T,2.783,1970,NA
CassiopeT,Alexandra Fiord - Ellesmere,Cassiope,T,2.473,1971,NA
CassiopeT,Alexandra Fiord - Ellesmere,Cassiope,T,2.5,1972,NA
CassiopeT,Alexandra Fiord - Ellesmere,Cassiope,T,3.111,1973,NA
CassiopeT,Alexandra Fiord - Ellesmere,Cassiope,T,2.887,1974,NA
CassiopeT,Alexandra Fiord - Ellesmere,Cassiope,T,3.315,1975,NA
CassiopeT,Alexandra Fiord - Ellesmere,Cassiope,T,2.734,1976,NA
CassiopeT,Alexandra Fiord - Ellesmere,Cassiope,T,3.349,1977,NA
CassiopeT,Alexandra Fiord - Ellesmere,Cassiope,T,2.778,1978,NA
CassiopeT,Alexandra Fiord - Ellesmere,Cassiope,T,2.798,1979,NA
CassiopeT,Alexandra Fiord - Ellesmere,Cassiope,T,3.386,1980,NA
CassiopeT,Alexandra Fiord - Ellesmere,Cassiope,T,3.551,1981,NA
CassiopeT,Alexandra Fiord - Ellesmere,Cassiope,T,3.151,1982,NA
CassiopeT,Alexandra Fiord - Ellesmere,Cassiope,T,3.951,1983,NA
CassiopeT,Alexandra Fiord - Ellesmere,Cassiope,T,3.575,1984,NA
CassiopeT,Alexandra Fiord - Ellesmere,Cassiope,T,3.47,1985,NA
CassiopeT,Alexandra Fiord - Ellesmere,Cassiope,T,4.088,1986,NA
CassiopeT,Alexandra Fiord - Ellesmere,Cassiope,T,3.421,1987,NA
CassiopeT,Alexandra Fiord - Ellesmere,Cassiope,T,4.089,1988,NA
CassiopeT,Alexandra Fiord - Ellesmere,Cassiope,T,4.1,1989,6.272892857
CassiopeT,Alexandra Fiord - Ellesmere,Cassiope,T,3.986,1990,7.109777778
CassiopeT,Alexandra Fiord - Ellesmere,Cassiope,T,4.371,1991,6.229225806
CassiopeT,Alexandra Fiord - Ellesmere,Cassiope,T,4.098,1992,7.016451613
CassiopeT,Alexandra Fiord - Ellesmere,Cassiope,T,3.991,1993,4.93816129
CassiopeT,Alexandra Fiord - Ellesmere,Cassiope,T,4.038,1994,7.210580645
CassiopeT,Alexandra Fiord - Ellesmere,Cassiope,T,4.51,1995,6.034548387
CassiopeT,Alexandra Fiord - Ellesmere,Cassiope,T,4.374,1996,6.399129032
CassiopeT,Alexandra Fiord - Ellesmere,Cassiope,T,4.708,1997,6.667903226
CassiopeT,Alexandra Fiord - Ellesmere,Cassiope,T,4.515,1998,5.691
CassiopeT,Alexandra Fiord - Ellesmere,Cassiope,T,5.003,1999,7.450419355
CassiopeT,Alexandra Fiord - Ellesmere,Cassiope,T,5.034,2000,7.767709677
CassiopeT,Alexandra Fiord - Ellesmere,Cassiope,T,5.465,2001,7.738903226
CassiopeT,Alexandra Fiord - Ellesmere,Cassiope,T,5.018,2002,7.364451613
CassiopeT,Alexandra Fiord - Ellesmere,Cassiope,T,5.279,2003,5.54516129
CassiopeT,Alexandra Fiord - Ellesmere,Cassiope,T,5.356,2003,7.552806452
CassiopeT,Alexandra Fiord - Ellesmere,Cassiope,T,5.573,2004,4.439483871
CassiopeT,Alexandra Fiord - Ellesmere,Cassiope,T,6.045,2005,5.408688865
CassiopeT,Alexandra Fiord - Ellesmere,Cassiope,T,5.616,2006,6.623645161
CassiopeT,Alexandra Fiord - Ellesmere,Cassiope,T,6.106,2007,7.770870968
CassiopeT,Alexandra Fiord - Ellesmere,Cassiope,T,6.395,2008,6.938225806
CassiopeT,Alexandra Fiord - Ellesmere,Cassiope,T,6.632,2009,9.6628125
CassiopeT,Alexandra Fiord - Ellesmere,Cassiope,T,7.044,2010,7.654590909
CassiopeT,Alexandra Fiord - Ellesmere,Cassiope,T,6.613,2011,9.679633333
CassiopeT,Alexandra Fiord - Ellesmere,Cassiope,T,7.337,2012,8.673354839
CassiopeT,Alexandra Fiord - Ellesmere,Cassiope,T,7.424,2013,6.183354839
CassiopeT,Alexandra Fiord - Ellesmere,Cassiope,T,7.076,2014,7.359870968
CassiopeT,Alexandra Fiord - Ellesmere,Cassiope,T,7.815,2015,7.339032258
CassiopeT,Alexandra Fiord - Ellesmere,Cassiope,T,7.869,2016,8.19616129
CassiopeT,Alexandra Fiord - Ellesmere,Cassiope,T,6.851,2017,6.638870968
CassiopeT,Alexandra Fiord - Ellesmere,Cassiope,T,7.203,2018,5.176846154
DryasT,Alexandra Fiord - Ellesmere,Dryas,T,NA,1966,NA
DryasT,Alexandra Fiord - Ellesmere,Dryas,T,NA,1967,NA
DryasT,Alexandra Fiord - Ellesmere,Dryas,T,2.337,1968,NA
DryasT,Alexandra Fiord - Ellesmere,Dryas,T,2.365,1969,NA
DryasT,Alexandra Fiord - Ellesmere,Dryas,T,2.783,1970,NA
DryasT,Alexandra Fiord - Ellesmere,Dryas,T,2.473,1971,NA
DryasT,Alexandra Fiord - Ellesmere,Dryas,T,2.5,1972,NA
DryasT,Alexandra Fiord - Ellesmere,Dryas,T,3.111,1973,NA
DryasT,Alexandra Fiord - Ellesmere,Dryas,T,2.887,1974,NA
DryasT,Alexandra Fiord - Ellesmere,Dryas,T,3.315,1975,NA
DryasT,Alexandra Fiord - Ellesmere,Dryas,T,2.734,1976,NA
DryasT,Alexandra Fiord - Ellesmere,Dryas,T,3.349,1977,NA
DryasT,Alexandra Fiord - Ellesmere,Dryas,T,2.778,1978,NA
DryasT,Alexandra Fiord - Ellesmere,Dryas,T,2.798,1979,NA
DryasT,Alexandra Fiord - Ellesmere,Dryas,T,3.386,1980,NA
DryasT,Alexandra Fiord - Ellesmere,Dryas,T,3.551,1981,NA
DryasT,Alexandra Fiord - Ellesmere,Dryas,T,3.151,1982,NA
DryasT,Alexandra Fiord - Ellesmere,Dryas,T,3.951,1983,NA
DryasT,Alexandra Fiord - Ellesmere,Dryas,T,3.575,1984,NA
DryasT,Alexandra Fiord - Ellesmere,Dryas,T,3.47,1985,NA
DryasT,Alexandra Fiord - Ellesmere,Dryas,T,4.088,1986,NA
DryasT,Alexandra Fiord - Ellesmere,Dryas,T,3.421,1987,NA
DryasT,Alexandra Fiord - Ellesmere,Dryas,T,4.089,1988,NA
DryasT,Alexandra Fiord - Ellesmere,Dryas,T,4.1,1989,6.272892857
DryasT,Alexandra Fiord - Ellesmere,Dryas,T,3.986,1990,7.109777778
DryasT,Alexandra Fiord - Ellesmere,Dryas,T,4.371,1991,6.229225806
DryasT,Alexandra Fiord - Ellesmere,Dryas,T,4.098,1992,7.016451613
DryasT,Alexandra Fiord - Ellesmere,Dryas,T,3.991,1993,4.93816129
DryasT,Alexandra Fiord - Ellesmere,Dryas,T,4.038,1994,7.210580645
DryasT,Alexandra Fiord - Ellesmere,Dryas,T,4.51,1995,6.034548387
DryasT,Alexandra Fiord - Ellesmere,Dryas,T,4.374,1996,6.399129032
DryasT,Alexandra Fiord - Ellesmere,Dryas,T,4.708,1997,6.667903226
DryasT,Alexandra Fiord - Ellesmere,Dryas,T,4.515,1998,5.691
DryasT,Alexandra Fiord - Ellesmere,Dryas,T,5.003,1999,7.450419355
DryasT,Alexandra Fiord - Ellesmere,Dryas,T,5.034,2000,7.767709677
DryasT,Alexandra Fiord - Ellesmere,Dryas,T,5.465,2001,7.738903226
DryasT,Alexandra Fiord - Ellesmere,Dryas,T,5.018,2002,7.364451613
DryasT,Alexandra Fiord - Ellesmere,Dryas,T,5.279,2003,5.54516129
DryasT,Alexandra Fiord - Ellesmere,Dryas,T,5.356,2003,7.552806452
DryasT,Alexandra Fiord - Ellesmere,Dryas,T,5.573,2004,4.439483871
DryasT,Alexandra Fiord - Ellesmere,Dryas,T,6.045,2005,5.408688865
DryasT,Alexandra Fiord - Ellesmere,Dryas,T,5.616,2006,6.623645161
DryasT,Alexandra Fiord - Ellesmere,Dryas,T,6.106,2007,7.770870968
DryasT,Alexandra Fiord - Ellesmere,Dryas,T,6.395,2008,6.938225806
DryasT,Alexandra Fiord - Ellesmere,Dryas,T,6.632,2009,9.6628125
DryasT,Alexandra Fiord - Ellesmere,Dryas,T,7.044,2010,7.654590909
DryasT,Alexandra Fiord - Ellesmere,Dryas,T,6.613,2011,9.679633333
DryasT,Alexandra Fiord - Ellesmere,Dryas,T,7.337,2012,8.673354839
DryasT,Alexandra Fiord - Ellesmere,Dryas,T,7.424,2013,6.183354839
DryasT,Alexandra Fiord - Ellesmere,Dryas,T,7.076,2014,7.359870968
DryasT,Alexandra Fiord - Ellesmere,Dryas,T,7.815,2015,7.339032258
DryasT,Alexandra Fiord - Ellesmere,Dryas,T,7.869,2016,8.19616129
DryasT,Alexandra Fiord - Ellesmere,Dryas,T,6.851,2017,6.638870968
DryasT,Alexandra Fiord - Ellesmere,Dryas,T,7.203,2018,5.176846154
DryasC,Alexandra Fiord - Ellesmere,Dryas,C,NA,1966,NA
DryasC,Alexandra Fiord - Ellesmere,Dryas,C,NA,1967,NA
DryasC,Alexandra Fiord - Ellesmere,Dryas,C,NA,1968,NA
DryasC,Alexandra Fiord - Ellesmere,Dryas,C,NA,1969,NA
DryasC,Alexandra Fiord - Ellesmere,Dryas,C,NA,1970,NA
DryasC,Alexandra Fiord - Ellesmere,Dryas,C,NA,1971,NA
DryasC,Alexandra Fiord - Ellesmere,Dryas,C,NA,1972,NA
DryasC,Alexandra Fiord - Ellesmere,Dryas,C,2.67,1973,NA
DryasC,Alexandra Fiord - Ellesmere,Dryas,C,3.98,1974,NA
DryasC,Alexandra Fiord - Ellesmere,Dryas,C,2.62,1975,NA
DryasC,Alexandra Fiord - Ellesmere,Dryas,C,3.76,1976,NA
DryasC,Alexandra Fiord - Ellesmere,Dryas,C,3.138,1977,NA
DryasC,Alexandra Fiord - Ellesmere,Dryas,C,3.737,1978,NA
DryasC,Alexandra Fiord - Ellesmere,Dryas,C,3.41,1979,NA
DryasC,Alexandra Fiord - Ellesmere,Dryas,C,3.528,1980,NA
DryasC,Alexandra Fiord - Ellesmere,Dryas,C,3.385,1981,NA
DryasC,Alexandra Fiord - Ellesmere,Dryas,C,3.902,1982,NA
DryasC,Alexandra Fiord - Ellesmere,Dryas,C,3.905,1983,NA
DryasC,Alexandra Fiord - Ellesmere,Dryas,C,3.452,1984,NA
DryasC,Alexandra Fiord - Ellesmere,Dryas,C,2.776,1985,NA
DryasC,Alexandra Fiord - Ellesmere,Dryas,C,3.217,1986,NA
DryasC,Alexandra Fiord - Ellesmere,Dryas,C,4.205,1987,NA
DryasC,Alexandra Fiord - Ellesmere,Dryas,C,3.662,1988,NA
DryasC,Alexandra Fiord - Ellesmere,Dryas,C,3.922,1989,6.272892857
DryasC,Alexandra Fiord - Ellesmere,Dryas,C,3.588,1990,7.109777778
DryasC,Alexandra Fiord - Ellesmere,Dryas,C,3.67,1991,6.229225806
DryasC,Alexandra Fiord - Ellesmere,Dryas,C,4.018,1992,7.016451613
DryasC,Alexandra Fiord - Ellesmere,Dryas,C,3.862,1993,4.93816129
DryasC,Alexandra Fiord - Ellesmere,Dryas,C,3.867,1994,7.210580645
DryasC,Alexandra Fiord - Ellesmere,Dryas,C,4.028,1995,6.034548387
DryasC,Alexandra Fiord - Ellesmere,Dryas,C,4.224,1996,6.399129032
DryasC,Alexandra Fiord - Ellesmere,Dryas,C,3.958,1997,6.667903226
DryasC,Alexandra Fiord - Ellesmere,Dryas,C,4.065,1998,5.691
DryasC,Alexandra Fiord - Ellesmere,Dryas,C,4.464,1999,7.450419355
DryasC,Alexandra Fiord - Ellesmere,Dryas,C,4.147,2000,7.767709677
DryasC,Alexandra Fiord - Ellesmere,Dryas,C,4.984,2001,7.738903226
DryasC,Alexandra Fiord - Ellesmere,Dryas,C,5.027,2002,7.364451613
DryasC,Alexandra Fiord - Ellesmere,Dryas,C,4.734,2003,5.54516129
DryasC,Alexandra Fiord - Ellesmere,Dryas,C,4.859,2003,7.552806452
DryasC,Alexandra Fiord - Ellesmere,Dryas,C,4.761,2004,4.439483871
DryasC,Alexandra Fiord - Ellesmere,Dryas,C,5.54,2005,5.408688865
DryasC,Alexandra Fiord - Ellesmere,Dryas,C,5.276,2006,6.623645161
DryasC,Alexandra Fiord - Ellesmere,Dryas,C,5.48,2007,7.770870968
DryasC,Alexandra Fiord - Ellesmere,Dryas,C,5.376,2008,6.938225806
DryasC,Alexandra Fiord - Ellesmere,Dryas,C,5.837,2009,9.6628125
DryasC,Alexandra Fiord - Ellesmere,Dryas,C,5.872,2010,7.654590909
DryasC,Alexandra Fiord - Ellesmere,Dryas,C,6.426,2011,9.679633333
DryasC,Alexandra Fiord - Ellesmere,Dryas,C,6.041,2012,8.673354839
DryasC,Alexandra Fiord - Ellesmere,Dryas,C,5.987,2013,6.183354839
DryasC,Alexandra Fiord - Ellesmere,Dryas,C,6.116,2014,7.359870968
DryasC,Alexandra Fiord - Ellesmere,Dryas,C,6.496,2015,7.339032258
DryasC,Alexandra Fiord - Ellesmere,Dryas,C,6.687,2016,8.19616129
DryasC,Alexandra Fiord - Ellesmere,Dryas,C,6.262,2017,6.638870968
DryasC,Alexandra Fiord - Ellesmere,Dryas,C,6.217,2018,5.176846154
FertC,Alexandra Fiord - Ellesmere,Vaccinium,C,NA,1966,NA
FertC,Alexandra Fiord - Ellesmere,Vaccinium,C,NA,1967,NA
FertC,Alexandra Fiord - Ellesmere,Vaccinium,C,NA,1968,NA
FertC,Alexandra Fiord - Ellesmere,Vaccinium,C,NA,1969,NA
FertC,Alexandra Fiord - Ellesmere,Vaccinium,C,NA,1970,NA
FertC,Alexandra Fiord - Ellesmere,Vaccinium,C,NA,1971,NA
FertC,Alexandra Fiord - Ellesmere,Vaccinium,C,NA,1972,NA
FertC,Alexandra Fiord - Ellesmere,Vaccinium,C,NA,1973,NA
FertC,Alexandra Fiord - Ellesmere,Vaccinium,C,NA,1974,NA
FertC,Alexandra Fiord - Ellesmere,Vaccinium,C,NA,1975,NA
FertC,Alexandra Fiord - Ellesmere,Vaccinium,C,NA,1976,NA
FertC,Alexandra Fiord - Ellesmere,Vaccinium,C,NA,1977,NA
FertC,Alexandra Fiord - Ellesmere,Vaccinium,C,NA,1978,NA
FertC,Alexandra Fiord - Ellesmere,Vaccinium,C,NA,1979,NA
FertC,Alexandra Fiord - Ellesmere,Vaccinium,C,NA,1980,NA
FertC,Alexandra Fiord - Ellesmere,Vaccinium,C,NA,1981,NA
FertC,Alexandra Fiord - Ellesmere,Vaccinium,C,NA,1982,NA
FertC,Alexandra Fiord - Ellesmere,Vaccinium,C,NA,1983,NA
FertC,Alexandra Fiord - Ellesmere,Vaccinium,C,NA,1984,NA
FertC,Alexandra Fiord - Ellesmere,Vaccinium,C,NA,1985,NA
FertC,Alexandra Fiord - Ellesmere,Vaccinium,C,NA,1986,NA
FertC,Alexandra Fiord - Ellesmere,Vaccinium,C,3.263,1987,NA
FertC,Alexandra Fiord - Ellesmere,Vaccinium,C,2.552,1988,NA
FertC,Alexandra Fiord - Ellesmere,Vaccinium,C,3.358,1989,6.272892857
FertC,Alexandra Fiord - Ellesmere,Vaccinium,C,2.738,1990,7.109777778
FertC,Alexandra Fiord - Ellesmere,Vaccinium,C,3.544,1991,6.229225806
FertC,Alexandra Fiord - Ellesmere,Vaccinium,C,3.862,1992,7.016451613
FertC,Alexandra Fiord - Ellesmere,Vaccinium,C,3.606,1993,4.93816129
FertC,Alexandra Fiord - Ellesmere,Vaccinium,C,3.286,1994,7.210580645
FertC,Alexandra Fiord - Ellesmere,Vaccinium,C,3.307,1995,6.034548387
FertC,Alexandra Fiord - Ellesmere,Vaccinium,C,3.793,1996,6.399129032
FertC,Alexandra Fiord - Ellesmere,Vaccinium,C,3.659,1997,6.667903226
FertC,Alexandra Fiord - Ellesmere,Vaccinium,C,3.994,1998,5.691
FertC,Alexandra Fiord - Ellesmere,Vaccinium,C,4.109,1999,7.450419355
FertC,Alexandra Fiord - Ellesmere,Vaccinium,C,4.388,2000,7.767709677
FertC,Alexandra Fiord - Ellesmere,Vaccinium,C,4.083,2001,7.738903226
FertC,Alexandra Fiord - Ellesmere,Vaccinium,C,4.645,2002,7.364451613
FertC,Alexandra Fiord - Ellesmere,Vaccinium,C,4.097,2003,5.54516129
FertC,Alexandra Fiord - Ellesmere,Vaccinium,C,4.345,2003,7.552806452
FertC,Alexandra Fiord - Ellesmere,Vaccinium,C,4.488,2004,4.439483871
FertC,Alexandra Fiord - Ellesmere,Vaccinium,C,4.9,2005,5.408688865
FertC,Alexandra Fiord - Ellesmere,Vaccinium,C,5.182,2006,6.623645161
FertC,Alexandra Fiord - Ellesmere,Vaccinium,C,5.567,2007,7.770870968
FertC,Alexandra Fiord - Ellesmere,Vaccinium,C,5.957,2008,6.938225806
FertC,Alexandra Fiord - Ellesmere,Vaccinium,C,5.935,2009,9.6628125
FertC,Alexandra Fiord - Ellesmere,Vaccinium,C,5.618,2010,7.654590909
FertC,Alexandra Fiord - Ellesmere,Vaccinium,C,5.95,2011,9.679633333
FertC,Alexandra Fiord - Ellesmere,Vaccinium,C,5.969,2012,8.673354839
FertC,Alexandra Fiord - Ellesmere,Vaccinium,C,5.864,2013,6.183354839
FertC,Alexandra Fiord - Ellesmere,Vaccinium,C,5.846,2014,7.359870968
FertC,Alexandra Fiord - Ellesmere,Vaccinium,C,6.553,2015,7.339032258
FertC,Alexandra Fiord - Ellesmere,Vaccinium,C,6.903,2016,8.19616129
FertC,Alexandra Fiord - Ellesmere,Vaccinium,C,6.608,2017,6.638870968
FertC,Alexandra Fiord - Ellesmere,Vaccinium,C,6.273,2018,5.176846154
FertT,Alexandra Fiord - Ellesmere,Vaccinium,T,NA,1966,NA
FertT,Alexandra Fiord - Ellesmere,Vaccinium,T,NA,1967,NA
FertT,Alexandra Fiord - Ellesmere,Vaccinium,T,NA,1968,NA
FertT,Alexandra Fiord - Ellesmere,Vaccinium,T,NA,1969,NA
FertT,Alexandra Fiord - Ellesmere,Vaccinium,T,NA,1970,NA
FertT,Alexandra Fiord - Ellesmere,Vaccinium,T,NA,1971,NA
FertT,Alexandra Fiord - Ellesmere,Vaccinium,T,NA,1972,NA
FertT,Alexandra Fiord - Ellesmere,Vaccinium,T,NA,1973,NA
FertT,Alexandra Fiord - Ellesmere,Vaccinium,T,NA,1974,NA
FertT,Alexandra Fiord - Ellesmere,Vaccinium,T,NA,1975,NA
FertT,Alexandra Fiord - Ellesmere,Vaccinium,T,NA,1976,NA
FertT,Alexandra Fiord - Ellesmere,Vaccinium,T,NA,1977,NA
FertT,Alexandra Fiord - Ellesmere,Vaccinium,T,NA,1978,NA
FertT,Alexandra Fiord - Ellesmere,Vaccinium,T,NA,1979,NA
FertT,Alexandra Fiord - Ellesmere,Vaccinium,T,4.202,1980,NA
FertT,Alexandra Fiord - Ellesmere,Vaccinium,T,3.082,1981,NA
FertT,Alexandra Fiord - Ellesmere,Vaccinium,T,5.497,1982,NA
FertT,Alexandra Fiord - Ellesmere,Vaccinium,T,3.575,1983,NA
FertT,Alexandra Fiord - Ellesmere,Vaccinium,T,4.321,1984,NA
FertT,Alexandra Fiord - Ellesmere,Vaccinium,T,3.863,1985,NA
FertT,Alexandra Fiord - Ellesmere,Vaccinium,T,3.507,1986,NA
FertT,Alexandra Fiord - Ellesmere,Vaccinium,T,3.731,1987,NA
FertT,Alexandra Fiord - Ellesmere,Vaccinium,T,2.934,1988,NA
FertT,Alexandra Fiord - Ellesmere,Vaccinium,T,3.928,1989,6.272892857
FertT,Alexandra Fiord - Ellesmere,Vaccinium,T,2.824,1990,7.109777778
FertT,Alexandra Fiord - Ellesmere,Vaccinium,T,4.251,1991,6.229225806
FertT,Alexandra Fiord - Ellesmere,Vaccinium,T,3.038,1992,7.016451613
FertT,Alexandra Fiord - Ellesmere,Vaccinium,T,4.22,1993,4.93816129
FertT,Alexandra Fiord - Ellesmere,Vaccinium,T,3.482,1994,7.210580645
FertT,Alexandra Fiord - Ellesmere,Vaccinium,T,4.6,1995,6.034548387
FertT,Alexandra Fiord - Ellesmere,Vaccinium,T,4.12,1996,6.399129032
FertT,Alexandra Fiord - Ellesmere,Vaccinium,T,3.266,1997,6.667903226
FertT,Alexandra Fiord - Ellesmere,Vaccinium,T,4.912,1998,5.691
FertT,Alexandra Fiord - Ellesmere,Vaccinium,T,4.551,1999,7.450419355
FertT,Alexandra Fiord - Ellesmere,Vaccinium,T,4.784,2000,7.767709677
FertT,Alexandra Fiord - Ellesmere,Vaccinium,T,4.769,2001,7.738903226
FertT,Alexandra Fiord - Ellesmere,Vaccinium,T,5.81,2002,7.364451613
FertT,Alexandra Fiord - Ellesmere,Vaccinium,T,5.882,2003,5.54516129
FertT,Alexandra Fiord - Ellesmere,Vaccinium,T,5.087,2003,7.552806452
FertT,Alexandra Fiord - Ellesmere,Vaccinium,T,5.994,2004,4.439483871
FertT,Alexandra Fiord - Ellesmere,Vaccinium,T,5.917,2005,5.408688865
FertT,Alexandra Fiord - Ellesmere,Vaccinium,T,6.62,2006,6.623645161
FertT,Alexandra Fiord - Ellesmere,Vaccinium,T,6.49,2007,7.770870968
FertT,Alexandra Fiord - Ellesmere,Vaccinium,T,6.069,2008,6.938225806
FertT,Alexandra Fiord - Ellesmere,Vaccinium,T,6.92,2009,9.6628125
FertT,Alexandra Fiord - Ellesmere,Vaccinium,T,6.79,2010,7.654590909
FertT,Alexandra Fiord - Ellesmere,Vaccinium,T,7.29,2011,9.679633333
FertT,Alexandra Fiord - Ellesmere,Vaccinium,T,7.447,2012,8.673354839
FertT,Alexandra Fiord - Ellesmere,Vaccinium,T,6.772,2013,6.183354839
FertT,Alexandra Fiord - Ellesmere,Vaccinium,T,7.186,2014,7.359870968
FertT,Alexandra Fiord - Ellesmere,Vaccinium,T,6.676,2015,7.339032258
FertT,Alexandra Fiord - Ellesmere,Vaccinium,T,7.46,2016,8.19616129
FertT,Alexandra Fiord - Ellesmere,Vaccinium,T,6.573,2017,6.638870968
FertT,Alexandra Fiord - Ellesmere,Vaccinium,T,6.995,2018,5.176846154
MigrationC,Alexandra Fiord - Ellesmere,Migration,C,NA,1966,NA
MigrationC,Alexandra Fiord - Ellesmere,Migration,C,NA,1967,NA
MigrationC,Alexandra Fiord - Ellesmere,Migration,C,NA,1968,NA
MigrationC,Alexandra Fiord - Ellesmere,Migration,C,NA,1969,NA
MigrationC,Alexandra Fiord - Ellesmere,Migration,C,NA,1970,NA
MigrationC,Alexandra Fiord - Ellesmere,Migration,C,NA,1971,NA
MigrationC,Alexandra Fiord - Ellesmere,Migration,C,NA,1972,NA
MigrationC,Alexandra Fiord - Ellesmere,Migration,C,NA,1973,NA
MigrationC,Alexandra Fiord - Ellesmere,Migration,C,NA,1974,NA
MigrationC,Alexandra Fiord - Ellesmere,Migration,C,NA,1975,NA
MigrationC,Alexandra Fiord - Ellesmere,Migration,C,NA,1976,NA
MigrationC,Alexandra Fiord - Ellesmere,Migration,C,NA,1977,NA
MigrationC,Alexandra Fiord - Ellesmere,Migration,C,NA,1978,NA
MigrationC,Alexandra Fiord - Ellesmere,Migration,C,NA,1979,NA
MigrationC,Alexandra Fiord - Ellesmere,Migration,C,NA,1980,NA
MigrationC,Alexandra Fiord - Ellesmere,Migration,C,NA,1981,NA
MigrationC,Alexandra Fiord - Ellesmere,Migration,C,NA,1982,NA
MigrationC,Alexandra Fiord - Ellesmere,Migration,C,NA,1983,NA
MigrationC,Alexandra Fiord - Ellesmere,Migration,C,NA,1984,NA
MigrationC,Alexandra Fiord - Ellesmere,Migration,C,NA,1985,NA
MigrationC,Alexandra Fiord - Ellesmere,Migration,C,NA,1986,NA
MigrationC,Alexandra Fiord - Ellesmere,Migration,C,NA,1987,NA
MigrationC,Alexandra Fiord - Ellesmere,Migration,C,3.404,1988,NA
MigrationC,Alexandra Fiord - Ellesmere,Migration,C,3.249,1989,6.272892857
MigrationC,Alexandra Fiord - Ellesmere,Migration,C,3.864,1990,7.109777778
MigrationC,Alexandra Fiord - Ellesmere,Migration,C,4.258,1991,6.229225806
MigrationC,Alexandra Fiord - Ellesmere,Migration,C,3.781,1992,7.016451613
MigrationC,Alexandra Fiord - Ellesmere,Migration,C,3.59,1993,4.93816129
MigrationC,Alexandra Fiord - Ellesmere,Migration,C,4.403,1994,7.210580645
MigrationC,Alexandra Fiord - Ellesmere,Migration,C,4.66,1995,6.034548387
MigrationC,Alexandra Fiord - Ellesmere,Migration,C,4.665,1996,6.399129032
MigrationC,Alexandra Fiord - Ellesmere,Migration,C,4.744,1997,6.667903226
MigrationC,Alexandra Fiord - Ellesmere,Migration,C,6.07,1998,5.691
MigrationC,Alexandra Fiord - Ellesmere,Migration,C,5.428,1999,7.450419355
MigrationC,Alexandra Fiord - Ellesmere,Migration,C,6.361,2000,7.767709677
MigrationC,Alexandra Fiord - Ellesmere,Migration,C,6.327,2001,7.738903226
MigrationC,Alexandra Fiord - Ellesmere,Migration,C,4.85,2002,7.364451613
MigrationC,Alexandra Fiord - Ellesmere,Migration,C,4.481,2003,5.54516129
MigrationC,Alexandra Fiord - Ellesmere,Migration,C,4.85,2003,7.552806452
MigrationC,Alexandra Fiord - Ellesmere,Migration,C,4.058,2004,4.439483871
MigrationC,Alexandra Fiord - Ellesmere,Migration,C,4.112,2005,5.408688865
MigrationC,Alexandra Fiord - Ellesmere,Migration,C,5.775,2006,6.623645161
MigrationC,Alexandra Fiord - Ellesmere,Migration,C,5.237,2007,7.770870968
MigrationC,Alexandra Fiord - Ellesmere,Migration,C,6.119,2008,6.938225806
MigrationC,Alexandra Fiord - Ellesmere,Migration,C,5.556,2009,9.6628125
MigrationC,Alexandra Fiord - Ellesmere,Migration,C,5.677,2010,7.654590909
MigrationC,Alexandra Fiord - Ellesmere,Migration,C,5.975,2011,9.679633333
MigrationC,Alexandra Fiord - Ellesmere,Migration,C,5.17,2012,8.673354839
MigrationC,Alexandra Fiord - Ellesmere,Migration,C,7.523,2013,6.183354839
MigrationC,Alexandra Fiord - Ellesmere,Migration,C,6.011,2014,7.359870968
MigrationC,Alexandra Fiord - Ellesmere,Migration,C,6.489,2015,7.339032258
MigrationC,Alexandra Fiord - Ellesmere,Migration,C,4.664,2016,8.19616129
MigrationC,Alexandra Fiord - Ellesmere,Migration,C,4.878,2017,6.638870968
MigrationC,Alexandra Fiord - Ellesmere,Migration,C,4.692,2018,5.176846154
MigrationT,Alexandra Fiord - Ellesmere,Migration,T,NA,1966,NA
MigrationT,Alexandra Fiord - Ellesmere,Migration,T,NA,1967,NA
MigrationT,Alexandra Fiord - Ellesmere,Migration,T,NA,1968,NA
MigrationT,Alexandra Fiord - Ellesmere,Migration,T,NA,1969,NA
MigrationT,Alexandra Fiord - Ellesmere,Migration,T,NA,1970,NA
MigrationT,Alexandra Fiord - Ellesmere,Migration,T,NA,1971,NA
MigrationT,Alexandra Fiord - Ellesmere,Migration,T,NA,1972,NA
MigrationT,Alexandra Fiord - Ellesmere,Migration,T,NA,1973,NA
MigrationT,Alexandra Fiord - Ellesmere,Migration,T,NA,1974,NA
MigrationT,Alexandra Fiord - Ellesmere,Migration,T,NA,1975,NA
MigrationT,Alexandra Fiord - Ellesmere,Migration,T,NA,1976,NA
MigrationT,Alexandra Fiord - Ellesmere,Migration,T,NA,1977,NA
MigrationT,Alexandra Fiord - Ellesmere,Migration,T,NA,1978,NA
MigrationT,Alexandra Fiord - Ellesmere,Migration,T,NA,1979,NA
MigrationT,Alexandra Fiord - Ellesmere,Migration,T,NA,1980,NA
MigrationT,Alexandra Fiord - Ellesmere,Migration,T,NA,1981,NA
MigrationT,Alexandra Fiord - Ellesmere,Migration,T,NA,1982,NA
MigrationT,Alexandra Fiord - Ellesmere,Migration,T,NA,1983,NA
MigrationT,Alexandra Fiord - Ellesmere,Migration,T,NA,1984,NA
MigrationT,Alexandra Fiord - Ellesmere,Migration,T,NA,1985,NA
MigrationT,Alexandra Fiord - Ellesmere,Migration,T,NA,1986,NA
MigrationT,Alexandra Fiord - Ellesmere,Migration,T,NA,1987,NA
MigrationT,Alexandra Fiord - Ellesmere,Migration,T,NA,1988,NA
MigrationT,Alexandra Fiord - Ellesmere,Migration,T,NA,1989,6.272892857
MigrationT,Alexandra Fiord - Ellesmere,Migration,T,NA,1990,7.109777778
MigrationT,Alexandra Fiord - Ellesmere,Migration,T,NA,1991,6.229225806
MigrationT,Alexandra Fiord - Ellesmere,Migration,T,NA,1992,7.016451613
MigrationT,Alexandra Fiord - Ellesmere,Migration,T,2.715,1993,4.93816129
MigrationT,Alexandra Fiord - Ellesmere,Migration,T,4.777,1994,7.210580645
MigrationT,Alexandra Fiord - Ellesmere,Migration,T,4.72,1995,6.034548387
MigrationT,Alexandra Fiord - Ellesmere,Migration,T,6.544,1996,6.399129032
MigrationT,Alexandra Fiord - Ellesmere,Migration,T,6.263,1997,6.667903226
MigrationT,Alexandra Fiord - Ellesmere,Migration,T,6.046,1998,5.691
MigrationT,Alexandra Fiord - Ellesmere,Migration,T,5.359,1999,7.450419355
MigrationT,Alexandra Fiord - Ellesmere,Migration,T,5.597,2000,7.767709677
MigrationT,Alexandra Fiord - Ellesmere,Migration,T,4.833,2001,7.738903226
MigrationT,Alexandra Fiord - Ellesmere,Migration,T,5.616,2002,7.364451613
MigrationT,Alexandra Fiord - Ellesmere,Migration,T,5.621,2003,5.54516129
MigrationT,Alexandra Fiord - Ellesmere,Migration,T,5.447,2003,7.552806452
MigrationT,Alexandra Fiord - Ellesmere,Migration,T,5.599,2004,4.439483871
MigrationT,Alexandra Fiord - Ellesmere,Migration,T,5.697,2005,5.408688865
MigrationT,Alexandra Fiord - Ellesmere,Migration,T,5.845,2006,6.623645161
MigrationT,Alexandra Fiord - Ellesmere,Migration,T,5.375,2007,7.770870968
MigrationT,Alexandra Fiord - Ellesmere,Migration,T,5.111,2008,6.938225806
MigrationT,Alexandra Fiord - Ellesmere,Migration,T,6.699,2009,9.6628125
MigrationT,Alexandra Fiord - Ellesmere,Migration,T,5.681,2010,7.654590909
MigrationT,Alexandra Fiord - Ellesmere,Migration,T,7.282,2011,9.679633333
MigrationT,Alexandra Fiord - Ellesmere,Migration,T,6.877,2012,8.673354839
MigrationT,Alexandra Fiord - Ellesmere,Migration,T,7.469,2013,6.183354839
MigrationT,Alexandra Fiord - Ellesmere,Migration,T,6.982,2014,7.359870968
MigrationT,Alexandra Fiord - Ellesmere,Migration,T,7.451,2015,7.339032258
MigrationT,Alexandra Fiord - Ellesmere,Migration,T,8.474,2016,8.19616129
MigrationT,Alexandra Fiord - Ellesmere,Migration,T,6.465,2017,6.638870968
MigrationT,Alexandra Fiord - Ellesmere,Migration,T,6.975,2018,5.176846154
AnnexC,Alexandra Fiord - Ellesmere,Annex,C,NA,1966,NA
AnnexC,Alexandra Fiord - Ellesmere,Annex,C,NA,1967,NA
AnnexC,Alexandra Fiord - Ellesmere,Annex,C,NA,1968,NA
AnnexC,Alexandra Fiord - Ellesmere,Annex,C,NA,1969,NA
AnnexC,Alexandra Fiord - Ellesmere,Annex,C,NA,1970,NA
AnnexC,Alexandra Fiord - Ellesmere,Annex,C,NA,1971,NA
AnnexC,Alexandra Fiord - Ellesmere,Annex,C,NA,1972,NA
AnnexC,Alexandra Fiord - Ellesmere,Annex,C,NA,1973,NA
AnnexC,Alexandra Fiord - Ellesmere,Annex,C,NA,1974,NA
AnnexC,Alexandra Fiord - Ellesmere,Annex,C,NA,1975,NA
AnnexC,Alexandra Fiord - Ellesmere,Annex,C,NA,1976,NA
AnnexC,Alexandra Fiord - Ellesmere,Annex,C,NA,1977,NA
AnnexC,Alexandra Fiord - Ellesmere,Annex,C,NA,1978,NA
AnnexC,Alexandra Fiord - Ellesmere,Annex,C,NA,1979,NA
AnnexC,Alexandra Fiord - Ellesmere,Annex,C,NA,1980,NA
AnnexC,Alexandra Fiord - Ellesmere,Annex,C,NA,1981,NA
AnnexC,Alexandra Fiord - Ellesmere,Annex,C,NA,1982,NA
AnnexC,Alexandra Fiord - Ellesmere,Annex,C,NA,1983,NA
AnnexC,Alexandra Fiord - Ellesmere,Annex,C,NA,1984,NA
AnnexC,Alexandra Fiord - Ellesmere,Annex,C,NA,1985,NA
AnnexC,Alexandra Fiord - Ellesmere,Annex,C,NA,1986,NA
AnnexC,Alexandra Fiord - Ellesmere,Annex,C,3.312,1987,NA
AnnexC,Alexandra Fiord - Ellesmere,Annex,C,4.067,1988,NA
AnnexC,Alexandra Fiord - Ellesmere,Annex,C,3.878,1989,6.272892857
AnnexC,Alexandra Fiord - Ellesmere,Annex,C,3.636,1990,7.109777778
AnnexC,Alexandra Fiord - Ellesmere,Annex,C,4.469,1991,6.229225806
AnnexC,Alexandra Fiord - Ellesmere,Annex,C,4.3,1992,7.016451613
AnnexC,Alexandra Fiord - Ellesmere,Annex,C,4.743,1993,4.93816129
AnnexC,Alexandra Fiord - Ellesmere,Annex,C,3.781,1994,7.210580645
AnnexC,Alexandra Fiord - Ellesmere,Annex,C,4.049,1995,6.034548387
AnnexC,Alexandra Fiord - Ellesmere,Annex,C,4.497,1996,6.399129032
AnnexC,Alexandra Fiord - Ellesmere,Annex,C,4.841,1997,6.667903226
AnnexC,Alexandra Fiord - Ellesmere,Annex,C,4.376,1998,5.691
AnnexC,Alexandra Fiord - Ellesmere,Annex,C,4.826,1999,7.450419355
AnnexC,Alexandra Fiord - Ellesmere,Annex,C,4.518,2000,7.767709677
AnnexC,Alexandra Fiord - Ellesmere,Annex,C,4.259,2001,7.738903226
AnnexC,Alexandra Fiord - Ellesmere,Annex,C,4.871,2002,7.364451613
AnnexC,Alexandra Fiord - Ellesmere,Annex,C,4.272,2003,5.54516129
AnnexC,Alexandra Fiord - Ellesmere,Annex,C,5.006,2003,7.552806452
AnnexC,Alexandra Fiord - Ellesmere,Annex,C,4.709,2004,4.439483871
AnnexC,Alexandra Fiord - Ellesmere,Annex,C,4.983,2005,5.408688865
AnnexC,Alexandra Fiord - Ellesmere,Annex,C,5.129,2006,6.623645161
AnnexC,Alexandra Fiord - Ellesmere,Annex,C,4.657,2007,7.770870968
AnnexC,Alexandra Fiord - Ellesmere,Annex,C,5.685,2008,6.938225806
AnnexC,Alexandra Fiord - Ellesmere,Annex,C,5.868,2009,9.6628125
AnnexC,Alexandra Fiord - Ellesmere,Annex,C,5.822,2010,7.654590909
AnnexC,Alexandra Fiord - Ellesmere,Annex,C,5.799,2011,9.679633333
AnnexC,Alexandra Fiord - Ellesmere,Annex,C,5.291,2012,8.673354839
AnnexC,Alexandra Fiord - Ellesmere,Annex,C,5.363,2013,6.183354839
AnnexC,Alexandra Fiord - Ellesmere,Annex,C,6.579,2014,7.359870968
AnnexC,Alexandra Fiord - Ellesmere,Annex,C,6.561,2015,7.339032258
AnnexC,Alexandra Fiord - Ellesmere,Annex,C,6.389,2016,8.19616129
AnnexC,Alexandra Fiord - Ellesmere,Annex,C,5.045,2017,6.638870968
AnnexC,Alexandra Fiord - Ellesmere,Annex,C,4.763,2018,5.176846154
AnnexT,Alexandra Fiord - Ellesmere,Annex,T,NA,1966,NA
AnnexT,Alexandra Fiord - Ellesmere,Annex,T,NA,1967,NA
AnnexT,Alexandra Fiord - Ellesmere,Annex,T,NA,1968,NA
AnnexT,Alexandra Fiord - Ellesmere,Annex,T,NA,1969,NA
AnnexT,Alexandra Fiord - Ellesmere,Annex,T,NA,1970,NA
AnnexT,Alexandra Fiord - Ellesmere,Annex,T,NA,1971,NA
AnnexT,Alexandra Fiord - Ellesmere,Annex,T,NA,1972,NA
AnnexT,Alexandra Fiord - Ellesmere,Annex,T,NA,1973,NA
AnnexT,Alexandra Fiord - Ellesmere,Annex,T,NA,1974,NA
AnnexT,Alexandra Fiord - Ellesmere,Annex,T,NA,1975,NA
AnnexT,Alexandra Fiord - Ellesmere,Annex,T,NA,1976,NA
AnnexT,Alexandra Fiord - Ellesmere,Annex,T,NA,1977,NA
AnnexT,Alexandra Fiord - Ellesmere,Annex,T,2.714,1978,NA
AnnexT,Alexandra Fiord - Ellesmere,Annex,T,5.062,1979,NA
AnnexT,Alexandra Fiord - Ellesmere,Annex,T,2.278,1980,NA
AnnexT,Alexandra Fiord - Ellesmere,Annex,T,3.551,1981,NA
AnnexT,Alexandra Fiord - Ellesmere,Annex,T,3.28,1982,NA
AnnexT,Alexandra Fiord - Ellesmere,Annex,T,4.552,1983,NA
AnnexT,Alexandra Fiord - Ellesmere,Annex,T,2.831,1984,NA
AnnexT,Alexandra Fiord - Ellesmere,Annex,T,4.316,1985,NA
AnnexT,Alexandra Fiord - Ellesmere,Annex,T,3.379,1986,NA
AnnexT,Alexandra Fiord - Ellesmere,Annex,T,3.176,1987,NA
AnnexT,Alexandra Fiord - Ellesmere,Annex,T,3.974,1988,NA
AnnexT,Alexandra Fiord - Ellesmere,Annex,T,3.839,1989,6.272892857
AnnexT,Alexandra Fiord - Ellesmere,Annex,T,4.306,1990,7.109777778
AnnexT,Alexandra Fiord - Ellesmere,Annex,T,5.585,1991,6.229225806
AnnexT,Alexandra Fiord - Ellesmere,Annex,T,4.079,1992,7.016451613
AnnexT,Alexandra Fiord - Ellesmere,Annex,T,3.321,1993,4.93816129
AnnexT,Alexandra Fiord - Ellesmere,Annex,T,5.012,1994,7.210580645
AnnexT,Alexandra Fiord - Ellesmere,Annex,T,3.699,1995,6.034548387
AnnexT,Alexandra Fiord - Ellesmere,Annex,T,4.831,1996,6.399129032
AnnexT,Alexandra Fiord - Ellesmere,Annex,T,3.662,1997,6.667903226
AnnexT,Alexandra Fiord - Ellesmere,Annex,T,5.071,1998,5.691
AnnexT,Alexandra Fiord - Ellesmere,Annex,T,4.265,1999,7.450419355
AnnexT,Alexandra Fiord - Ellesmere,Annex,T,4.505,2000,7.767709677
AnnexT,Alexandra Fiord - Ellesmere,Annex,T,4.701,2001,7.738903226
AnnexT,Alexandra Fiord - Ellesmere,Annex,T,3.906,2002,7.364451613
AnnexT,Alexandra Fiord - Ellesmere,Annex,T,4.482,2003,5.54516129
AnnexT,Alexandra Fiord - Ellesmere,Annex,T,4.386,2003,7.552806452
AnnexT,Alexandra Fiord - Ellesmere,Annex,T,4.864,2004,4.439483871
AnnexT,Alexandra Fiord - Ellesmere,Annex,T,4.492,2005,5.408688865
AnnexT,Alexandra Fiord - Ellesmere,Annex,T,6.26,2006,6.623645161
AnnexT,Alexandra Fiord - Ellesmere,Annex,T,5.576,2007,7.770870968
AnnexT,Alexandra Fiord - Ellesmere,Annex,T,5.607,2008,6.938225806
AnnexT,Alexandra Fiord - Ellesmere,Annex,T,5.587,2009,9.6628125
AnnexT,Alexandra Fiord - Ellesmere,Annex,T,5.964,2010,7.654590909
AnnexT,Alexandra Fiord - Ellesmere,Annex,T,6.412,2011,9.679633333
AnnexT,Alexandra Fiord - Ellesmere,Annex,T,6.201,2012,8.673354839
AnnexT,Alexandra Fiord - Ellesmere,Annex,T,7.85,2013,6.183354839
AnnexT,Alexandra Fiord - Ellesmere,Annex,T,8.712,2014,7.359870968
AnnexT,Alexandra Fiord - Ellesmere,Annex,T,7.475,2015,7.339032258
AnnexT,Alexandra Fiord - Ellesmere,Annex,T,7.996,2016,8.19616129
AnnexT,Alexandra Fiord - Ellesmere,Annex,T,7.155,2017,6.638870968
AnnexT,Alexandra Fiord - Ellesmere,Annex,T,7.157,2018,5.176846154
ToolikC,Alaska,Toolik,C,NA,1966,9.6
ToolikC,Alaska,Toolik,C,NA,1967,10.5
ToolikC,Alaska,Toolik,C,NA,1968,9.7
ToolikC,Alaska,Toolik,C,NA,1969,12.6
ToolikC,Alaska,Toolik,C,NA,1970,9.2
ToolikC,Alaska,Toolik,C,NA,1971,10.4
ToolikC,Alaska,Toolik,C,NA,1972,11.2
ToolikC,Alaska,Toolik,C,NA,1973,11.8
ToolikC,Alaska,Toolik,C,NA,1974,10.6
ToolikC,Alaska,Toolik,C,NA,1975,10.2
ToolikC,Alaska,Toolik,C,NA,1976,11.5
ToolikC,Alaska,Toolik,C,NA,1977,10.4
ToolikC,Alaska,Toolik,C,NA,1978,10.8
ToolikC,Alaska,Toolik,C,NA,1979,11.7
ToolikC,Alaska,Toolik,C,NA,1980,12.1
ToolikC,Alaska,Toolik,C,NA,1981,9.9
ToolikC,Alaska,Toolik,C,NA,1982,9.8
ToolikC,Alaska,Toolik,C,NA,1983,11.6
ToolikC,Alaska,Toolik,C,NA,1984,10.7
ToolikC,Alaska,Toolik,C,NA,1985,10.3
ToolikC,Alaska,Toolik,C,NA,1986,10.1
ToolikC,Alaska,Toolik,C,NA,1987,11.1
ToolikC,Alaska,Toolik,C,NA,1988,11.8
ToolikC,Alaska,Toolik,C,NA,1989,11.9
ToolikC,Alaska,Toolik,C,NA,1990,12.6
ToolikC,Alaska,Toolik,C,NA,1991,12.9
ToolikC,Alaska,Toolik,C,NA,1992,9.6
ToolikC,Alaska,Toolik,C,NA,1993,11.7
ToolikC,Alaska,Toolik,C,NA,1994,13.1
ToolikC,Alaska,Toolik,C,NA,1995,12.7
ToolikC,Alaska,Toolik,C,NA,1996,11.4
ToolikC,Alaska,Toolik,C,NA,1997,11.6
ToolikC,Alaska,Toolik,C,NA,1998,11.6
ToolikC,Alaska,Toolik,C,NA,1999,13.1
ToolikC,Alaska,Toolik,C,NA,2000,10.7
ToolikC,Alaska,Toolik,C,NA,2001,10.5
ToolikC,Alaska,Toolik,C,NA,2002,10.4
ToolikC,Alaska,Toolik,C,NA,2003,10.9
ToolikC,Alaska,Toolik,C,4.18,2003,11.1
ToolikC,Alaska,Toolik,C,3.9,2004,12.9
ToolikC,Alaska,Toolik,C,5.22,2005,10.8
ToolikC,Alaska,Toolik,C,3.68,2006,11.1
ToolikC,Alaska,Toolik,C,5.095,2007,12.8
ToolikC,Alaska,Toolik,C,4.822459,2008,11.1
ToolikC,Alaska,Toolik,C,5.009621,2009,13
ToolikC,Alaska,Toolik,C,4.923404,2010,10.9
ToolikC,Alaska,Toolik,C,5.281586,2011,11
ToolikC,Alaska,Toolik,C,5.791974,2012,11.7
ToolikC,Alaska,Toolik,C,6.660235,2013,12.2
ToolikC,Alaska,Toolik,C,6.14351,2014,10.3
ToolikC,Alaska,Toolik,C,7.317302,2015,11.4
ToolikC,Alaska,Toolik,C,7.727812,2016,12.2
ToolikC,Alaska,Toolik,C,6.542228,2017,13.4
ToolikC,Alaska,Toolik,C,6.315608,2018,12.7
ToolikT,Alaska,Toolik,T,NA,1966,9.6
ToolikT,Alaska,Toolik,T,NA,1967,10.5
ToolikT,Alaska,Toolik,T,NA,1968,9.7
ToolikT,Alaska,Toolik,T,NA,1969,12.6
ToolikT,Alaska,Toolik,T,NA,1970,9.2
ToolikT,Alaska,Toolik,T,NA,1971,10.4
ToolikT,Alaska,Toolik,T,NA,1972,11.2
ToolikT,Alaska,Toolik,T,NA,1973,11.8
ToolikT,Alaska,Toolik,T,NA,1974,10.6
ToolikT,Alaska,Toolik,T,NA,1975,10.2
ToolikT,Alaska,Toolik,T,NA,1976,11.5
ToolikT,Alaska,Toolik,T,NA,1977,10.4
ToolikT,Alaska,Toolik,T,NA,1978,10.8
ToolikT,Alaska,Toolik,T,NA,1979,11.7
ToolikT,Alaska,Toolik,T,NA,1980,12.1
ToolikT,Alaska,Toolik,T,NA,1981,9.9
ToolikT,Alaska,Toolik,T,NA,1982,9.8
ToolikT,Alaska,Toolik,T,NA,1983,11.6
ToolikT,Alaska,Toolik,T,NA,1984,10.7
ToolikT,Alaska,Toolik,T,NA,1985,10.3
ToolikT,Alaska,Toolik,T,NA,1986,10.1
ToolikT,Alaska,Toolik,T,NA,1987,11.1
ToolikT,Alaska,Toolik,T,NA,1988,11.8
ToolikT,Alaska,Toolik,T,NA,1989,11.9
ToolikT,Alaska,Toolik,T,NA,1990,12.6
ToolikT,Alaska,Toolik,T,NA,1991,12.9
ToolikT,Alaska,Toolik,T,NA,1992,9.6
ToolikT,Alaska,Toolik,T,NA,1993,11.7
ToolikT,Alaska,Toolik,T,NA,1994,13.1
ToolikT,Alaska,Toolik,T,NA,1995,12.7
ToolikT,Alaska,Toolik,T,NA,1996,11.4
ToolikT,Alaska,Toolik,T,NA,1997,11.6
ToolikT,Alaska,Toolik,T,NA,1998,11.6
ToolikT,Alaska,Toolik,T,NA,1999,13.1
ToolikT,Alaska,Toolik,T,5.45,2000,10.7
ToolikT,Alaska,Toolik,T,2.73,2001,10.5
ToolikT,Alaska,Toolik,T,4.06,2002,10.4
ToolikT,Alaska,Toolik,T,4.165,2003,10.9
ToolikT,Alaska,Toolik,T,4.48,2003,11.1
ToolikT,Alaska,Toolik,T,4.165,2004,12.9
ToolikT,Alaska,Toolik,T,5.26,2005,10.8
ToolikT,Alaska,Toolik,T,6.775,2006,11.1
ToolikT,Alaska,Toolik,T,6.385669,2007,12.8
ToolikT,Alaska,Toolik,T,4.75,2008,11.1
ToolikT,Alaska,Toolik,T,5.897228,2009,13
ToolikT,Alaska,Toolik,T,5.721074,2010,10.9
ToolikT,Alaska,Toolik,T,6.51517,2011,11
ToolikT,Alaska,Toolik,T,7.465255,2012,11.7
ToolikT,Alaska,Toolik,T,8.357421,2013,12.2
ToolikT,Alaska,Toolik,T,8.63561,2014,10.3
ToolikT,Alaska,Toolik,T,8.095188,2015,11.4
ToolikT,Alaska,Toolik,T,8.111532,2016,12.2
ToolikT,Alaska,Toolik,T,7.68836,2017,13.4
ToolikT,Alaska,Toolik,T,10.961763,2018,12.7
ImnavaitC,Alaska,Imnavait,C,NA,1966,9.6
ImnavaitC,Alaska,Imnavait,C,NA,1967,10.5
ImnavaitC,Alaska,Imnavait,C,NA,1968,9.7
ImnavaitC,Alaska,Imnavait,C,NA,1969,12.6
ImnavaitC,Alaska,Imnavait,C,NA,1970,9.2
ImnavaitC,Alaska,Imnavait,C,NA,1971,10.4
ImnavaitC,Alaska,Imnavait,C,NA,1972,11.2
ImnavaitC,Alaska,Imnavait,C,NA,1973,11.8
ImnavaitC,Alaska,Imnavait,C,NA,1974,10.6
ImnavaitC,Alaska,Imnavait,C,NA,1975,10.2
ImnavaitC,Alaska,Imnavait,C,NA,1976,11.5
ImnavaitC,Alaska,Imnavait,C,NA,1977,10.4
ImnavaitC,Alaska,Imnavait,C,NA,1978,10.8
ImnavaitC,Alaska,Imnavait,C,NA,1979,11.7
ImnavaitC,Alaska,Imnavait,C,NA,1980,12.1
ImnavaitC,Alaska,Imnavait,C,NA,1981,9.9
ImnavaitC,Alaska,Imnavait,C,NA,1982,9.8
ImnavaitC,Alaska,Imnavait,C,NA,1983,11.6
ImnavaitC,Alaska,Imnavait,C,NA,1984,10.7
ImnavaitC,Alaska,Imnavait,C,NA,1985,10.3
ImnavaitC,Alaska,Imnavait,C,NA,1986,10.1
ImnavaitC,Alaska,Imnavait,C,NA,1987,11.1
ImnavaitC,Alaska,Imnavait,C,NA,1988,11.8
ImnavaitC,Alaska,Imnavait,C,NA,1989,11.9
ImnavaitC,Alaska,Imnavait,C,NA,1990,12.6
ImnavaitC,Alaska,Imnavait,C,NA,1991,12.9
ImnavaitC,Alaska,Imnavait,C,NA,1992,9.6
ImnavaitC,Alaska,Imnavait,C,NA,1993,11.7
ImnavaitC,Alaska,Imnavait,C,NA,1994,13.1
ImnavaitC,Alaska,Imnavait,C,NA,1995,12.7
ImnavaitC,Alaska,Imnavait,C,NA,1996,11.4
ImnavaitC,Alaska,Imnavait,C,NA,1997,11.6
ImnavaitC,Alaska,Imnavait,C,NA,1998,11.6
ImnavaitC,Alaska,Imnavait,C,NA,1999,13.1
ImnavaitC,Alaska,Imnavait,C,NA,2000,10.7
ImnavaitC,Alaska,Imnavait,C,NA,2001,10.5
ImnavaitC,Alaska,Imnavait,C,NA,2002,10.4
ImnavaitC,Alaska,Imnavait,C,NA,2003,10.9
ImnavaitC,Alaska,Imnavait,C,6.772345,2003,11.1
ImnavaitC,Alaska,Imnavait,C,,2004,12.9
ImnavaitC,Alaska,Imnavait,C,,2005,10.8
ImnavaitC,Alaska,Imnavait,C,3.26,2006,11.1
ImnavaitC,Alaska,Imnavait,C,3.16,2007,12.8
ImnavaitC,Alaska,Imnavait,C,4.11,2008,11.1
ImnavaitC,Alaska,Imnavait,C,5.536494,2009,13
ImnavaitC,Alaska,Imnavait,C,5.055472,2010,10.9
ImnavaitC,Alaska,Imnavait,C,4.19716,2011,11
ImnavaitC,Alaska,Imnavait,C,5.062903,2012,11.7
ImnavaitC,Alaska,Imnavait,C,5.822116,2013,12.2
ImnavaitC,Alaska,Imnavait,C,6.013892,2014,10.3
ImnavaitC,Alaska,Imnavait,C,5.245344,2015,11.4
ImnavaitC,Alaska,Imnavait,C,5.804088,2016,12.2
ImnavaitC,Alaska,Imnavait,C,5.375727,2017,13.4
ImnavaitC,Alaska,Imnavait,C,6.079968,2018,12.7
ImnavaitT,Alaska,Imnavait,T,NA,1966,9.6
ImnavaitT,Alaska,Imnavait,T,NA,1967,10.5
ImnavaitT,Alaska,Imnavait,T,NA,1968,9.7
ImnavaitT,Alaska,Imnavait,T,NA,1969,12.6
ImnavaitT,Alaska,Imnavait,T,NA,1970,9.2
ImnavaitT,Alaska,Imnavait,T,NA,1971,10.4
ImnavaitT,Alaska,Imnavait,T,NA,1972,11.2
ImnavaitT,Alaska,Imnavait,T,NA,1973,11.8
ImnavaitT,Alaska,Imnavait,T,NA,1974,10.6
ImnavaitT,Alaska,Imnavait,T,NA,1975,10.2
ImnavaitT,Alaska,Imnavait,T,NA,1976,11.5
ImnavaitT,Alaska,Imnavait,T,NA,1977,10.4
ImnavaitT,Alaska,Imnavait,T,NA,1978,10.8
ImnavaitT,Alaska,Imnavait,T,NA,1979,11.7
ImnavaitT,Alaska,Imnavait,T,NA,1980,12.1
ImnavaitT,Alaska,Imnavait,T,NA,1981,9.9
ImnavaitT,Alaska,Imnavait,T,NA,1982,9.8
ImnavaitT,Alaska,Imnavait,T,NA,1983,11.6
ImnavaitT,Alaska,Imnavait,T,NA,1984,10.7
ImnavaitT,Alaska,Imnavait,T,NA,1985,10.3
ImnavaitT,Alaska,Imnavait,T,NA,1986,10.1
ImnavaitT,Alaska,Imnavait,T,NA,1987,11.1
ImnavaitT,Alaska,Imnavait,T,NA,1988,11.8
ImnavaitT,Alaska,Imnavait,T,NA,1989,11.9
ImnavaitT,Alaska,Imnavait,T,NA,1990,12.6
ImnavaitT,Alaska,Imnavait,T,NA,1991,12.9
ImnavaitT,Alaska,Imnavait,T,NA,1992,9.6
ImnavaitT,Alaska,Imnavait,T,NA,1993,11.7
ImnavaitT,Alaska,Imnavait,T,NA,1994,13.1
ImnavaitT,Alaska,Imnavait,T,NA,1995,12.7
ImnavaitT,Alaska,Imnavait,T,NA,1996,11.4
ImnavaitT,Alaska,Imnavait,T,NA,1997,11.6
ImnavaitT,Alaska,Imnavait,T,NA,1998,11.6
ImnavaitT,Alaska,Imnavait,T,NA,1999,13.1
ImnavaitT,Alaska,Imnavait,T,NA,2000,10.7
ImnavaitT,Alaska,Imnavait,T,NA,2001,10.5
ImnavaitT,Alaska,Imnavait,T,NA,2002,10.4
ImnavaitT,Alaska,Imnavait,T,5.19,2003,10.9
ImnavaitT,Alaska,Imnavait,T,8.747569,2003,11.1
ImnavaitT,Alaska,Imnavait,T,5.05,2004,12.9
ImnavaitT,Alaska,Imnavait,T,5.062125,2005,10.8
ImnavaitT,Alaska,Imnavait,T,3.509904,2006,11.1
ImnavaitT,Alaska,Imnavait,T,3.902042,2007,12.8
ImnavaitT,Alaska,Imnavait,T,3.877763,2008,11.1
ImnavaitT,Alaska,Imnavait,T,5.357113,2009,13
ImnavaitT,Alaska,Imnavait,T,4.409152,2010,10.9
ImnavaitT,Alaska,Imnavait,T,4.394813,2011,11
ImnavaitT,Alaska,Imnavait,T,5.257583,2012,11.7
ImnavaitT,Alaska,Imnavait,T,6.667477,2013,12.2
ImnavaitT,Alaska,Imnavait,T,5.389643,2014,10.3
ImnavaitT,Alaska,Imnavait,T,6.180088,2015,11.4
ImnavaitT,Alaska,Imnavait,T,6.812989,2016,12.2
ImnavaitT,Alaska,Imnavait,T,6.136309,2017,13.4
ImnavaitT,Alaska,Imnavait,T,5.971194,2018,12.7
AtqasukT,Alaska,Atqasuk,T,NA,1966,4.7
AtqasukT,Alaska,Atqasuk,T,NA,1967,5.4
AtqasukT,Alaska,Atqasuk,T,NA,1968,5.4
AtqasukT,Alaska,Atqasuk,T,NA,1969,7.6
AtqasukT,Alaska,Atqasuk,T,NA,1970,4.6
AtqasukT,Alaska,Atqasuk,T,NA,1971,5.4
AtqasukT,Alaska,Atqasuk,T,NA,1972,6.5
AtqasukT,Alaska,Atqasuk,T,NA,1973,7.7
AtqasukT,Alaska,Atqasuk,T,NA,1974,5.2
AtqasukT,Alaska,Atqasuk,T,NA,1975,5.7
AtqasukT,Alaska,Atqasuk,T,NA,1976,5.7
AtqasukT,Alaska,Atqasuk,T,NA,1977,5.3
AtqasukT,Alaska,Atqasuk,T,NA,1978,6.6
AtqasukT,Alaska,Atqasuk,T,NA,1979,7.1
AtqasukT,Alaska,Atqasuk,T,NA,1980,6.8
AtqasukT,Alaska,Atqasuk,T,NA,1981,5.5
AtqasukT,Alaska,Atqasuk,T,NA,1982,5.1
AtqasukT,Alaska,Atqasuk,T,NA,1983,6.6
AtqasukT,Alaska,Atqasuk,T,NA,1984,5.8
AtqasukT,Alaska,Atqasuk,T,NA,1985,5.7
AtqasukT,Alaska,Atqasuk,T,NA,1986,6
AtqasukT,Alaska,Atqasuk,T,NA,1987,6.5
AtqasukT,Alaska,Atqasuk,T,NA,1988,6.9
AtqasukT,Alaska,Atqasuk,T,NA,1989,6.8
AtqasukT,Alaska,Atqasuk,T,NA,1990,7.3
AtqasukT,Alaska,Atqasuk,T,NA,1991,8.1
AtqasukT,Alaska,Atqasuk,T,NA,1992,5.6
AtqasukT,Alaska,Atqasuk,T,NA,1993,6.9
AtqasukT,Alaska,Atqasuk,T,NA,1994,8.6
AtqasukT,Alaska,Atqasuk,T,NA,1995,7.1
AtqasukT,Alaska,Atqasuk,T,NA,1996,6.4
AtqasukT,Alaska,Atqasuk,T,NA,1997,6.9
AtqasukT,Alaska,Atqasuk,T,NA,1998,6.7
AtqasukT,Alaska,Atqasuk,T,NA,1999,8.4
AtqasukT,Alaska,Atqasuk,T,3.55,2000,6.1
AtqasukT,Alaska,Atqasuk,T,4,2001,5.5
AtqasukT,Alaska,Atqasuk,T,3.604058,2002,5.6
AtqasukT,Alaska,Atqasuk,T,3.845598,2003,6.3
AtqasukT,Alaska,Atqasuk,T,3.880428,2003,6.2
AtqasukT,Alaska,Atqasuk,T,4.820377,2004,8.5
AtqasukT,Alaska,Atqasuk,T,4.417121,2005,6.5
AtqasukT,Alaska,Atqasuk,T,4.148599,2006,6.1
AtqasukT,Alaska,Atqasuk,T,3.610521,2007,8.4
AtqasukT,Alaska,Atqasuk,T,5.093542,2008,6.4
AtqasukT,Alaska,Atqasuk,T,4.489089,2009,8.1
AtqasukT,Alaska,Atqasuk,T,5.233028,2010,6
AtqasukT,Alaska,Atqasuk,T,5.153197,2011,6.2
AtqasukT,Alaska,Atqasuk,T,5.567262,2012,7.1
AtqasukT,Alaska,Atqasuk,T,5.701388,2013,7.4
AtqasukT,Alaska,Atqasuk,T,5.43745,2014,5.4
AtqasukT,Alaska,Atqasuk,T,5.918012,2015,6.9
AtqasukT,Alaska,Atqasuk,T,6.287951,2016,7.5
AtqasukT,Alaska,Atqasuk,T,5.922775,2017,8.7
AtqasukT,Alaska,Atqasuk,T,5.861324,2018,7.9
AtqasukC,Alaska,Atqasuk,C,NA,1966,4.7
AtqasukC,Alaska,Atqasuk,C,NA,1967,5.4
AtqasukC,Alaska,Atqasuk,C,NA,1968,5.4
AtqasukC,Alaska,Atqasuk,C,NA,1969,7.6
AtqasukC,Alaska,Atqasuk,C,NA,1970,4.6
AtqasukC,Alaska,Atqasuk,C,NA,1971,5.4
AtqasukC,Alaska,Atqasuk,C,NA,1972,6.5
AtqasukC,Alaska,Atqasuk,C,NA,1973,7.7
AtqasukC,Alaska,Atqasuk,C,NA,1974,5.2
AtqasukC,Alaska,Atqasuk,C,NA,1975,5.7
AtqasukC,Alaska,Atqasuk,C,NA,1976,5.7
AtqasukC,Alaska,Atqasuk,C,NA,1977,5.3
AtqasukC,Alaska,Atqasuk,C,NA,1978,6.6
AtqasukC,Alaska,Atqasuk,C,NA,1979,7.1
AtqasukC,Alaska,Atqasuk,C,NA,1980,6.8
AtqasukC,Alaska,Atqasuk,C,NA,1981,5.5
AtqasukC,Alaska,Atqasuk,C,NA,1982,5.1
AtqasukC,Alaska,Atqasuk,C,NA,1983,6.6
AtqasukC,Alaska,Atqasuk,C,NA,1984,5.8
AtqasukC,Alaska,Atqasuk,C,NA,1985,5.7
AtqasukC,Alaska,Atqasuk,C,NA,1986,6
AtqasukC,Alaska,Atqasuk,C,NA,1987,6.5
AtqasukC,Alaska,Atqasuk,C,NA,1988,6.9
AtqasukC,Alaska,Atqasuk,C,NA,1989,6.8
AtqasukC,Alaska,Atqasuk,C,NA,1990,7.3
AtqasukC,Alaska,Atqasuk,C,NA,1991,8.1
AtqasukC,Alaska,Atqasuk,C,NA,1992,5.6
AtqasukC,Alaska,Atqasuk,C,NA,1993,6.9
AtqasukC,Alaska,Atqasuk,C,NA,1994,8.6
AtqasukC,Alaska,Atqasuk,C,NA,1995,7.1
AtqasukC,Alaska,Atqasuk,C,NA,1996,6.4
AtqasukC,Alaska,Atqasuk,C,NA,1997,6.9
AtqasukC,Alaska,Atqasuk,C,4.57,1998,6.7
AtqasukC,Alaska,Atqasuk,C,2.89,1999,8.4
AtqasukC,Alaska,Atqasuk,C,3.14,2000,6.1
AtqasukC,Alaska,Atqasuk,C,3.99,2001,5.5
AtqasukC,Alaska,Atqasuk,C,2.766553,2002,5.6
AtqasukC,Alaska,Atqasuk,C,4.089367,2003,6.3
AtqasukC,Alaska,Atqasuk,C,3.691704,2003,6.2
AtqasukC,Alaska,Atqasuk,C,3.446638,2004,8.5
AtqasukC,Alaska,Atqasuk,C,4.289719,2005,6.5
AtqasukC,Alaska,Atqasuk,C,4.635015,2006,6.1
AtqasukC,Alaska,Atqasuk,C,4.558171,2007,8.4
AtqasukC,Alaska,Atqasuk,C,4.308613,2008,6.4
AtqasukC,Alaska,Atqasuk,C,4.323716,2009,8.1
AtqasukC,Alaska,Atqasuk,C,4.790085,2010,6
AtqasukC,Alaska,Atqasuk,C,4.244326,2011,6.2
AtqasukC,Alaska,Atqasuk,C,4.433709,2012,7.1
AtqasukC,Alaska,Atqasuk,C,5.043485,2013,7.4
AtqasukC,Alaska,Atqasuk,C,5.698177,2014,5.4
AtqasukC,Alaska,Atqasuk,C,5.252638,2015,6.9
AtqasukC,Alaska,Atqasuk,C,6.09878,2016,7.5
AtqasukC,Alaska,Atqasuk,C,5.82067,2017,8.7
AtqasukC,Alaska,Atqasuk,C,6.816035,2018,7.9
BarrowC,Alaska,Barrow,C,NA,1966,4.7
BarrowC,Alaska,Barrow,C,NA,1967,5.4
BarrowC,Alaska,Barrow,C,NA,1968,5.4
BarrowC,Alaska,Barrow,C,NA,1969,7.6
BarrowC,Alaska,Barrow,C,NA,1970,4.6
BarrowC,Alaska,Barrow,C,NA,1971,5.4
BarrowC,Alaska,Barrow,C,NA,1972,6.5
BarrowC,Alaska,Barrow,C,NA,1973,7.7
BarrowC,Alaska,Barrow,C,NA,1974,5.2
BarrowC,Alaska,Barrow,C,NA,1975,5.7
BarrowC,Alaska,Barrow,C,NA,1976,5.7
BarrowC,Alaska,Barrow,C,NA,1977,5.3
BarrowC,Alaska,Barrow,C,NA,1978,6.6
BarrowC,Alaska,Barrow,C,NA,1979,7.1
BarrowC,Alaska,Barrow,C,NA,1980,6.8
BarrowC,Alaska,Barrow,C,NA,1981,5.5
BarrowC,Alaska,Barrow,C,NA,1982,5.1
BarrowC,Alaska,Barrow,C,NA,1983,6.6
BarrowC,Alaska,Barrow,C,NA,1984,5.8
BarrowC,Alaska,Barrow,C,NA,1985,5.7
BarrowC,Alaska,Barrow,C,NA,1986,6
BarrowC,Alaska,Barrow,C,NA,1987,6.5
BarrowC,Alaska,Barrow,C,NA,1988,6.9
BarrowC,Alaska,Barrow,C,NA,1989,6.8
BarrowC,Alaska,Barrow,C,NA,1990,7.3
BarrowC,Alaska,Barrow,C,NA,1991,8.1
BarrowC,Alaska,Barrow,C,NA,1992,5.6
BarrowC,Alaska,Barrow,C,NA,1993,6.9
BarrowC,Alaska,Barrow,C,NA,1994,8.6
BarrowC,Alaska,Barrow,C,NA,1995,7.1
BarrowC,Alaska,Barrow,C,NA,1996,6.4
BarrowC,Alaska,Barrow,C,NA,1997,6.9
BarrowC,Alaska,Barrow,C,NA,1998,6.7
BarrowC,Alaska,Barrow,C,NA,1999,8.4
BarrowC,Alaska,Barrow,C,NA,2000,6.1
BarrowC,Alaska,Barrow,C,NA,2001,5.5
BarrowC,Alaska,Barrow,C,2.13,2002,5.6
BarrowC,Alaska,Barrow,C,3.823798,2003,6.3
BarrowC,Alaska,Barrow,C,3.37,2003,6.2
BarrowC,Alaska,Barrow,C,4.018892,2004,8.5
BarrowC,Alaska,Barrow,C,3.822255,2005,6.5
BarrowC,Alaska,Barrow,C,3.53825,2006,6.1
BarrowC,Alaska,Barrow,C,3.862851,2007,8.4
BarrowC,Alaska,Barrow,C,4.257683,2008,6.4
BarrowC,Alaska,Barrow,C,4.213339,2009,8.1
BarrowC,Alaska,Barrow,C,4.486185,2010,6
BarrowC,Alaska,Barrow,C,4.447537,2011,6.2
BarrowC,Alaska,Barrow,C,4.359871,2012,7.1
BarrowC,Alaska,Barrow,C,4.695312,2013,7.4
BarrowC,Alaska,Barrow,C,4.411074,2014,5.4
BarrowC,Alaska,Barrow,C,6.104341,2015,6.9
BarrowC,Alaska,Barrow,C,4.543103,2016,7.5
BarrowC,Alaska,Barrow,C,5.165204,2017,8.7
BarrowC,Alaska,Barrow,C,5.316494,2018,7.9
BarrowT,Alaska,Barrow,T,NA,1966,4.7
BarrowT,Alaska,Barrow,T,NA,1967,5.4
BarrowT,Alaska,Barrow,T,NA,1968,5.4
BarrowT,Alaska,Barrow,T,NA,1969,7.6
BarrowT,Alaska,Barrow,T,NA,1970,4.6
BarrowT,Alaska,Barrow,T,NA,1971,5.4
BarrowT,Alaska,Barrow,T,NA,1972,6.5
BarrowT,Alaska,Barrow,T,NA,1973,7.7
BarrowT,Alaska,Barrow,T,NA,1974,5.2
BarrowT,Alaska,Barrow,T,NA,1975,5.7
BarrowT,Alaska,Barrow,T,NA,1976,5.7
BarrowT,Alaska,Barrow,T,NA,1977,5.3
BarrowT,Alaska,Barrow,T,NA,1978,6.6
BarrowT,Alaska,Barrow,T,NA,1979,7.1
BarrowT,Alaska,Barrow,T,NA,1980,6.8
BarrowT,Alaska,Barrow,T,NA,1981,5.5
BarrowT,Alaska,Barrow,T,NA,1982,5.1
BarrowT,Alaska,Barrow,T,NA,1983,6.6
BarrowT,Alaska,Barrow,T,NA,1984,5.8
BarrowT,Alaska,Barrow,T,NA,1985,5.7
BarrowT,Alaska,Barrow,T,NA,1986,6
BarrowT,Alaska,Barrow,T,NA,1987,6.5
BarrowT,Alaska,Barrow,T,NA,1988,6.9
BarrowT,Alaska,Barrow,T,NA,1989,6.8
BarrowT,Alaska,Barrow,T,NA,1990,7.3
BarrowT,Alaska,Barrow,T,NA,1991,8.1
BarrowT,Alaska,Barrow,T,NA,1992,5.6
BarrowT,Alaska,Barrow,T,NA,1993,6.9
BarrowT,Alaska,Barrow,T,NA,1994,8.6
BarrowT,Alaska,Barrow,T,NA,1995,7.1
BarrowT,Alaska,Barrow,T,NA,1996,6.4
BarrowT,Alaska,Barrow,T,NA,1997,6.9
BarrowT,Alaska,Barrow,T,NA,1998,6.7
BarrowT,Alaska,Barrow,T,NA,1999,8.4
BarrowT,Alaska,Barrow,T,NA,2000,6.1
BarrowT,Alaska,Barrow,T,NA,2001,5.5
BarrowT,Alaska,Barrow,T,NA,2002,5.6
BarrowT,Alaska,Barrow,T,NA,2003,6.3
BarrowT,Alaska,Barrow,T,4.91,2003,6.2
BarrowT,Alaska,Barrow,T,3.72,2004,8.5
BarrowT,Alaska,Barrow,T,3.517747,2005,6.5
BarrowT,Alaska,Barrow,T,3.047136,2006,6.1
BarrowT,Alaska,Barrow,T,3.810328,2007,8.4
BarrowT,Alaska,Barrow,T,3.731443,2008,6.4
BarrowT,Alaska,Barrow,T,3.483823,2009,8.1
BarrowT,Alaska,Barrow,T,4.426823,2010,6
BarrowT,Alaska,Barrow,T,3.711081,2011,6.2
BarrowT,Alaska,Barrow,T,4.705414,2012,7.1
BarrowT,Alaska,Barrow,T,4.968564,2013,7.4
BarrowT,Alaska,Barrow,T,3.93103,2014,5.4
BarrowT,Alaska,Barrow,T,5.650678,2015,6.9
BarrowT,Alaska,Barrow,T,4.903235,2016,7.5
BarrowT,Alaska,Barrow,T,4.408761,2017,8.7
BarrowT,Alaska,Barrow,T,5.83678,2018,7.9
LatnjajaureC,Northern Sweden,Latnjajaure,C,NA,1966,5.6
LatnjajaureC,Northern Sweden,Latnjajaure,C,NA,1967,8.2
LatnjajaureC,Northern Sweden,Latnjajaure,C,NA,1968,7.1
LatnjajaureC,Northern Sweden,Latnjajaure,C,NA,1969,6.1
LatnjajaureC,Northern Sweden,Latnjajaure,C,NA,1970,8.7
LatnjajaureC,Northern Sweden,Latnjajaure,C,NA,1971,8.9
LatnjajaureC,Northern Sweden,Latnjajaure,C,NA,1972,6.8
LatnjajaureC,Northern Sweden,Latnjajaure,C,NA,1973,10.5
LatnjajaureC,Northern Sweden,Latnjajaure,C,NA,1974,10.9
LatnjajaureC,Northern Sweden,Latnjajaure,C,NA,1975,8.7
LatnjajaureC,Northern Sweden,Latnjajaure,C,NA,1976,5.9
LatnjajaureC,Northern Sweden,Latnjajaure,C,NA,1977,7.4
LatnjajaureC,Northern Sweden,Latnjajaure,C,NA,1978,7.7
LatnjajaureC,Northern Sweden,Latnjajaure,C,NA,1979,9.2
LatnjajaureC,Northern Sweden,Latnjajaure,C,NA,1980,9.5
LatnjajaureC,Northern Sweden,Latnjajaure,C,NA,1981,9.9
LatnjajaureC,Northern Sweden,Latnjajaure,C,NA,1982,7.2
LatnjajaureC,Northern Sweden,Latnjajaure,C,NA,1983,7.8
LatnjajaureC,Northern Sweden,Latnjajaure,C,NA,1984,7.6
LatnjajaureC,Northern Sweden,Latnjajaure,C,NA,1985,6.5
LatnjajaureC,Northern Sweden,Latnjajaure,C,NA,1986,9.5
LatnjajaureC,Northern Sweden,Latnjajaure,C,NA,1987,8
LatnjajaureC,Northern Sweden,Latnjajaure,C,NA,1988,6.8
LatnjajaureC,Northern Sweden,Latnjajaure,C,NA,1989,10.3
LatnjajaureC,Northern Sweden,Latnjajaure,C,NA,1990,6.4
LatnjajaureC,Northern Sweden,Latnjajaure,C,NA,1991,8.8
LatnjajaureC,Northern Sweden,Latnjajaure,C,NA,1992,8.2
LatnjajaureC,Northern Sweden,Latnjajaure,C,NA,1993,6.8
LatnjajaureC,Northern Sweden,Latnjajaure,C,NA,1994,9.6
LatnjajaureC,Northern Sweden,Latnjajaure,C,NA,1995,8.2
LatnjajaureC,Northern Sweden,Latnjajaure,C,NA,1996,6.7
LatnjajaureC,Northern Sweden,Latnjajaure,C,NA,1997,7.7
LatnjajaureC,Northern Sweden,Latnjajaure,C,NA,1998,10.1
LatnjajaureC,Northern Sweden,Latnjajaure,C,NA,1999,10
LatnjajaureC,Northern Sweden,Latnjajaure,C,NA,2000,7.8
LatnjajaureC,Northern Sweden,Latnjajaure,C,NA,2001,8.6
LatnjajaureC,Northern Sweden,Latnjajaure,C,NA,2002,8
LatnjajaureC,Northern Sweden,Latnjajaure,C,NA,2003,9.8
LatnjajaureC,Northern Sweden,Latnjajaure,C,6.52,2003,11.6
LatnjajaureC,Northern Sweden,Latnjajaure,C,6.42,2004,9.9
LatnjajaureC,Northern Sweden,Latnjajaure,C,6.19,2005,10.1
LatnjajaureC,Northern Sweden,Latnjajaure,C,5.496989,2006,8.1
LatnjajaureC,Northern Sweden,Latnjajaure,C,4.89903,2007,9.4
LatnjajaureC,Northern Sweden,Latnjajaure,C,6.063263,2008,8.4
LatnjajaureC,Northern Sweden,Latnjajaure,C,6.817212,2009,8.6
LatnjajaureC,Northern Sweden,Latnjajaure,C,7.400022,2010,8.7
LatnjajaureC,Northern Sweden,Latnjajaure,C,7.541131,2011,9.4
LatnjajaureC,Northern Sweden,Latnjajaure,C,7.56809,2012,7.5
LatnjajaureC,Northern Sweden,Latnjajaure,C,7.629532,2013,8.4
LatnjajaureC,Northern Sweden,Latnjajaure,C,7.006746,2014,11.2
LatnjajaureC,Northern Sweden,Latnjajaure,C,6.532489,2015,7
LatnjajaureC,Northern Sweden,Latnjajaure,C,9.197308,2016,9.4
LatnjajaureC,Northern Sweden,Latnjajaure,C,8.20304,2017,8.1
LatnjajaureC,Northern Sweden,Latnjajaure,C,8.665224,2018,11.8
LatnjajaureT,Northern Sweden,Latnjajaure,T,NA,1966,5.6
LatnjajaureT,Northern Sweden,Latnjajaure,T,NA,1967,8.2
LatnjajaureT,Northern Sweden,Latnjajaure,T,NA,1968,7.1
LatnjajaureT,Northern Sweden,Latnjajaure,T,NA,1969,6.1
LatnjajaureT,Northern Sweden,Latnjajaure,T,NA,1970,8.7
LatnjajaureT,Northern Sweden,Latnjajaure,T,NA,1971,8.9
LatnjajaureT,Northern Sweden,Latnjajaure,T,NA,1972,6.8
LatnjajaureT,Northern Sweden,Latnjajaure,T,NA,1973,10.5
LatnjajaureT,Northern Sweden,Latnjajaure,T,NA,1974,10.9
LatnjajaureT,Northern Sweden,Latnjajaure,T,NA,1975,8.7
LatnjajaureT,Northern Sweden,Latnjajaure,T,NA,1976,5.9
LatnjajaureT,Northern Sweden,Latnjajaure,T,NA,1977,7.4
LatnjajaureT,Northern Sweden,Latnjajaure,T,NA,1978,7.7
LatnjajaureT,Northern Sweden,Latnjajaure,T,NA,1979,9.2
LatnjajaureT,Northern Sweden,Latnjajaure,T,NA,1980,9.5
LatnjajaureT,Northern Sweden,Latnjajaure,T,NA,1981,9.9
LatnjajaureT,Northern Sweden,Latnjajaure,T,NA,1982,7.2
LatnjajaureT,Northern Sweden,Latnjajaure,T,NA,1983,7.8
LatnjajaureT,Northern Sweden,Latnjajaure,T,NA,1984,7.6
LatnjajaureT,Northern Sweden,Latnjajaure,T,NA,1985,6.5
LatnjajaureT,Northern Sweden,Latnjajaure,T,NA,1986,9.5
LatnjajaureT,Northern Sweden,Latnjajaure,T,NA,1987,8
LatnjajaureT,Northern Sweden,Latnjajaure,T,NA,1988,6.8
LatnjajaureT,Northern Sweden,Latnjajaure,T,NA,1989,10.3
LatnjajaureT,Northern Sweden,Latnjajaure,T,NA,1990,6.4
LatnjajaureT,Northern Sweden,Latnjajaure,T,NA,1991,8.8
LatnjajaureT,Northern Sweden,Latnjajaure,T,NA,1992,8.2
LatnjajaureT,Northern Sweden,Latnjajaure,T,NA,1993,6.8
LatnjajaureT,Northern Sweden,Latnjajaure,T,NA,1994,9.6
LatnjajaureT,Northern Sweden,Latnjajaure,T,NA,1995,8.2
LatnjajaureT,Northern Sweden,Latnjajaure,T,NA,1996,6.7
LatnjajaureT,Northern Sweden,Latnjajaure,T,NA,1997,7.7
LatnjajaureT,Northern Sweden,Latnjajaure,T,NA,1998,10.1
LatnjajaureT,Northern Sweden,Latnjajaure,T,NA,1999,10
LatnjajaureT,Northern Sweden,Latnjajaure,T,5.1,2000,7.8
LatnjajaureT,Northern Sweden,Latnjajaure,T,5.48,2001,8.6
LatnjajaureT,Northern Sweden,Latnjajaure,T,6.765,2002,8
LatnjajaureT,Northern Sweden,Latnjajaure,T,9.36,2003,9.8
LatnjajaureT,Northern Sweden,Latnjajaure,T,9.49,2003,11.6
LatnjajaureT,Northern Sweden,Latnjajaure,T,8.075,2004,9.9
LatnjajaureT,Northern Sweden,Latnjajaure,T,11.593571,2005,10.1
LatnjajaureT,Northern Sweden,Latnjajaure,T,8.37677,2006,8.1
LatnjajaureT,Northern Sweden,Latnjajaure,T,8.11883,2007,9.4
LatnjajaureT,Northern Sweden,Latnjajaure,T,9.60182,2008,8.4
LatnjajaureT,Northern Sweden,Latnjajaure,T,8.852313,2009,8.6
LatnjajaureT,Northern Sweden,Latnjajaure,T,7.19195,2010,8.7
LatnjajaureT,Northern Sweden,Latnjajaure,T,9.483276,2011,9.4
LatnjajaureT,Northern Sweden,Latnjajaure,T,10.830364,2012,7.5
LatnjajaureT,Northern Sweden,Latnjajaure,T,9.552391,2013,8.4
LatnjajaureT,Northern Sweden,Latnjajaure,T,11.005157,2014,11.2
LatnjajaureT,Northern Sweden,Latnjajaure,T,10.06244,2015,7
LatnjajaureT,Northern Sweden,Latnjajaure,T,8.219609,2016,9.4
LatnjajaureT,Northern Sweden,Latnjajaure,T,8.515034,2017,8.1
LatnjajaureT,Northern Sweden,Latnjajaure,T,11.586229,2018,11.8