Year,DOY,Site,Treatment,Plot,T,C
1993,155,Dryas,T,1,0,22
1993,155,Dryas,C,1,29.5,40
1993,155,Dryas,T,2,0,23
1993,155,Dryas,C,2,0,0
1993,155,Dryas,T,3,24.5,34.5
1993,155,Dryas,C,3,23,27.5
1993,155,Dryas,T,4,0,22.5
1993,155,Dryas,C,4,0,0
1993,155,Dryas,T,5,5.5,29.5
1993,155,Dryas,C,5,0,0
1993,155,Dryas,T,6,0,17.5
1993,155,Dryas,C,6,0,0
1993,155,Dryas,T,7,4.5,16.5
1993,155,Dryas,C,7,0,0
1993,155,Dryas,T,8,0,21.5
1993,155,Dryas,C,8,0,0
1993,155,Dryas,T,9,24,20
1993,155,Dryas,C,9,20,14.5
1993,155,Dryas,T,10,3.5,18.5
1993,155,Dryas,C,10,0,0
1993,155,Dryas,T,11,0,25.5
1993,155,Dryas,C,11,0,0
1993,155,Dryas,T,12,0,10
1993,155,Dryas,C,12,0,11.5
1993,155,Dryas,T,13,4.5,32.5
1993,155,Dryas,C,13,0,0
1993,155,Dryas,T,14,28.5,31
1993,155,Dryas,C,14,13,8.5
1993,162,Dryas,T,1,0,0
1993,162,Dryas,C,1,0,5.5
1993,162,Dryas,T,2,0,0
1993,162,Dryas,C,2,0,0
1993,162,Dryas,T,3,0,0
1993,162,Dryas,C,3,0,0
1993,162,Dryas,T,4,0,0
1993,162,Dryas,C,4,0,0
1993,162,Dryas,T,5,0,0
1993,162,Dryas,C,5,0,0
1993,162,Dryas,T,6,0,0
1993,162,Dryas,C,6,0,0
1993,162,Dryas,T,7,0,0
1993,162,Dryas,C,7,0,0
1993,162,Dryas,T,8,0,0
1993,162,Dryas,C,8,0,0
1993,162,Dryas,T,9,0,0
1993,162,Dryas,C,9,0,0
1993,162,Dryas,T,10,0,0
1993,162,Dryas,C,10,0,0
1993,162,Dryas,T,11,0,0
1993,162,Dryas,C,11,0,0
1993,162,Dryas,T,12,0,0
1993,162,Dryas,C,12,0,0
1993,162,Dryas,T,13,0,0
1993,162,Dryas,C,13,0,0
1993,162,Dryas,T,14,0,0
1993,162,Dryas,C,14,0,0
1993,155,Cassiope,T,1,5,29
1993,155,Cassiope,C,1,32,24
1993,155,Cassiope,T,2,42.5,47
1993,155,Cassiope,C,2,21,35
1993,155,Cassiope,T,3,11.5,24
1993,155,Cassiope,C,3,27,32
1993,155,Cassiope,T,4,15,28.5
1993,155,Cassiope,C,4,32.5,30
1993,155,Cassiope,T,5,16.5,32.5
1993,155,Cassiope,C,5,25.5,21
1993,155,Cassiope,T,6,7,37.5
1993,155,Cassiope,C,6,29.5,24.5
1993,155,Cassiope,T,7,34.5,33.5
1993,155,Cassiope,C,7,0,0
1993,155,Cassiope,T,8,38.5,37.5
1993,155,Cassiope,C,8,31,26
1993,155,Cassiope,T,9,8,27.5
1993,155,Cassiope,C,9,46.5,36.5
1993,155,Cassiope,T,10,0,24.5
1993,155,Cassiope,C,10,0,0
1993,155,Cassiope,T,11,17,34.5
1993,155,Cassiope,C,11,13,28.5
1993,155,Cassiope,T,12,11,33.5
1993,155,Cassiope,C,12,38,35
1993,155,Cassiope,T,13,37,45
1993,155,Cassiope,C,13,13,11.5
1993,155,Cassiope,T,14,24.5,32
1993,155,Cassiope,C,14,35,30
1993,158,Cassiope,T,1,0,13.5
1993,158,Cassiope,C,1,28.5,14.5
1993,158,Cassiope,T,2,19.5,41.5
1993,158,Cassiope,C,2,27,14.5
1993,158,Cassiope,T,3,22.5,15.5
1993,158,Cassiope,C,3,5.5,13.5
1993,158,Cassiope,T,4,0,16.5
1993,158,Cassiope,C,4,26.5,26.5
1993,158,Cassiope,T,5,7.5,18.5
1993,158,Cassiope,C,5,24.5,23.5
1993,158,Cassiope,T,6,0,17.5
1993,158,Cassiope,C,6,29,27.5
1993,158,Cassiope,T,7,12.5,28.5
1993,158,Cassiope,C,7,0,0
1993,158,Cassiope,T,8,39.5,23.5
1993,158,Cassiope,C,8,29,19.5
1993,158,Cassiope,T,9,0,11.5
1993,158,Cassiope,C,9,28.5,29.5
1993,158,Cassiope,T,10,0,4.5
1993,158,Cassiope,C,10,0,0
1993,158,Cassiope,T,11,7.5,19.5
1993,158,Cassiope,C,11,5.5,5.5
1993,158,Cassiope,T,12,0,32.5
1993,158,Cassiope,C,12,32,18.5
1993,158,Cassiope,T,13,22.5,16.5
1993,158,Cassiope,C,13,0,7.5
1993,158,Cassiope,T,14,5.5,13.5
1993,158,Cassiope,C,14,21.5,25.5
1993,160,Cassiope,T,1,0,0
1993,160,Cassiope,C,1,12,0
1993,160,Cassiope,T,2,16,30
1993,160,Cassiope,C,2,9,9.5
1993,160,Cassiope,T,3,0,0
1993,160,Cassiope,C,3,16.5,15.5
1993,160,Cassiope,T,4,0,4.5
1993,160,Cassiope,C,4,26,16
1993,160,Cassiope,T,5,0,12.5
1993,160,Cassiope,C,5,14.5,10.5
1993,160,Cassiope,T,6,0,10
1993,160,Cassiope,C,6,18.5,18.5
1993,160,Cassiope,T,7,0,9
1993,160,Cassiope,C,7,0,0
1993,160,Cassiope,T,8,19.5,24
1993,160,Cassiope,C,8,25,10
1993,160,Cassiope,T,9,0,0
1993,160,Cassiope,C,9,21,22
1993,160,Cassiope,T,10,0,0
1993,160,Cassiope,C,10,0,0
1993,160,Cassiope,T,11,0,8
1993,160,Cassiope,C,11,0,0
1993,160,Cassiope,T,12,0,10
1993,160,Cassiope,C,12,25,29.5
1993,160,Cassiope,T,13,8.5,26.5
1993,160,Cassiope,C,13,0,0
1993,160,Cassiope,T,14,0,9.5
1993,160,Cassiope,C,14,19,15
1993,162,Cassiope,T,1,0,0
1993,162,Cassiope,C,1,0,0
1993,162,Cassiope,T,2,5.5,15.5
1993,162,Cassiope,C,2,0,0
1993,162,Cassiope,T,3,0,0
1993,162,Cassiope,C,3,0,0
1993,162,Cassiope,T,4,0,0
1993,162,Cassiope,C,4,17,0
1993,162,Cassiope,T,5,0,0
1993,162,Cassiope,C,5,0,0
1993,162,Cassiope,T,6,0,0
1993,162,Cassiope,C,6,0,10.5
1993,162,Cassiope,T,7,0,0
1993,162,Cassiope,C,7,0,0
1993,162,Cassiope,T,8,8,16.5
1993,162,Cassiope,C,8,9.5,0
1993,162,Cassiope,T,9,0,0
1993,162,Cassiope,C,9,13.5,13
1993,162,Cassiope,T,10,0,0
1993,162,Cassiope,C,10,0,0
1993,162,Cassiope,T,11,0,0
1993,162,Cassiope,C,11,0,0
1993,162,Cassiope,T,12,0,0
1993,162,Cassiope,C,12,18,15.5
1993,162,Cassiope,T,13,0,0
1993,162,Cassiope,C,13,0,0
1993,162,Cassiope,T,14,0,0
1993,162,Cassiope,C,14,9.5,0
1993,164,Cassiope,T,1,0,0
1993,164,Cassiope,C,1,0,0
1993,164,Cassiope,T,2,5,12
1993,164,Cassiope,C,2,0,0
1993,164,Cassiope,T,3,0,0
1993,164,Cassiope,C,3,0,0
1993,164,Cassiope,T,4,0,0
1993,164,Cassiope,C,4,0,0
1993,164,Cassiope,T,5,0,0
1993,164,Cassiope,C,5,0,0
1993,164,Cassiope,T,6,0,0
1993,164,Cassiope,C,6,0,0
1993,164,Cassiope,T,7,0,0
1993,164,Cassiope,C,7,0,0
1993,164,Cassiope,T,8,0,4.5
1993,164,Cassiope,C,8,0,0
1993,164,Cassiope,T,9,0,0
1993,164,Cassiope,C,9,0,0
1993,164,Cassiope,T,10,0,0
1993,164,Cassiope,C,10,0,0
1993,164,Cassiope,T,11,0,0
1993,164,Cassiope,C,11,0,0
1993,164,Cassiope,T,12,0,0
1993,164,Cassiope,C,12,5.5,0
1993,164,Cassiope,T,13,0,0
1993,164,Cassiope,C,13,0,0
1993,164,Cassiope,T,14,0,0
1993,164,Cassiope,C,14,0,0
1993,166,Cassiope,T,1,0,0
1993,166,Cassiope,C,1,0,0
1993,166,Cassiope,T,2,0,0
1993,166,Cassiope,C,2,0,0
1993,166,Cassiope,T,3,0,0
1993,166,Cassiope,C,3,0,0
1993,166,Cassiope,T,4,0,0
1993,166,Cassiope,C,4,0,0
1993,166,Cassiope,T,5,0,0
1993,166,Cassiope,C,5,0,0
1993,166,Cassiope,T,6,0,0
1993,166,Cassiope,C,6,0,0
1993,166,Cassiope,T,7,0,0
1993,166,Cassiope,C,7,0,0
1993,166,Cassiope,T,8,0,0
1993,166,Cassiope,C,8,0,0
1993,166,Cassiope,T,9,0,0
1993,166,Cassiope,C,9,5.5,0
1993,166,Cassiope,T,10,0,0
1993,166,Cassiope,C,10,0,0
1993,166,Cassiope,T,11,0,0
1993,166,Cassiope,C,11,0,0
1993,166,Cassiope,T,12,0,0
1993,166,Cassiope,C,12,0,0
1993,166,Cassiope,T,13,0,0
1993,166,Cassiope,C,13,0,0
1993,166,Cassiope,T,14,0,0
1993,166,Cassiope,C,14,0,0
1994,159,Meadow,T,1,0,0
1994,159,Meadow,C,1,0,0
1994,159,Meadow,T,2,0,0
1994,159,Meadow,C,2,0,0
1994,159,Meadow,T,3,0,0
1994,159,Meadow,C,3,0,0
1994,159,Meadow,T,4,0,0
1994,159,Meadow,C,4,0,0
1994,159,Meadow,T,5,0,0
1994,159,Meadow,C,5,0,0
1994,159,Meadow,T,6,0,0
1994,159,Meadow,C,6,0,0
1994,159,Meadow,T,7,0,0
1994,159,Meadow,C,7,0,0
1994,159,Meadow,T,8,0,0
1994,159,Meadow,C,8,0,0
1994,159,Meadow,T,9,0,0
1994,159,Meadow,C,9,0,0
1994,159,Meadow,T,10,0,0
1994,159,Meadow,C,10,0,0
1994,171,Dome,T,D1,0,0
1994,171,Dome,C,D1,8.5,10.5
1994,171,Dome,T,D10,0,0
1994,171,Dome,C,D10,0,0
1994,171,Dome,T,D2,0,0
1994,171,Dome,C,D2,9.5,7
1994,171,Dome,T,D3,0,0
1994,171,Dome,C,D3,0,0
1994,171,Dome,T,D4,0,0
1994,171,Dome,C,D4,10,0
1994,171,Dome,T,D5,0,10
1994,171,Dome,C,D5,10,8
1994,171,Dome,T,D6,0,0
1994,171,Dome,C,D6,10.5,8.5
1994,171,Dome,T,D7,0,14.5
1994,171,Dome,C,D7,8,12
1994,171,Dome,T,D8,0,0
1994,171,Dome,C,D8,0,0
1994,171,Dome,T,D9,0,0
1994,171,Dome,C,D9,9,0
1994,171,Dome,T,G1,0,0
1994,171,Dome,C,G1,,
1994,171,Dome,T,G10,0,0
1994,171,Dome,C,G10,16.5,13.5
1994,171,Dome,T,G11,0,8
1994,171,Dome,C,G11,32.5,18
1994,171,Dome,T,G2,0,0
1994,171,Dome,C,G2,,
1994,171,Dome,T,G3,9.5,22
1994,171,Dome,C,G3,12,12.5
1994,171,Dome,T,G4,0,14
1994,171,Dome,C,G4,14,9
1994,171,Dome,T,G5,13.5,23
1994,171,Dome,C,G5,10.5,14
1994,171,Dome,T,G6,35,25.5
1994,171,Dome,C,G6,,
1994,171,Dome,T,G7,0,0
1994,171,Dome,C,G7,,
1994,171,Dome,T,G8,11,14
1994,171,Dome,C,G8,11.5,10.5
1994,171,Dome,T,G9,,
1994,171,Dome,C,G9,9.5,0
1994,159,Dryas,T,1,0,0
1994,159,Dryas,C,1,0,0
1994,159,Dryas,T,2,0,0
1994,159,Dryas,C,2,0,0
1994,159,Dryas,T,3,0,0
1994,159,Dryas,C,3,0,0
1994,159,Dryas,T,4,0,0
1994,159,Dryas,C,4,0,0
1994,159,Dryas,T,5,0,0
1994,159,Dryas,C,5,0,0
1994,159,Dryas,T,6,0,0
1994,159,Dryas,C,6,0,0
1994,159,Dryas,T,7,0,3
1994,159,Dryas,C,7,0,0
1994,159,Dryas,T,8,0,0
1994,159,Dryas,C,8,0,0
1994,159,Dryas,T,9,0,0
1994,159,Dryas,C,9,0,0
1994,159,Dryas,T,10,0,0
1994,159,Dryas,C,10,0,0
1994,159,Dryas,T,11,0,0
1994,159,Dryas,C,11,0,0
1994,159,Dryas,T,12,0,0
1994,159,Dryas,C,12,0,0
1994,159,Dryas,T,13,0,0
1994,159,Dryas,C,13,0,0
1994,159,Dryas,T,14,0,0
1994,159,Dryas,C,14,0,0
1994,159,Cassiope,T,1,0,0
1994,159,Cassiope,C,1,0,0
1994,159,Cassiope,T,2,0,25.5
1994,159,Cassiope,C,2,7.5,0
1994,159,Cassiope,T,3,0,0
1994,159,Cassiope,C,3,0,0
1994,159,Cassiope,T,4,15.5,0
1994,159,Cassiope,C,4,0,6.5
1994,159,Cassiope,T,5,0,0
1994,159,Cassiope,C,5,0,0
1994,159,Cassiope,T,6,0,0
1994,159,Cassiope,C,6,8.5,13
1994,159,Cassiope,T,7,0,0
1994,159,Cassiope,C,7,0,0
1994,159,Cassiope,T,8,0,0
1994,159,Cassiope,C,8,9.5,17
1994,159,Cassiope,T,9,0,0
1994,159,Cassiope,C,9,0,0
1994,159,Cassiope,T,10,0,0
1994,159,Cassiope,C,10,0,0
1994,159,Cassiope,T,11,0,0
1994,159,Cassiope,C,11,0,0
1994,159,Cassiope,T,12,0,0
1994,159,Cassiope,C,12,0,0
1994,159,Cassiope,T,13,0,20
1994,159,Cassiope,C,13,,
1994,159,Cassiope,T,14,0,0
1994,159,Cassiope,C,14,4.5,0
1994,159,Cassiope,T,15,0,0
1994,159,Cassiope,C,15,0,0
1994,159,Cassiope,T,16,0,0
1994,159,Cassiope,C,16,0,0
1994,159,Cassiope,T,17,0,0
1994,159,Cassiope,C,17,0,0
1994,159,Cassiope,T,18,0,0
1994,159,Cassiope,C,18,0,0
1994,163,Cassiope,T,1,0,0
1994,163,Cassiope,C,1,0,0
1994,163,Cassiope,T,2,0,16.5
1994,163,Cassiope,C,2,0,0
1994,163,Cassiope,T,3,0,0
1994,163,Cassiope,C,3,0,0
1994,163,Cassiope,T,4,0,0
1994,163,Cassiope,C,4,0,0
1994,163,Cassiope,T,5,0,0
1994,163,Cassiope,C,5,0,0
1994,163,Cassiope,T,6,0,0
1994,163,Cassiope,C,6,0,0
1994,163,Cassiope,T,7,0,0
1994,163,Cassiope,C,7,0,0
1994,163,Cassiope,T,8,0,0
1994,163,Cassiope,C,8,0,0
1994,163,Cassiope,T,9,0,0
1994,163,Cassiope,C,9,0,0
1994,163,Cassiope,T,10,0,0
1994,163,Cassiope,C,10,0,0
1994,163,Cassiope,T,11,0,0
1994,163,Cassiope,C,11,0,0
1994,163,Cassiope,T,12,0,0
1994,163,Cassiope,C,12,0,0
1994,163,Cassiope,T,13,0,0
1994,163,Cassiope,C,13,0,0
1994,163,Cassiope,T,14,0,0
1994,163,Cassiope,C,14,0,0
1994,163,Cassiope,T,15,0,0
1994,163,Cassiope,C,15,0,0
1994,163,Cassiope,T,16,0,0
1994,163,Cassiope,C,16,0,0
1994,163,Cassiope,T,17,0,0
1994,163,Cassiope,C,17,0,0
1994,163,Cassiope,T,18,0,0
1994,163,Cassiope,C,18,0,0
1994,163,Beach.ridge,C,1,61,64
1994,163,Beach.ridge,C,1,61,64
1994,163,Beach.ridge,C,1,61,64
1994,163,Beach.ridge,C,2,61,69
1994,163,Beach.ridge,C,2,61,69
1994,163,Beach.ridge,C,2,61,69
1994,163,Beach.ridge,C,3,41,48
1994,163,Beach.ridge,C,3,41,48
1994,163,Beach.ridge,C,3,41,48
1994,169,Beach.ridge,C,1,25.5,24.5
1994,169,Beach.ridge,C,1,25.5,24.5
1994,169,Beach.ridge,C,1,25.5,24.5
1994,169,Beach.ridge,C,2,27.5,27.5
1994,169,Beach.ridge,C,2,27.5,27.5
1994,169,Beach.ridge,C,2,27.5,27.5
1994,169,Beach.ridge,C,3,8,12
1994,169,Beach.ridge,C,3,8,12
1994,169,Beach.ridge,C,3,8,12
1994,175,Beach.ridge,C,1,14.5,15.5
1994,175,Beach.ridge,C,1,14.5,15.5
1994,175,Beach.ridge,C,1,14.5,15.5
1994,175,Beach.ridge,C,2,9,9
1994,175,Beach.ridge,C,2,9,9
1994,175,Beach.ridge,C,2,9,9
1994,175,Beach.ridge,C,3,0,0
1994,175,Beach.ridge,C,3,0,0
1994,175,Beach.ridge,C,3,0,0
1995,151,Willow,T,1,31.5,43
1995,151,Willow,C,1,10,21
1995,151,Willow,T,2,21,40
1995,151,Willow,C,2,28,19
1995,151,Willow,T,3,31.5,43
1995,151,Willow,C,3,24.5,23
1995,151,Willow,T,4,0,29
1995,151,Willow,C,4,21,20
1995,151,Willow,T,5,20.5,51.5
1995,151,Willow,C,5,25.5,22
1995,151,Willow,T,6,36,51
1995,151,Willow,C,6,24,24
1995,151,Willow,T,7,43.5,48.5
1995,151,Willow,C,7,32.5,29
1995,151,Willow,T,8,27,42.5
1995,151,Willow,C,8,25.5,27
1995,151,Willow,T,9,6.5,43
1995,151,Willow,C,9,22,26
1995,151,Willow,T,10,45,44.5
1995,151,Willow,C,10,19,32.5
1995,155,Willow,T,1,0,0
1995,155,Willow,C,1,0,10
1995,155,Willow,T,2,0,0
1995,155,Willow,C,2,24.5,15
1995,155,Willow,T,3,0,0
1995,155,Willow,C,3,20,18
1995,155,Willow,T,4,0,0
1995,155,Willow,C,4,20,18
1995,155,Willow,T,5,3.5,27.5
1995,155,Willow,C,5,21,16
1995,155,Willow,T,6,0,20
1995,155,Willow,C,6,20,17.5
1995,155,Willow,T,7,15.5,46
1995,155,Willow,C,7,26.5,22
1995,155,Willow,T,8,10.5,23.5
1995,155,Willow,C,8,22.5,25
1995,155,Willow,T,9,0,11
1995,155,Willow,C,9,15.5,20
1995,155,Willow,T,10,16.5,27.5
1995,155,Willow,C,10,15,25
1995,158,Willow,T,1,0,0
1995,158,Willow,C,1,0,0
1995,158,Willow,T,2,0,0
1995,158,Willow,C,2,6,0
1995,158,Willow,T,3,0,0
1995,158,Willow,C,3,0,0
1995,158,Willow,T,4,0,0
1995,158,Willow,C,4,0,0
1995,158,Willow,T,5,0,0
1995,158,Willow,C,5,9,0
1995,158,Willow,T,6,0,0
1995,158,Willow,C,6,0,0
1995,158,Willow,T,7,0,0
1995,158,Willow,C,7,12,12
1995,158,Willow,T,8,0,0
1995,158,Willow,C,8,12,11
1995,158,Willow,T,9,0,0
1995,158,Willow,C,9,11.5,0
1995,158,Willow,T,10,0,0
1995,158,Willow,C,10,4,12
1995,155,Meadow,T,1,29,41.5
1995,155,Meadow,C,1,29,21.5
1995,155,Meadow,T,2,0,0
1995,155,Meadow,C,2,21,19
1995,155,Meadow,T,3,0,13.5
1995,155,Meadow,C,3,27,25
1995,155,Meadow,T,4,0,11
1995,155,Meadow,C,4,20,18.5
1995,155,Meadow,T,5,10,25
1995,155,Meadow,C,5,20,25
1995,155,Meadow,T,6,0,0
1995,155,Meadow,C,6,26.5,27.5
1995,155,Meadow,T,7,24.5,31
1995,155,Meadow,C,7,23,28
1995,155,Meadow,T,8,25,40
1995,155,Meadow,C,8,25.5,27
1995,155,Meadow,T,9,0,10.5
1995,155,Meadow,C,9,27.5,22
1995,155,Meadow,T,10,13,33
1995,155,Meadow,C,10,29.5,24
1995,158,Meadow,T,1,15.5,12
1995,158,Meadow,C,1,16.5,21
1995,158,Meadow,T,2,0,0
1995,158,Meadow,C,2,0,0
1995,158,Meadow,T,3,0,0
1995,158,Meadow,C,3,0,12.5
1995,158,Meadow,T,4,0,0
1995,158,Meadow,C,4,11,11
1995,158,Meadow,T,5,0,0
1995,158,Meadow,C,5,6.5,7
1995,158,Meadow,T,6,0,0
1995,158,Meadow,C,6,9.5,16
1995,158,Meadow,T,7,4,0
1995,158,Meadow,C,7,6,14.5
1995,158,Meadow,T,8,0,8.5
1995,158,Meadow,C,8,11,8.5
1995,158,Meadow,T,9,0,0
1995,158,Meadow,C,9,8.5,11
1995,158,Meadow,T,10,0,0
1995,158,Meadow,C,10,0,0
1995,151,Meadow,T,1,47.5,55.5
1995,151,Meadow,C,1,32,25.5
1995,151,Meadow,T,2,0,34
1995,151,Meadow,C,2,25,26
1995,151,Meadow,T,3,32,40
1995,151,Meadow,C,3,31,30
1995,151,Meadow,T,4,13,36.5
1995,151,Meadow,C,4,22.5,24.5
1995,151,Meadow,T,5,29,48.5
1995,151,Meadow,C,5,25,30.5
1995,151,Meadow,T,6,28,36.5
1995,151,Meadow,C,6,30,31
1995,151,Meadow,T,7,48.5,39
1995,151,Meadow,C,7,26.5,31
1995,151,Meadow,T,8,41,48.5
1995,151,Meadow,C,8,28.5,30
1995,151,Meadow,T,9,15,39
1995,151,Meadow,C,9,27.5,26
1995,151,Meadow,T,10,41.5,44
1995,151,Meadow,C,10,22.5,28
1995,151,Dryas,T,1,47,42
1995,151,Dryas,C,1,26.5,26
1995,151,Dryas,T,2,43,48
1995,151,Dryas,C,2,29,24
1995,151,Dryas,T,3,44.5,45
1995,151,Dryas,C,3,24,22
1995,151,Dryas,T,4,51,32.5
1995,151,Dryas,C,4,22,27
1995,151,Dryas,T,5,40,51.5
1995,151,Dryas,C,5,27,32
1995,151,Dryas,T,6,41.5,48.5
1995,151,Dryas,C,6,25,24
1995,151,Dryas,T,7,5.5,44
1995,151,Dryas,C,7,24,25
1995,151,Dryas,T,8,50,44.5
1995,151,Dryas,C,8,26,29.5
1995,151,Dryas,T,9,16,37.5
1995,151,Dryas,C,9,26.5,22
1995,151,Dryas,T,10,28,37
1995,151,Dryas,C,10,28,21.5
1995,151,Dryas,T,11,28,37
1995,151,Dryas,C,11,24,23
1995,151,Dryas,T,12,35,39.5
1995,151,Dryas,C,12,29.5,35
1995,151,Dryas,T,13,31,39
1995,151,Dryas,C,13,23,39
1995,151,Dryas,T,14,51,43
1995,151,Dryas,C,14,23,28
1995,154,Dryas,T,1,36,41
1995,154,Dryas,C,1,25,21
1995,154,Dryas,T,2,26,43
1995,154,Dryas,C,2,28,24.5
1995,154,Dryas,T,3,34,41.5
1995,154,Dryas,C,3,22.5,17
1995,154,Dryas,T,4,0,16.5
1995,154,Dryas,C,4,20.5,27
1995,154,Dryas,T,5,23.5,44
1995,154,Dryas,C,5,24.5,20
1995,154,Dryas,T,6,28,44
1995,154,Dryas,C,6,0,0
1995,154,Dryas,T,7,8,23
1995,154,Dryas,C,7,23.5,23
1995,154,Dryas,T,8,26,41
1995,154,Dryas,C,8,25,29
1995,154,Dryas,T,9,0,12.5
1995,154,Dryas,C,9,25.5,22.5
1995,154,Dryas,T,10,10,30.5
1995,154,Dryas,C,10,27,21.5
1995,154,Dryas,T,11,5,26
1995,154,Dryas,C,11,23,20.5
1995,154,Dryas,T,12,13,36
1995,154,Dryas,C,12,29,34
1995,154,Dryas,T,13,12,28
1995,154,Dryas,C,13,23,36
1995,154,Dryas,T,14,29,73
1995,154,Dryas,C,14,23,26.5
1995,158,Dryas,T,1,0,8.5
1995,158,Dryas,C,1,15,14.5
1995,158,Dryas,T,2,0,7.5
1995,158,Dryas,C,2,17,16
1995,158,Dryas,T,3,2.5,13
1995,158,Dryas,C,3,0,8
1995,158,Dryas,T,4,0,0
1995,158,Dryas,C,4,15,17.5
1995,158,Dryas,T,5,0,13.5
1995,158,Dryas,C,5,7.5,11.5
1995,158,Dryas,T,6,0,10
1995,158,Dryas,C,6,16.5,16.5
1995,158,Dryas,T,7,0,0
1995,158,Dryas,C,7,14,15.5
1995,158,Dryas,T,8,0,13.5
1995,158,Dryas,C,8,19,16
1995,158,Dryas,T,9,0,0
1995,158,Dryas,C,9,13.5,14
1995,158,Dryas,T,10,0,0
1995,158,Dryas,C,10,14.5,6.5
1995,158,Dryas,T,11,0,0
1995,158,Dryas,C,11,0,15
1995,158,Dryas,T,12,0,8
1995,158,Dryas,C,12,19,28
1995,158,Dryas,T,13,0,3
1995,158,Dryas,C,13,13.5,11.5
1995,158,Dryas,T,14,7,15.5
1995,158,Dryas,C,14,11,17
1995,150,Cassiope,T,1,50.5,55
1995,150,Cassiope,T,1,50,55.5
1995,150,Cassiope,C,1,43,42.5
1995,150,Cassiope,C,1,29,30.5
1995,150,Cassiope,T,2,60.5,60
1995,150,Cassiope,C,2,27,28
1995,150,Cassiope,T,3,43,45.5
1995,150,Cassiope,C,3,26,27
1995,150,Cassiope,T,4,50,51.5
1995,150,Cassiope,C,4,29,27
1995,150,Cassiope,T,5,57,55.5
1995,150,Cassiope,C,5,27,28.5
1995,150,Cassiope,T,6,65.5,60
1995,150,Cassiope,C,6,26,26
1995,150,Cassiope,T,7,58,42
1995,150,Cassiope,C,7,23,25
1995,150,Cassiope,T,8,69.5,50.5
1995,150,Cassiope,C,8,34,38.5
1995,150,Cassiope,T,9,52.5,45
1995,150,Cassiope,C,9,30.5,28
1995,150,Cassiope,T,10,52,55
1995,150,Cassiope,C,10,32,36
1995,150,Cassiope,T,11,54,61.5
1995,150,Cassiope,T,11,50,46
1995,150,Cassiope,C,11,48.5,60
1995,150,Cassiope,C,11,30.6,35
1995,150,Cassiope,T,12,49,50
1995,150,Cassiope,C,12,26,32
1995,150,Cassiope,T,13,59.5,47.5
1995,150,Cassiope,C,13,32,34
1995,150,Cassiope,T,14,46,46
1995,150,Cassiope,C,14,28.5,27.5
1995,150,Cassiope,T,15,33,46.5
1995,150,Cassiope,C,15,32,25
1995,150,Cassiope,T,16,53,46
1995,150,Cassiope,C,16,31.5,30.5
1995,150,Cassiope,T,17,58,49
1995,150,Cassiope,C,17,41,25.5
1995,150,Cassiope,T,18,44,54.5
1995,150,Cassiope,T,18,37,47
1995,150,Cassiope,C,18,53,51
1995,150,Cassiope,C,18,32,31
1995,154,Cassiope,T,1,40,48
1995,154,Cassiope,C,1,35,38.5
1995,154,Cassiope,T,2,33.5,49
1995,154,Cassiope,C,2,26,24.5
1995,154,Cassiope,T,3,15.5,27
1995,154,Cassiope,C,3,25,19.5
1995,154,Cassiope,T,4,32.5,39.5
1995,154,Cassiope,C,4,27,24
1995,154,Cassiope,T,5,30,26
1995,154,Cassiope,C,5,24.5,21.5
1995,154,Cassiope,T,6,40,51
1995,154,Cassiope,C,6,23,23
1995,154,Cassiope,T,7,38,38.5
1995,154,Cassiope,C,7,20.5,18
1995,154,Cassiope,T,8,40,46.5
1995,154,Cassiope,C,8,32,35
1995,154,Cassiope,T,9,33.5,43
1995,154,Cassiope,C,9,20.5,25.5
1995,154,Cassiope,T,10,0,0
1995,154,Cassiope,C,10,0,0
1995,154,Cassiope,T,11,47,54
1995,154,Cassiope,C,11,36,40.5
1995,154,Cassiope,T,12,41,47.5
1995,154,Cassiope,C,12,23,25
1995,154,Cassiope,T,13,25.5,46
1995,154,Cassiope,C,13,31,26.5
1995,154,Cassiope,T,14,0,0
1995,154,Cassiope,C,14,0,0
1995,154,Cassiope,T,15,13,36
1995,154,Cassiope,C,15,30.5,24.5
1995,154,Cassiope,T,16,5.5,29.5
1995,154,Cassiope,C,16,25,23
1995,154,Cassiope,T,17,0,0
1995,154,Cassiope,C,17,0,0
1995,154,Cassiope,T,18,43,40
1995,154,Cassiope,C,18,43,37
1995,158,Cassiope,T,1,11.5,13
1995,158,Cassiope,C,1,0,15
1995,158,Cassiope,T,2,12,17.5
1995,158,Cassiope,C,2,13.5,13.5
1995,158,Cassiope,T,3,3,9
1995,158,Cassiope,C,3,6,10.5
1995,158,Cassiope,T,4,0,10
1995,158,Cassiope,C,4,9,20
1995,158,Cassiope,T,5,0,0
1995,158,Cassiope,C,5,10.5,10
1995,158,Cassiope,T,6,6,13.5
1995,158,Cassiope,C,6,0,9
1995,158,Cassiope,T,7,4.5,15
1995,158,Cassiope,C,7,0,0
1995,158,Cassiope,T,8,3.5,8.5
1995,158,Cassiope,C,8,19,22.5
1995,158,Cassiope,T,9,2.5,15
1995,158,Cassiope,C,9,14.5,8.5
1995,158,Cassiope,T,10,0,0
1995,158,Cassiope,C,10,0,0
1995,158,Cassiope,T,11,19.5,32.5
1995,158,Cassiope,C,11,16,27
1995,158,Cassiope,T,12,12.5,15.5
1995,158,Cassiope,C,12,12.5,13
1995,158,Cassiope,T,13,9,15
1995,158,Cassiope,C,13,11.5,18
1995,158,Cassiope,T,14,0,0
1995,158,Cassiope,C,14,0,0
1995,158,Cassiope,T,15,0,7.5
1995,158,Cassiope,C,15,0,8
1995,158,Cassiope,T,16,0,0
1995,158,Cassiope,C,16,13,10.5
1995,158,Cassiope,T,17,0,0
1995,158,Cassiope,C,17,0,0
1995,158,Cassiope,T,18,0,9.5
1995,158,Cassiope,C,18,6,24.5
1995,161,Cassiope,T,1,0,0
1995,161,Cassiope,C,1,0,0
1995,161,Cassiope,T,2,0,0
1995,161,Cassiope,C,2,0,0
1995,161,Cassiope,T,3,0,0
1995,161,Cassiope,C,3,0,0
1995,161,Cassiope,T,4,0,0
1995,161,Cassiope,C,4,0,0
1995,161,Cassiope,T,5,0,0
1995,161,Cassiope,C,5,0,0
1995,161,Cassiope,T,6,0,0
1995,161,Cassiope,C,6,0,0
1995,161,Cassiope,T,7,0,0
1995,161,Cassiope,C,7,0,0
1995,161,Cassiope,T,8,0,0
1995,161,Cassiope,C,8,0,0
1995,161,Cassiope,T,9,0,0
1995,161,Cassiope,C,9,0,0
1995,161,Cassiope,T,10,0,0
1995,161,Cassiope,C,10,0,0
1995,161,Cassiope,T,11,0,13
1995,161,Cassiope,C,11,0,0
1995,161,Cassiope,T,12,0,0
1995,161,Cassiope,C,12,0,0
1995,161,Cassiope,T,13,0,0
1995,161,Cassiope,C,13,0,0
1995,161,Cassiope,T,14,0,0
1995,161,Cassiope,C,14,0,0
1995,161,Cassiope,T,15,0,0
1995,161,Cassiope,C,15,0,0
1995,161,Cassiope,T,16,0,0
1995,161,Cassiope,C,16,0,0
1995,161,Cassiope,T,17,0,0
1995,161,Cassiope,C,17,0,0
1995,161,Cassiope,T,18,0,0
1995,161,Cassiope,C,18,0,0
1995,150,Beach.ridge,C,1,59,62.5
1995,150,Beach.ridge,C,1,59,62.5
1995,150,Beach.ridge,C,1,59,62.5
1995,150,Beach.ridge,C,2,66,62
1995,150,Beach.ridge,C,2,66,62
1995,150,Beach.ridge,C,2,66,62
1995,150,Beach.ridge,C,3,64,61.5
1995,150,Beach.ridge,C,3,64,61.5
1995,150,Beach.ridge,C,3,64,61.5
1995,154,Beach.ridge,C,1,54.5,61
1995,154,Beach.ridge,C,1,54.5,61
1995,154,Beach.ridge,C,1,54.5,61
1995,154,Beach.ridge,C,2,62,62
1995,154,Beach.ridge,C,2,62,62
1995,154,Beach.ridge,C,2,62,62
1995,154,Beach.ridge,C,3,59,61
1995,154,Beach.ridge,C,3,59,61
1995,154,Beach.ridge,C,3,59,61
1995,158,Beach.ridge,C,1,42,48.5
1995,158,Beach.ridge,C,1,42,48.5
1995,158,Beach.ridge,C,1,42,48.5
1995,158,Beach.ridge,C,2,37.5,46
1995,158,Beach.ridge,C,2,37.5,46
1995,158,Beach.ridge,C,2,37.5,46
1995,158,Beach.ridge,C,3,42,51
1995,158,Beach.ridge,C,3,42,51
1995,158,Beach.ridge,C,3,42,51
1995,161,Beach.ridge,C,1,18.5,26
1995,161,Beach.ridge,C,1,18.5,26
1995,161,Beach.ridge,C,1,18.5,26
1995,161,Beach.ridge,C,2,20,24.5
1995,161,Beach.ridge,C,2,20,24.5
1995,161,Beach.ridge,C,2,20,24.5
1995,161,Beach.ridge,C,3,27.5,23
1995,161,Beach.ridge,C,3,27.5,23
1995,161,Beach.ridge,C,3,27.5,23
1995,164,Beach.ridge,C,1,5,5
1995,164,Beach.ridge,C,1,5,5
1995,164,Beach.ridge,C,1,5,5
1995,164,Beach.ridge,C,2,8,7
1995,164,Beach.ridge,C,2,8,7
1995,164,Beach.ridge,C,2,8,7
1995,164,Beach.ridge,C,3,10.5,9
1995,164,Beach.ridge,C,3,10.5,9
1995,164,Beach.ridge,C,3,10.5,9
1996,163,Willow,T,1,0,16
1996,163,Willow,C,1,36,49
1996,163,Willow,T,2,47,44
1996,163,Willow,C,2,27,21
1996,163,Willow,T,3,45,37
1996,163,Willow,C,3,29,29
1996,163,Willow,T,4,23,26
1996,163,Willow,C,4,22,11
1996,163,Willow,T,5,38,38
1996,163,Willow,C,5,42,38
1996,163,Willow,T,6,43,46
1996,163,Willow,C,6,24,30
1996,163,Willow,T,7,47,40
1996,163,Willow,C,7,44,39
1996,163,Willow,T,8,42,50
1996,163,Willow,C,8,31,28
1996,163,Willow,T,9,42,41
1996,163,Willow,C,9,23,46
1996,163,Willow,T,10,43,45
1996,163,Willow,C,10,39,47
1996,163,Meadow,T,1,53,53
1996,163,Meadow,C,1,35,30
1996,163,Meadow,T,2,52,42
1996,163,Meadow,C,2,30,25
1996,163,Meadow,T,3,46,53
1996,163,Meadow,C,3,30,47
1996,163,Meadow,T,4,37,37
1996,163,Meadow,C,4,19,19
1996,163,Meadow,T,5,41,34
1996,163,Meadow,C,5,26,39
1996,163,Meadow,T,6,39,46
1996,163,Meadow,C,6,30,27
1996,163,Meadow,T,7,51,40
1996,163,Meadow,C,7,30,36
1996,163,Meadow,T,8,41,40
1996,163,Meadow,C,8,28,26
1996,163,Meadow,T,9,46,40
1996,163,Meadow,C,9,21,23
1996,163,Meadow,T,10,50,53
1996,163,Meadow,C,10,30,23
1996,151,Dome,T,D1,56,65
1996,151,Dome,C,D1,39,32
1996,151,Dome,T,D2,56,58
1996,151,Dome,C,D2,33,34
1996,151,Dome,T,D3,60,65
1996,151,Dome,C,D3,57,44
1996,151,Dome,T,D4,54,53
1996,151,Dome,C,D4,38,43
1996,151,Dome,T,D5,56,52
1996,151,Dome,C,D5,33,31
1996,151,Dome,T,G1,61,58
1996,151,Dome,C,G1,60,66
1996,151,Dome,T,G2,62,61
1996,151,Dome,C,G2,38,38
1996,151,Dome,T,G3,60,67
1996,151,Dome,C,G3,42,34
1996,151,Dome,T,G4,63,59
1996,151,Dome,C,G4,34,38
1996,151,Dome,T,G5,64,57
1996,151,Dome,C,G5,53,56
1996,166,Dome,T,D1,41,51
1996,166,Dome,C,D1,25,19
1996,166,Dome,T,D2,49,46
1996,166,Dome,C,D2,26,29
1996,166,Dome,T,D3,46,54
1996,166,Dome,C,D3,36,26
1996,166,Dome,T,D4,43,45
1996,166,Dome,C,D4,30,27
1996,166,Dome,T,D5,48,42
1996,166,Dome,C,D5,27,9
1996,166,Dome,T,G1,54,43
1996,166,Dome,C,G1,47,39
1996,166,Dome,T,G2,52,41
1996,166,Dome,C,G2,28,32
1996,166,Dome,T,G3,47,52
1996,166,Dome,C,G3,46,30
1996,166,Dome,T,G4,52,53
1996,166,Dome,C,G4,38,33
1996,166,Dome,T,G5,52,46
1996,166,Dome,C,G5,45,37
1996,177,Dome,T,D1,9,22
1996,177,Dome,C,D1,18,15
1996,177,Dome,T,D2,15,29
1996,177,Dome,C,D2,18,8
1996,177,Dome,T,D3,16,20
1996,177,Dome,C,D3,26,26
1996,177,Dome,T,D4,24,30
1996,177,Dome,C,D4,20,19
1996,177,Dome,T,D5,15,21
1996,177,Dome,C,D5,17,17
1996,177,Dome,T,G1,18,26
1996,177,Dome,C,G1,35,31
1996,177,Dome,T,G2,19,23
1996,177,Dome,C,G2,14,17
1996,177,Dome,T,G3,17,28
1996,177,Dome,C,G3,17,34
1996,177,Dome,T,G4,26,26
1996,177,Dome,C,G4,38,37
1996,177,Dome,T,G5,20,27
1996,177,Dome,C,G5,35,31
1996,163,Dryas,T,1,46,42
1996,163,Dryas,C,1,45,46
1996,163,Dryas,T,2,42,47
1996,163,Dryas,C,2,45,42
1996,163,Dryas,T,3,44,48
1996,163,Dryas,C,3,40,44
1996,163,Dryas,T,4,43,42
1996,163,Dryas,C,4,48,41
1996,163,Dryas,T,5,42,42
1996,163,Dryas,C,5,43,44
1996,163,Dryas,T,6,44,47
1996,163,Dryas,C,6,39,44
1996,163,Dryas,T,7,48,41
1996,163,Dryas,C,7,54,49
1996,163,Dryas,T,8,64,56
1996,163,Dryas,C,8,42,48
1996,163,Dryas,T,9,60,50
1996,163,Dryas,C,9,39,33
1996,163,Dryas,T,10,48,38
1996,163,Dryas,C,10,54,55
1996,163,Dryas,T,11,42,36
1996,163,Dryas,C,11,52,52
1996,163,Dryas,T,12,41,45
1996,163,Dryas,C,12,44,55
1996,163,Dryas,T,13,57,56
1996,163,Dryas,C,13,55,61
1996,163,Dryas,T,14,52,38
1996,163,Dryas,C,14,51,49
1996,163,Cassiope,T,1,48,54
1996,163,Cassiope,C,1,67,75
1996,163,Cassiope,T,2,59,54
1996,163,Cassiope,C,2,61,64
1996,163,Cassiope,T,3,51,42
1996,163,Cassiope,C,3,46,52
1996,163,Cassiope,T,4,63,43
1996,163,Cassiope,C,4,57,49
1996,163,Cassiope,T,5,53,50
1996,163,Cassiope,C,5,70,65
1996,163,Cassiope,T,6,53,50
1996,163,Cassiope,C,6,46,54
1996,163,Cassiope,T,7,38,37
1996,163,Cassiope,C,7,52,47
1996,163,Cassiope,T,8,51,54
1996,163,Cassiope,C,8,48,47
1996,163,Cassiope,T,9,63,59
1996,163,Cassiope,C,9,50,47
1996,163,Cassiope,C,10,55,56
1996,163,Cassiope,T,11,50,47
1996,163,Cassiope,C,11,53,59
1996,163,Cassiope,T,12,52,51
1996,163,Cassiope,C,12,65,71
1996,163,Cassiope,T,13,55,56
1996,163,Cassiope,C,13,57,57
1996,163,Cassiope,T,14,49,51
1996,163,Cassiope,C,14,65,64
1996,163,Cassiope,T,15,55,58
1996,163,Cassiope,C,15,61,57
1996,163,Cassiope,T,16,50,45
1996,163,Cassiope,C,16,45,40
1996,163,Cassiope,T,17,57,59
1996,163,Cassiope,C,17,36,34
1996,163,Cassiope,T,18,48,49
1996,163,Cassiope,C,18,47,48
1996,164,Cassiope,T,1,101,105
1996,164,Cassiope,T,1,97,93
1996,164,Cassiope,T,10,58,57
1996,164,Cassiope,T,10,18,15
1996,164,Cassiope,C,10,9,10
1996,164,Cassiope,T,11,85,87
1996,164,Cassiope,C,11,80,93
1996,164,Cassiope,T,14,11,12
1996,164,Cassiope,C,14,15,18
1996,164,Cassiope,T,17,9,10
1996,164,Cassiope,C,17,5,7
1996,164,Cassiope,T,18,86,90
1996,164,Cassiope,C,18,73,81
1996,166,Cassiope,T,1,84,80
1996,166,Cassiope,C,1,96,106
1996,166,Cassiope,T,2,58,54
1996,166,Cassiope,C,2,63,60
1996,166,Cassiope,T,10,5,8
1996,166,Cassiope,C,10,18,10
1996,166,Cassiope,T,11,75,82
1996,166,Cassiope,C,11,82,91
1996,166,Cassiope,T,12,44,44
1996,166,Cassiope,C,12,64,66
1996,166,Cassiope,T,14,0,0
1996,166,Cassiope,C,14,13,12
1996,166,Cassiope,T,16,38,38
1996,166,Cassiope,C,16,45,32
1996,166,Cassiope,T,17,0,0
1996,166,Cassiope,C,17,0,0
1996,166,Cassiope,T,18,77,82
1996,166,Cassiope,C,18,75,82
1996,168,Cassiope,T,1,80,79
1996,168,Cassiope,C,1,92,90
1996,168,Cassiope,T,2,54,51
1996,168,Cassiope,C,2,63,58
1996,168,Cassiope,T,10,0,0
1996,168,Cassiope,C,10,0,0
1996,168,Cassiope,T,11,71,82
1996,168,Cassiope,C,11,75,99
1996,168,Cassiope,T,12,39,40
1996,168,Cassiope,C,12,55,62
1996,168,Cassiope,T,14,0,0
1996,168,Cassiope,C,14,7,12
1996,168,Cassiope,T,16,34,29
1996,168,Cassiope,C,16,38,24
1996,168,Cassiope,T,17,0,0
1996,168,Cassiope,C,17,0,0
1996,168,Cassiope,T,18,75,75
1996,168,Cassiope,C,18,71,78
1996,170,Cassiope,T,1,70,64
1996,170,Cassiope,C,1,81,85
1996,170,Cassiope,T,2,49,45
1996,170,Cassiope,C,2,55,47
1996,170,Cassiope,T,10,0,0
1996,170,Cassiope,C,10,0,0
1996,170,Cassiope,T,11,63,70
1996,170,Cassiope,C,11,67,85
1996,170,Cassiope,T,12,26,25
1996,170,Cassiope,C,12,49,62
1996,170,Cassiope,T,14,0,0
1996,170,Cassiope,C,14,0,0
1996,170,Cassiope,T,16,13,18
1996,170,Cassiope,C,16,29,18
1996,170,Cassiope,T,17,0,0
1996,170,Cassiope,C,17,0,0
1996,170,Cassiope,T,18,65,60
1996,170,Cassiope,C,18,61,68
1996,172,Cassiope,T,1,58,63
1996,172,Cassiope,C,1,72,79
1996,172,Cassiope,T,2,35,41
1996,172,Cassiope,C,2,43,47
1996,172,Cassiope,T,10,0,0
1996,172,Cassiope,C,10,0,0
1996,172,Cassiope,T,11,55,63
1996,172,Cassiope,C,11,62,74
1996,172,Cassiope,T,12,18,18
1996,172,Cassiope,C,12,42,51
1996,172,Cassiope,T,14,0,0
1996,172,Cassiope,C,14,0,0
1996,172,Cassiope,T,16,0,12
1996,172,Cassiope,C,16,13,13
1996,172,Cassiope,T,17,0,0
1996,172,Cassiope,C,17,0,0
1996,172,Cassiope,T,18,57,54
1996,172,Cassiope,C,18,52,60
1996,174,Cassiope,T,1,51,57
1996,174,Cassiope,C,1,66,70
1996,174,Cassiope,T,2,25,34
1996,174,Cassiope,C,2,44,38
1996,174,Cassiope,T,10,0,0
1996,174,Cassiope,C,10,0,0
1996,174,Cassiope,T,11,51,54
1996,174,Cassiope,C,11,51,61
1996,174,Cassiope,T,12,0,10
1996,174,Cassiope,C,12,37,44
1996,174,Cassiope,T,14,0,0
1996,174,Cassiope,C,14,0,0
1996,174,Cassiope,T,16,0,0
1996,174,Cassiope,C,16,14,8
1996,174,Cassiope,T,17,0,0
1996,174,Cassiope,C,17,0,0
1996,174,Cassiope,T,18,48,44
1996,174,Cassiope,C,18,41,48
1996,176,Cassiope,T,1,46,42
1996,176,Cassiope,C,1,60,65
1996,176,Cassiope,T,2,15,25
1996,176,Cassiope,C,2,32,32
1996,176,Cassiope,T,10,0,0
1996,176,Cassiope,C,10,0,0
1996,176,Cassiope,T,11,41,44
1996,176,Cassiope,C,11,39,47
1996,176,Cassiope,T,12,0,0
1996,176,Cassiope,C,12,30,35
1996,176,Cassiope,T,14,0,0
1996,176,Cassiope,C,14,0,0
1996,176,Cassiope,T,16,0,0
1996,176,Cassiope,C,16,7,5
1996,176,Cassiope,T,17,0,0
1996,176,Cassiope,C,17,0,0
1996,176,Cassiope,T,18,39,36
1996,176,Cassiope,C,18,36,43
1996,179,Cassiope,T,1,26,29
1996,179,Cassiope,C,1,54,48
1996,179,Cassiope,T,2,0,0
1996,179,Cassiope,C,2,19,16
1996,179,Cassiope,T,10,0,0
1996,179,Cassiope,C,10,0,0
1996,179,Cassiope,T,11,23,29
1996,179,Cassiope,C,11,17,27
1996,179,Cassiope,T,12,0,0
1996,179,Cassiope,C,12,19,15
1996,179,Cassiope,T,14,0,0
1996,179,Cassiope,C,14,0,0
1996,179,Cassiope,T,16,0,0
1996,179,Cassiope,C,16,0,0
1996,179,Cassiope,T,17,0,0
1996,179,Cassiope,C,17,0,0
1996,179,Cassiope,T,18,0,25
1996,179,Cassiope,C,18,21,25
1996,181,Cassiope,T,1,19,17
1996,181,Cassiope,C,1,45,36
1996,181,Cassiope,T,2,0,0
1996,181,Cassiope,C,2,13,11
1996,181,Cassiope,T,10,0,0
1996,181,Cassiope,C,10,0,0
1996,181,Cassiope,T,11,0,8
1996,181,Cassiope,C,11,6,0
1996,181,Cassiope,T,12,0,0
1996,181,Cassiope,C,12,5,0
1996,181,Cassiope,T,14,0,0
1996,181,Cassiope,C,14,0,0
1996,181,Cassiope,T,16,0,0
1996,181,Cassiope,C,16,0,0
1996,181,Cassiope,T,17,0,0
1996,181,Cassiope,C,17,0,0
1996,181,Cassiope,T,18,0,9
1996,181,Cassiope,C,18,12,23
1996,148,Beach.ridge,C,1,,
1996,148,Beach.ridge,C,1,,
1996,148,Beach.ridge,C,1,,
1996,148,Beach.ridge,C,2,,
1996,148,Beach.ridge,C,2,,
1996,148,Beach.ridge,C,2,,
1996,148,Beach.ridge,C,3,,
1996,148,Beach.ridge,C,3,,
1996,148,Beach.ridge,C,3,,
1996,163,Beach.ridge,C,1,135,
1996,163,Beach.ridge,C,1,135,
1996,163,Beach.ridge,C,1,135,
1996,163,Beach.ridge,C,2,160,
1996,163,Beach.ridge,C,2,160,
1996,163,Beach.ridge,C,2,160,
1996,163,Beach.ridge,C,3,150,
1996,163,Beach.ridge,C,3,150,
1996,163,Beach.ridge,C,3,150,
1996,166,Beach.ridge,C,1,130,
1996,166,Beach.ridge,C,1,130,
1996,166,Beach.ridge,C,1,130,
1996,166,Beach.ridge,C,2,150,
1996,166,Beach.ridge,C,2,150,
1996,166,Beach.ridge,C,2,150,
1996,166,Beach.ridge,C,3,145,
1996,166,Beach.ridge,C,3,145,
1996,166,Beach.ridge,C,3,145,
1996,168,Beach.ridge,C,1,130,
1996,168,Beach.ridge,C,1,130,
1996,168,Beach.ridge,C,1,130,
1996,168,Beach.ridge,C,2,170,
1996,168,Beach.ridge,C,2,170,
1996,168,Beach.ridge,C,2,170,
1996,168,Beach.ridge,C,3,140,
1996,168,Beach.ridge,C,3,140,
1996,168,Beach.ridge,C,3,140,
1996,170,Beach.ridge,C,1,105,
1996,170,Beach.ridge,C,1,105,
1996,170,Beach.ridge,C,1,105,
1996,170,Beach.ridge,C,2,155,
1996,170,Beach.ridge,C,2,155,
1996,170,Beach.ridge,C,2,155,
1996,170,Beach.ridge,C,3,135,
1996,170,Beach.ridge,C,3,135,
1996,170,Beach.ridge,C,3,135,
1996,172,Beach.ridge,C,1,110,
1996,172,Beach.ridge,C,1,110,
1996,172,Beach.ridge,C,1,110,
1996,172,Beach.ridge,C,2,150,
1996,172,Beach.ridge,C,2,150,
1996,172,Beach.ridge,C,2,150,
1996,172,Beach.ridge,C,3,130,
1996,172,Beach.ridge,C,3,130,
1996,172,Beach.ridge,C,3,130,
1996,174,Beach.ridge,C,1,100,
1996,174,Beach.ridge,C,1,100,
1996,174,Beach.ridge,C,1,100,
1996,174,Beach.ridge,C,2,145,
1996,174,Beach.ridge,C,2,145,
1996,174,Beach.ridge,C,2,145,
1996,174,Beach.ridge,C,3,120,
1996,174,Beach.ridge,C,3,120,
1996,174,Beach.ridge,C,3,120,
1996,176,Beach.ridge,C,1,90,
1996,176,Beach.ridge,C,1,90,
1996,176,Beach.ridge,C,1,90,
1996,176,Beach.ridge,C,2,122,
1996,176,Beach.ridge,C,2,122,
1996,176,Beach.ridge,C,2,122,
1996,176,Beach.ridge,C,3,107,
1996,176,Beach.ridge,C,3,107,
1996,176,Beach.ridge,C,3,107,
1996,179,Beach.ridge,C,1,85,
1996,179,Beach.ridge,C,1,85,
1996,179,Beach.ridge,C,1,85,
1996,179,Beach.ridge,C,2,113,
1996,179,Beach.ridge,C,2,113,
1996,179,Beach.ridge,C,2,113,
1996,179,Beach.ridge,C,3,102,
1996,179,Beach.ridge,C,3,102,
1996,179,Beach.ridge,C,3,102,
1996,185,Beach.ridge,C,1,51,
1996,185,Beach.ridge,C,1,51,
1996,185,Beach.ridge,C,1,51,
1996,185,Beach.ridge,C,2,84,
1996,185,Beach.ridge,C,2,84,
1996,185,Beach.ridge,C,2,84,
1996,185,Beach.ridge,C,3,68,
1996,185,Beach.ridge,C,3,68,
1996,185,Beach.ridge,C,3,68,
1996,189,Beach.ridge,C,1,16,31
1996,189,Beach.ridge,C,1,16,31
1996,189,Beach.ridge,C,1,16,31
1996,189,Beach.ridge,C,2,51,45
1996,189,Beach.ridge,C,2,51,45
1996,189,Beach.ridge,C,2,51,45
1996,189,Beach.ridge,C,3,40,42
1996,189,Beach.ridge,C,3,40,42
1996,189,Beach.ridge,C,3,40,42
1996,193,Beach.ridge,C,1,11,3
1996,193,Beach.ridge,C,1,11,3
1996,193,Beach.ridge,C,1,11,3
1996,193,Beach.ridge,C,2,16,16
1996,193,Beach.ridge,C,2,16,16
1996,193,Beach.ridge,C,2,16,16
1996,193,Beach.ridge,C,3,6,8
1996,193,Beach.ridge,C,3,6,8
1996,193,Beach.ridge,C,3,6,8
1996,196,Beach.ridge,C,1,0,0
1996,196,Beach.ridge,C,1,0,0
1996,196,Beach.ridge,C,1,0,0
1996,196,Beach.ridge,C,2,0,0
1996,196,Beach.ridge,C,2,0,0
1996,196,Beach.ridge,C,2,0,0
1996,196,Beach.ridge,C,3,0,0
1996,196,Beach.ridge,C,3,0,0
1996,196,Beach.ridge,C,3,0,0
1996,200,Beach.ridge,C,1,0,0
1996,200,Beach.ridge,C,1,0,0
1996,200,Beach.ridge,C,1,0,0
1996,200,Beach.ridge,C,2,0,0
1996,200,Beach.ridge,C,2,0,0
1996,200,Beach.ridge,C,2,0,0
1996,200,Beach.ridge,C,3,0,0
1996,200,Beach.ridge,C,3,0,0
1996,200,Beach.ridge,C,3,0,0
1997,167,Dome,T,D1,0,6
1997,167,Dome,C,D10,25,25
1997,167,Dome,T,D2,0,8
1997,167,Dome,C,D2,0,0
1997,167,Dome,T,D4,0,5
1997,167,Dome,T,D5,2,6
1997,167,Dome,T,D7,18,15
1997,167,Dome,C,D7,25,25
1997,167,Dome,C,D8,20,20
1997,167,Dome,T,G1,7,33
1997,167,Dome,C,G1,21,0
1997,167,Dome,T,G2,21.5,24
1997,167,Dome,C,G2,16,0
1997,167,Dome,C,G3,16,0
1997,167,Dome,T,G4,23,22
1997,167,Dome,T,G5,19.5,28.5
1997,167,Dome,T,G6,24,25
1997,167,Dome,C,G6,0,0
1997,167,Dome,T,G7,6,0
1997,167,Dome,C,G9,0,0
1997,172,Dome,C,G5,16,0
1997,160,Cassiope,T,1,0,23
1997,160,Cassiope,C,1,0,0
1997,160,Cassiope,T,2,5,33
1997,160,Cassiope,C,2,0,0
1997,160,Cassiope,T,3,32,36
1997,160,Cassiope,C,3,0,0
1997,160,Cassiope,T,4,0,34
1997,160,Cassiope,C,4,0,0
1997,160,Cassiope,T,5,18,29
1997,160,Cassiope,C,5,9,18
1997,160,Cassiope,T,6,0,37
1997,160,Cassiope,C,6,6,0
1997,160,Cassiope,T,7,26,36
1997,160,Cassiope,C,7,33,32
1997,160,Cassiope,T,8,4,31
1997,160,Cassiope,C,8,0,11
1997,160,Cassiope,T,9,20,27
1997,160,Cassiope,C,9,17,12
1997,160,Cassiope,T,10,0,25
1997,160,Cassiope,C,10,0,0
1997,160,Cassiope,T,11,31,32
1997,160,Cassiope,C,11,12,0
1997,160,Cassiope,T,12,0,17
1997,160,Cassiope,C,12,1,0
1997,160,Cassiope,T,13,38,40
1997,160,Cassiope,C,13,17,18
1997,160,Cassiope,T,14,20,30
1997,160,Cassiope,C,14,0,0
1997,160,Cassiope,T,15,30,32
1997,160,Cassiope,C,15,21,18
1997,160,Cassiope,T,16,12,35
1997,160,Cassiope,C,16,29,21
1997,160,Cassiope,T,17,40,39
1997,160,Cassiope,C,17,0,0
1997,160,Cassiope,T,18,17,36
1997,160,Cassiope,C,18,16,0
1997,162,Beach.ridge,C,1,98,
1997,162,Beach.ridge,C,1,98,
1997,162,Beach.ridge,C,1,98,
1997,162,Beach.ridge,C,2,85,
1997,162,Beach.ridge,C,2,85,
1997,162,Beach.ridge,C,2,85,
1997,162,Beach.ridge,C,3,61.25,
1997,162,Beach.ridge,C,3,61.25,
1997,162,Beach.ridge,C,3,61.25,
1997,172,Beach.ridge,C,1,58,
1997,172,Beach.ridge,C,1,58,
1997,172,Beach.ridge,C,1,58,
1997,172,Beach.ridge,C,2,82,
1997,172,Beach.ridge,C,2,82,
1997,172,Beach.ridge,C,2,82,
1997,172,Beach.ridge,C,3,95,
1997,172,Beach.ridge,C,3,95,
1997,172,Beach.ridge,C,3,95,
1999,157,Beach.ridge,C,1,45,
1999,157,Beach.ridge,C,1,45,
1999,157,Beach.ridge,C,1,45,
1999,157,Beach.ridge,C,2,50,
1999,157,Beach.ridge,C,2,50,
1999,157,Beach.ridge,C,2,50,
1999,157,Beach.ridge,C,3,39,
1999,157,Beach.ridge,C,3,39,
1999,157,Beach.ridge,C,3,39,
1999,157,Willow,T,3,,38
1999,157,Willow,C,3,,48
1999,157,Willow,T,4,,0
1999,157,Willow,C,4,,32
1999,157,Cassiope,C,30,,30
1999,157,Cassiope,C,30,,30
1999,157,Cassiope,T,44,,44
1999,157,Cassiope,T,45,,45
2000,159,Willow,T,1,45.5,48
2000,159,Willow,C,1,38,35.5
2000,159,Willow,T,2,44,51.5
2000,159,Willow,C,2,58,38
2000,159,Willow,T,3,40,46
2000,159,Willow,C,3,41,34.5
2000,159,Willow,T,4,0,0
2000,159,Willow,C,4,31,30
2000,159,Willow,T,5,46.5,54.5
2000,159,Willow,C,5,34,38
2000,159,Willow,T,6,37.5,50.5
2000,159,Willow,C,6,39,38.5
2000,159,Willow,T,7,44.5,47
2000,159,Willow,C,7,38,34
2000,159,Willow,T,8,63,61
2000,159,Willow,C,8,37,38.5
2000,159,Willow,T,9,38,54
2000,159,Willow,C,9,49,54
2000,159,Willow,T,10,51.5,52
2000,159,Willow,C,10,42,45
2000,159,Meadow,T,1,48,54
2000,159,Meadow,C,1,39,40
2000,159,Meadow,T,2,52,41
2000,159,Meadow,C,2,34.5,34.5
2000,159,Meadow,T,3,59,55
2000,159,Meadow,C,3,36.5,35.5
2000,159,Meadow,T,4,40,52
2000,159,Meadow,C,4,36,36
2000,159,Meadow,T,5,49.5,44
2000,159,Meadow,C,5,40,43
2000,159,Meadow,T,6,0,43.5
2000,159,Meadow,C,6,26,27
2000,159,Meadow,T,7,43,47
2000,159,Meadow,C,7,35,34.5
2000,159,Meadow,T,8,45,53.5
2000,159,Meadow,C,8,38,37.5
2000,159,Meadow,T,9,47,41
2000,159,Meadow,C,9,37.5,37
2000,159,Meadow,T,10,52.5,54
2000,159,Meadow,C,10,41,40
2000,159,Meadow,T,2.CO2,47.5,51
2000,159,Meadow,C,2.CO2,32,30.5
2000,159,Meadow,T,4.CO2,57,45
2000,159,Meadow,C,4.CO2,40.5,40
2000,159,Meadow,T,1.CO2,41,46
2000,159,Meadow,C,1.CO2,39,38
2000,159,Meadow,T,3.CO2,50,55
2000,159,Meadow,C,3.CO2,35,40.5
2000,160,Fert,T,1,48,52
2000,160,Fert,C,1,29,30
2000,160,Fert,T,2,43,39
2000,160,Fert,C,2,47,48.5
2000,160,Fert,T,3,31,46
2000,160,Fert,C,3,27,25
2000,160,Fert,T,4,38,33.5
2000,160,Fert,C,4,33,39.5
2000,160,Fert,T,5,28,33.5
2000,160,Fert,C,5,25,24
2000,160,Fert,T,6,13,44
2000,160,Fert,C,6,28,29
2000,160,Fert,T,7,24.5,35
2000,160,Fert,C,7,26,26
2000,160,Fert,T,8,39,35
2000,160,Fert,C,8,25,29
2000,160,Fert,T,9,38,31
2000,160,Fert,C,9,18,19
2000,160,Fert,T,10,9,39
2000,160,Fert,C,10,37,28.5
2000,160,Fert,T,11,32.5,41.5
2000,160,Fert,C,11,22.5,23
2000,160,Fert,T,12,28,42
2000,160,Fert,C,12,28.5,29
2000,160,Fert,T,13,33,39
2000,160,Fert,C,13,31,19
2000,160,Fert,T,14,38.5,32
2000,160,Fert,C,14,33,29
2000,160,Fert,T,15,41,37
2000,160,Fert,C,15,39,38
2000,160,Fert,T,16,15,37
2000,160,Fert,C,16,31,29
2000,160,Fert,T,17,47,39
2000,160,Fert,C,17,36,34
2000,160,Fert,T,18,31.5,48
2000,160,Fert,C,18,32,23
2000,160,Fert,T,19,46,42
2000,160,Fert,C,19,33,27
2000,160,Fert,T,20,41,38
2000,160,Fert,C,20,27,25
2000,164,Dome,T,D1,22,42.5
2000,164,Dome,C,D1,24,27
2000,164,Dome,T,D10,,15.5
2000,164,Dome,C,D10,,26
2000,164,Dome,T,D11,,22
2000,164,Dome,C,D11,,22.5
2000,164,Dome,T,D2,40.5,39
2000,164,Dome,C,D2,33,36
2000,164,Dome,T,D3,41.5,44
2000,164,Dome,C,D3,36,37
2000,164,Dome,T,D4,39.5,36
2000,164,Dome,C,D4,26,29
2000,164,Dome,T,D5,35,41
2000,164,Dome,C,D5,36,35
2000,164,Dome,T,D6,,18.5
2000,164,Dome,C,D6,,26.5
2000,164,Dome,T,D7,,31.5
2000,164,Dome,C,D7,,27.5
2000,164,Dome,T,D8,,21
2000,164,Dome,C,D8,,33
2000,164,Dome,T,D9,,29
2000,164,Dome,C,D9,,34
2000,164,Dome,T,G1,45,41
2000,164,Dome,C,G1,48,48.5
2000,164,Dome,T,G10,,29.5
2000,164,Dome,C,G10,,29
2000,164,Dome,T,G11,,31.5
2000,164,Dome,C,G11,,30
2000,164,Dome,T,G2,44,26
2000,164,Dome,C,G2,37.5,40
2000,164,Dome,T,G3,34.5,48
2000,164,Dome,C,G3,30.5,32
2000,164,Dome,T,G4,37.5,42
2000,164,Dome,C,G4,29.5,31.5
2000,164,Dome,T,G5,44,42.5
2000,164,Dome,C,G5,36,37.5
2000,164,Dome,T,G6,,36.5
2000,164,Dome,C,G6,,39
2000,164,Dome,T,G7,,33
2000,164,Dome,C,G7,,38
2000,164,Dome,T,G8,,17
2000,164,Dome,C,G8,,36.5
2000,164,Dome,T,G9,,33
2000,164,Dome,C,G9,,34.5
2000,159,Dryas,T,1,52,44.5
2000,159,Dryas,C,1,44,40
2000,159,Dryas,T,2,58,51
2000,159,Dryas,C,2,42,43
2000,159,Dryas,T,3,55,54
2000,159,Dryas,C,3,42,39
2000,159,Dryas,T,4,49,53
2000,159,Dryas,C,4,39,40
2000,159,Dryas,T,5,59,50
2000,159,Dryas,C,5,53,58
2000,159,Dryas,T,6,56,49
2000,159,Dryas,C,6,49,40
2000,159,Dryas,T,7,61,47
2000,159,Dryas,C,7,43.5,46
2000,159,Dryas,T,8,58,54
2000,159,Dryas,C,8,60.5,50.5
2000,159,Dryas,T,9,58,55
2000,159,Dryas,C,9,44,42.5
2000,159,Dryas,T,10,58.5,48.5
2000,159,Dryas,C,10,43,45.5
2000,159,Dryas,T,11,50,46.5
2000,159,Dryas,C,11,41.5,40.5
2000,159,Dryas,T,12,50.5,58.5
2000,159,Dryas,C,12,35.5,34.5
2000,159,Dryas,T,13,50,58.5
2000,159,Dryas,C,13,34.5,38.5
2000,159,Dryas,T,14,61.5,47
2000,159,Dryas,C,14,40.5,40.5
2000,159,Cassiope,T,1,35,48
2000,159,Cassiope,C,1,31,28
2000,159,Cassiope,T,2,49,48
2000,159,Cassiope,C,2,32,26
2000,159,Cassiope,T,3,44.5,44
2000,159,Cassiope,C,3,30,31
2000,159,Cassiope,T,4,53,48
2000,159,Cassiope,C,4,31,33.5
2000,159,Cassiope,T,5,44,37
2000,159,Cassiope,C,5,37,40.5
2000,159,Cassiope,T,6,45.5,42.5
2000,159,Cassiope,C,6,29,36
2000,159,Cassiope,T,7,44.5,42
2000,159,Cassiope,C,7,29,35
2000,159,Cassiope,T,8,51,41
2000,159,Cassiope,C,8,38,38
2000,159,Cassiope,T,9,45.5,38
2000,159,Cassiope,C,9,40,35
2000,159,Cassiope,T,10,47,43.5
2000,159,Cassiope,C,10,31,35
2000,159,Cassiope,T,11,44,43
2000,159,Cassiope,C,11,30,32
2000,159,Cassiope,T,12,48,50.5
2000,159,Cassiope,C,12,37.5,37
2000,159,Cassiope,T,13,49.5,51
2000,159,Cassiope,C,13,40,47
2000,159,Cassiope,T,14,39.5,50
2000,159,Cassiope,C,14,35,34
2000,159,Cassiope,T,15,45,44
2000,159,Cassiope,C,15,30,38
2000,159,Cassiope,T,16,48.5,47
2000,159,Cassiope,C,16,32,30.5
2000,159,Cassiope,T,17,50,38.5
2000,159,Cassiope,C,17,34.5,29.5
2000,159,Cassiope,T,18,42,42.5
2000,159,Cassiope,C,18,40,37
2000,159,Beach.ridge,C,1,51,51
2000,159,Beach.ridge,C,1,51,51
2000,159,Beach.ridge,C,1,51,51
2000,159,Beach.ridge,C,2,70,69
2000,159,Beach.ridge,C,2,70,69
2000,159,Beach.ridge,C,2,70,69
2000,159,Beach.ridge,C,3,41,43
2000,159,Beach.ridge,C,3,41,43
2000,159,Beach.ridge,C,3,41,43
2001,158,Willow,T,1,28,60
2001,158,Willow,C,1,23,17
2001,158,Willow,T,2,47,49
2001,158,Willow,C,2,37,38
2001,158,Willow,T,3,42,49
2001,158,Willow,C,3,30,29
2001,158,Willow,T,4,37,27
2001,158,Willow,C,4,9,7
2001,158,Willow,T,5,59,53
2001,158,Willow,C,5,33,42
2001,158,Willow,T,6,39,39
2001,158,Willow,C,6,45,48
2001,158,Willow,T,7,49,39
2001,158,Willow,C,7,45,41
2001,158,Willow,T,8,49,57
2001,158,Willow,C,8,,
2001,158,Willow,T,9,59,45
2001,158,Willow,C,9,58,58
2001,158,Willow,T,10,41,50
2001,158,Willow,C,10,56,44
2001,158,Meadow,T,1,56,55
2001,158,Meadow,C,1,42,35
2001,158,Meadow,T,2,58,56
2001,158,Meadow,C,2,42,37
2001,158,Meadow,T,3,56,53
2001,158,Meadow,C,3,48,44
2001,158,Meadow,T,4,46,45
2001,158,Meadow,C,4,38,39
2001,158,Meadow,T,5,44,23
2001,158,Meadow,C,5,34,42
2001,158,Meadow,T,6,39,45
2001,158,Meadow,C,6,29,26
2001,158,Meadow,T,7,29,42
2001,158,Meadow,C,7,34,34
2001,158,Meadow,T,8,38,49
2001,158,Meadow,C,8,42,39
2001,158,Meadow,T,9,35,40
2001,158,Meadow,C,9,39,43
2001,158,Meadow,T,10,47,45
2001,158,Meadow,C,10,34,32
2001,157,Fert,T,2,50,49
2001,157,Fert,C,2,32,46
2001,157,Fert,T,4,43,39
2001,157,Fert,C,4,49,44
2001,157,Fert,T,13,31,24
2001,157,Fert,C,13,29,31
2001,157,Fert,T,14,25,29
2001,157,Fert,C,14,30,32
2001,157,Fert,T,28,42,35
2001,157,Fert,C,28,35,33
2001,157,Fert,T,36,48,54
2001,157,Fert,C,36,37,44
2001,170,Dome,T,D1,18,15
2001,170,Dome,C,D1,43,40
2001,170,Dome,T,D10,31,29
2001,170,Dome,C,D10,41,40
2001,170,Dome,T,D2,35,20
2001,170,Dome,C,D2,29,43
2001,170,Dome,T,D3,31,14
2001,170,Dome,C,D3,27,38
2001,170,Dome,T,D4,39,41
2001,170,Dome,C,D4,45,46
2001,170,Dome,T,D5,24.6,35.5
2001,170,Dome,C,D5,55,50
2001,170,Dome,T,G1,20,32
2001,170,Dome,C,G1,35,32
2001,170,Dome,T,G2,33,40
2001,170,Dome,C,G2,29,20
2001,170,Dome,T,G3,27,33
2001,170,Dome,C,G3,32,27
2001,170,Dome,T,G4,20,35
2001,170,Dome,C,G4,42,43
2001,170,Dome,T,G5,44,42
2001,170,Dome,C,G5,29,28
2001,170,Dome,T,G6,38,37
2001,170,Dome,C,G6,13,14
2001,170,Dome,T,G8,36,37
2001,170,Dome,C,G8,31,35
2001,157,Dryas,T,1,36,44
2001,157,Dryas,C,1,44,48
2001,157,Dryas,T,2,47,46
2001,157,Dryas,C,2,28,27
2001,157,Dryas,T,3,49,49
2001,157,Dryas,C,3,48,55
2001,157,Dryas,T,4,39,46
2001,157,Dryas,C,4,39,35
2001,157,Dryas,T,5,47,50
2001,157,Dryas,C,5,46,45
2001,157,Dryas,T,6,53,49
2001,157,Dryas,C,6,45,41
2001,157,Dryas,T,7,50,49
2001,157,Dryas,C,7,39,38
2001,157,Dryas,T,8,36,50
2001,157,Dryas,C,8,38,44
2001,157,Dryas,T,9,50,53
2001,157,Dryas,C,9,46,44
2001,157,Dryas,T,10,43,41
2001,157,Dryas,C,10,43,42
2001,157,Dryas,T,11,44,44
2001,157,Dryas,C,11,36,38
2001,157,Dryas,T,12,30,38
2001,157,Dryas,C,12,39,35
2001,157,Dryas,T,13,40,50
2001,157,Dryas,C,13,44,40
2001,157,Dryas,T,14,42,42
2001,157,Dryas,C,14,35,34
2001,157,Cassiope,T,2,50,58
2001,157,Cassiope,C,2,44,46
2001,157,Cassiope,T,4,51,52.5
2001,157,Cassiope,C,4,35,38
2001,157,Cassiope,T,9,52,51
2001,157,Cassiope,C,9,43,43
2001,157,Cassiope,T,12,58,57
2001,157,Cassiope,C,12,39,44
2001,157,Cassiope,T,13,43,56.5
2001,157,Cassiope,C,13,53,52
2001,157,Cassiope,*,,42,45
2001,157,Beach.ridge,C,1,83,101
2001,157,Beach.ridge,C,1,83,101
2001,157,Beach.ridge,C,1,83,101
2001,157,Beach.ridge,C,2,94,68
2001,157,Beach.ridge,C,2,94,68
2001,157,Beach.ridge,C,2,94,68
2001,157,Beach.ridge,C,3,80,73
2001,157,Beach.ridge,C,3,80,73
2001,157,Beach.ridge,C,3,80,73
2002,166,Dome,T,D1,9,30
2002,166,Dome,C,D1,29,35
2002,166,Dome,T,D10,42,39
2002,166,Dome,C,D10,42,39
2002,166,Dome,T,D11,40,35
2002,166,Dome,C,D11,40,35
2002,166,Dome,T,D2,25,35
2002,166,Dome,C,D2,35,38
2002,166,Dome,T,D3,19,27
2002,166,Dome,C,D3,57,30
2002,166,Dome,T,D4,19,7
2002,166,Dome,C,D4,50,22
2002,166,Dome,T,D5,14,30
2002,166,Dome,C,D5,33,25
2002,166,Dome,T,D6,45,41
2002,166,Dome,C,D6,45,41
2002,166,Dome,T,D7,44,45
2002,166,Dome,C,D7,44,45
2002,166,Dome,T,D8,35,31
2002,166,Dome,C,D8,35,31
2002,166,Dome,T,D9,52,45
2002,166,Dome,C,D9,52,45
2002,166,Dome,T,G1,32,27
2002,166,Dome,C,G1,36,30
2002,166,Dome,T,G10,32,41
2002,166,Dome,C,G10,32,41
2002,166,Dome,T,G11,31,30
2002,166,Dome,C,G11,31,30
2002,166,Dome,T,G2,8,16
2002,166,Dome,C,G2,40,29
2002,166,Dome,T,G3,39,11
2002,166,Dome,C,G3,39,23
2002,166,Dome,T,G4,15,31
2002,166,Dome,C,G4,29,27
2002,166,Dome,T,G5,32,10
2002,166,Dome,C,G5,47,49
2002,166,Dome,T,G6,56,51
2002,166,Dome,C,G6,56,51
2002,166,Dome,T,G7,31,36
2002,166,Dome,C,G7,31,36
2002,166,Dome,T,G8,24,16
2002,166,Dome,C,G8,36,35
2002,166,Dome,T,G9,25,26
2002,166,Dome,C,G9,25,26
2002,175,Dome,T,D1,0,0
2002,175,Dome,C,D1,7,9
2002,175,Dome,C,D10,6,9
2002,175,Dome,C,D11,7,6
2002,175,Dome,T,D2,0,0
2002,175,Dome,C,D2,9,5
2002,175,Dome,T,D3,0,0
2002,175,Dome,C,D3,15,8
2002,175,Dome,T,D4,0,0
2002,175,Dome,C,D4,9,2
2002,175,Dome,T,D5,0,0
2002,175,Dome,C,D6,7,11
2002,175,Dome,T,D7,13,12
2002,175,Dome,C,D7,8,10
2002,175,Dome,C,G1,7,6
2002,175,Dome,T,G10,0,0
2002,175,Dome,C,G10,0,0
2002,175,Dome,C,G11,5,6
2002,175,Dome,T,G2,0,0
2002,175,Dome,T,G3,0,0
2002,175,Dome,C,G3,0,0
2002,175,Dome,T,G4,0,0
2002,175,Dome,T,G5,0,0
2002,175,Dome,C,G6,7,7
2002,175,Dome,T,G8,0,0
2002,175,Dome,C,G8,15,12
,,,,,,
2011,154,Cassiope,T,1,45,
2011,154,Cassiope,C,1,,41
2011,154,Cassiope,C,1new,,43
2011,154,Cassiope,T,2,38,
2011,154,Cassiope,C,2,,37
2011,154,Cassiope,C,2new,,56
2011,154,Cassiope,T,3,47,
2011,154,Cassiope,C,3,,36
2011,154,Cassiope,C,3new,,48
2011,154,Cassiope,T,4,54,
2011,154,Cassiope,C,4,,36
2011,154,Cassiope,C,4new,,43
2011,154,Cassiope,T,5,44,
2011,154,Cassiope,C,5,,48
2011,154,Cassiope,C,5new,,41
2011,154,Cassiope,T,6,49,
2011,154,Cassiope,C,6,,43
2011,154,Cassiope,C,6new,,42
2011,154,Cassiope,T,7,41,
2011,154,Cassiope,C,7,,43
2011,154,Cassiope,C,7new,,28
2011,154,Cassiope,T,8,44,
2011,154,Cassiope,C,8,,59
2011,154,Cassiope,C,8new,,55
2011,154,Cassiope,T,9,48,
2011,154,Cassiope,C,9,,38
2011,154,Cassiope,C,9new,,51
2011,154,Cassiope,T,10,47,
2011,154,Cassiope,C,10,,25
2011,154,Cassiope,C,10new,,38
2011,154,Cassiope,T,11,44,
2011,154,Cassiope,C,11,,37
2011,154,Cassiope,C,11new,,44
2011,154,Cassiope,T,12,46,
2011,154,Cassiope,C,12,,43
2011,154,Cassiope,C,12new,,48
2011,154,Cassiope,T,13,42,
2011,154,Cassiope,C,13,,44
2011,154,Cassiope,C,13new,,29
2011,154,Cassiope,T,14,40,
2011,154,Cassiope,C,14,,48
2011,154,Cassiope,C,14new,,46
2011,154,Cassiope,T,15,48,
2011,154,Cassiope,C,15,,37
2011,154,Cassiope,C,15new,,37
2011,154,Cassiope,T,16,50,
2011,154,Cassiope,C,16,,50
2011,154,Cassiope,C,16new,,45
2011,154,Cassiope,T,17,51,
2011,154,Cassiope,C,17,,42
2011,154,Cassiope,C,17new,,45
2011,154,Cassiope,T,18,39,
2011,154,Cassiope,C,18,,48
2011,154,Cassiope,C,18new,,48
2011,154,Fert,C,1,,30
2011,154,Fert,T,2,40,
2011,154,Fert,C,3,,34
2011,154,Fert,T,4,35,
2011,154,Fert,C,5,,35
2011,154,Fert,T,6,24,
2011,154,Fert,C,7,,27
2011,154,Fert,T,8,46,
2011,154,Fert,C,9,,49
2011,154,Fert,C,9s,,34
2011,154,Fert,T,10,41,
2011,154,Fert,C,11,,22
2011,154,Fert,T,12,,
2011,154,Fert,C,13,,37
2011,154,Fert,T,14,45,
2011,154,Fert,C,15,,28
2011,154,Fert,T,16,42,
2011,154,Fert,C,17,,26
2011,154,Fert,T,18,46,
2011,154,Fert,C,19,,46
2011,154,Fert,T,20,45,
2011,154,Fert,C,21,,31
2011,154,Fert,T,22,39,
2011,154,Fert,C,23,,43
2011,154,Fert,T,24,41,
2011,154,Fert,C,25,,38
2011,154,Fert,T,26,37,
2011,154,Fert,C,27,,31
2011,154,Fert,T,28,40,
2011,154,Fert,C,29,,52
2011,154,Fert,T,30,45,
2011,154,Fert,C,31,,39
2011,154,Fert,T,32,40,
2011,154,Fert,C,33,,43
2011,154,Fert,T,34,32,
2011,154,Fert,C,35,,33
2011,154,Fert,T,36,38,
2011,154,Fert,C,37,,20
2011,154,Fert,T,38,41,
2011,154,Fert,C,39,,30
2011,154,Fert,T,40,52,
2011,154,Willow,T,1,63.5,
2011,154,Willow,C,1,,11
2011,154,Willow,T,2,39,
2011,154,Willow,C,2,,38
2011,154,Willow,T,3,35,
2011,154,Willow,C,3,,32
2011,154,Willow,T,4,24,
2011,154,Willow,C,4,,16
2011,154,Willow,T,5,45,
2011,154,Willow,C,5,,28
2011,154,Willow,T,6,33,
2011,154,Willow,C,6,,33
2011,154,Willow,T,7,48,
2011,154,Willow,C,7,,47
2011,154,Willow,T,8,49,
2011,154,Willow,C,8,,35
2011,154,Willow,T,9,40,
2011,154,Willow,C,9,,
2011,154,Willow,T,10,42,
2011,154,Willow,C,10,,33
2011,154,Dryas,T,1,38,
2011,154,Dryas,C,1,,31
2011,154,Dryas,T,2,46,
2011,154,Dryas,C,2,,28
2011,154,Dryas,T,3,36,
2011,154,Dryas,C,3,,36
2011,154,Dryas,T,4,39,
2011,154,Dryas,C,4,,41
2011,154,Dryas,T,5,40,
2011,154,Dryas,C,5,,33
2011,154,Dryas,T,6,47,
2011,154,Dryas,C,6,,48
2011,154,Dryas,T,7,39,
2011,154,Dryas,C,7,,37
2011,154,Dryas,T,8,30,
2011,154,Dryas,C,8,,29
2011,154,Dryas,T,9,33,
2011,154,Dryas,C,9,,32
2011,154,Dryas,T,10,47,
2011,154,Dryas,C,10,,38
2011,154,Dryas,T,11,37,
2011,154,Dryas,C,11,,32
2011,154,Dryas,T,12,37,
2011,154,Dryas,C,12,,41
2011,154,Dryas,T,13,42,
2011,154,Dryas,C,13,,41
2011,154,Dryas,T,14,44,
2011,154,Dryas,C,14,,36
2011,154,Meadow,T,1,32,
2011,154,Meadow,C,1,,33
2011,154,Meadow,T,2,40,
2011,154,Meadow,C,2,,32
2011,154,Meadow,T,3,,
2011,154,Meadow,C,3,,35
2011,154,Meadow,T,4,45,
2011,154,Meadow,C,4,,26
2011,154,Meadow,T,5,50,
2011,154,Meadow,C,5,,35
2011,154,Meadow,T,6,41,
2011,154,Meadow,C,6,,20
2011,154,Meadow,T,7,34,
2011,154,Meadow,C,7,,30
2011,154,Meadow,T,8,38,
2011,154,Meadow,C,8,,21
2011,154,Meadow,T,9,27,
2011,154,Meadow,C,9,,25
2011,154,Meadow,T,10,41,
2011,154,Meadow,C,10,,42