Year,Site,C/T,Plot,Plant,bud,flw_pk,sen,upr
2018,CASS,T,1,1,,,,
2018,CASS,T,1,2,,197,204,216
2018,CASS,T,1,3,,197,210,
2018,CASS,T,1,4,,197,207,
2018,CASS,T,1,5,,197,,
2018,CASS,T,1,D1,,200,200,
2018,CASS,T,1,D2,,200,213,
2018,CASS,T,1,D3,,199,,
2018,CASS,C,1,1,,197,213,
2018,CASS,C,1,2,,197,210,
2018,CASS,C,1,3,,,,
2018,CASS,C,1,4,,,,
2018,CASS,C,1,5,,197,200,216
2018,CASS,C,1,D1,,199,210,
2018,CASS,C,1,D2,,,,
2018,CASS,C,1,D3,,199,210,
2018,CASS,T,2,1,,197,200,216
2018,CASS,T,2,2,,197,207,216
2018,CASS,T,2,3,,197,204,
2018,CASS,T,2,4,,,,
2018,CASS,T,2,5,,200,204,210
2018,CASS,T,2,D1,,200,213,
2018,CASS,T,2,D2,,200,204,
2018,CASS,T,2,D3,,,,
2018,CASS,C,2,1,,197,204,
2018,CASS,C,2,2,197,200,210,
2018,CASS,C,2,3,,197,210,
2018,CASS,C,2,4,,197,200,210
2018,CASS,C,2,5,,,,
2018,CASS,C,2,D1,,199,210,
2018,CASS,C,2,D2,,,,
2018,CASS,C,2,D3,,199,213,
2018,CASS,T,3,1,,197,200,
2018,CASS,T,3,2,,,,
2018,CASS,T,3,3,,,,
2018,CASS,T,3,4,,197,210,
2018,CASS,T,3,5,,197,207,
2018,CASS,T,3,D1,,200,200,
2018,CASS,T,3,D2,,,,
2018,CASS,T,3,D3,,200,200,
2018,CASS,C,3,1,,197,207,213
2018,CASS,C,3,2,,197,204,216
2018,CASS,C,3,3,,200,210,
2018,CASS,C,3,4,,197,204,213
2018,CASS,C,3,5,,,,
2018,CASS,C,3,D1,,199,213,
2018,CASS,C,3,D2,,,,
2018,CASS,C,3,D3,,,,
2018,CASS,T,4,1,,,,
2018,CASS,T,4,2,,,,
2018,CASS,T,4,3,,,,
2018,CASS,T,4,4,,,,
2018,CASS,T,4,5,,197,207,
2018,CASS,T,4,D1,,199,200,213
2018,CASS,T,4,D2,,200,204,216
2018,CASS,T,4,D3,,,,
2018,CASS,C,4,1,,197,197,213
2018,CASS,C,4,2,,,,
2018,CASS,C,4,3,,,,
2018,CASS,C,4,4,,197,210,
2018,CASS,C,4,5,,,,
2018,CASS,C,4,D1,,,,
2018,CASS,C,4,D2,,199,210,
2018,CASS,C,4,D3,,199,207,
2018,CASS,T,5,1,,197,197,213
2018,CASS,T,5,2,197,200,207,
2018,CASS,T,5,3,,197,204,213
2018,CASS,T,5,4,,,,
2018,CASS,T,5,5,,197,210,
2018,CASS,T,5,D1,,200,204,210
2018,CASS,T,5,D2,,,,
2018,CASS,T,5,D3,,200,207,
2018,CASS,C,5,1,197,200,210,
2018,CASS,C,5,2,,197,210,216
2018,CASS,C,5,3,,,,
2018,CASS,C,5,4,,,,
2018,CASS,C,5,5,197,201,216,
2018,CASS,C,5,D1,,199,210,
2018,CASS,C,5,D2,199,204,210,
2018,CASS,C,5,D3,,,,
2018,CASS,T,6,1,,,,
2018,CASS,T,6,2,,,,
2018,CASS,T,6,3,,,,
2018,CASS,T,6,4,,,,
2018,CASS,T,6,5,,197,204,213
2018,CASS,T,6,D1,,199,200,213
2018,CASS,T,6,D2,,200,204,
2018,CASS,T,6,D3,,,,
2018,CASS,C,6,1,,,,
2018,CASS,C,6,2,,,,
2018,CASS,C,6,3,,200,210,
2018,CASS,C,6,4,,,,
2018,CASS,C,6,5,,,,
2018,CASS,C,6,D1,,,,
2018,CASS,C,6,D2,,199,204,216
2018,CASS,C,6,D3,,,,
2018,CASS,T,7,1,,,,
2018,CASS,T,7,2,,,,
2018,CASS,T,7,3,,,,
2018,CASS,T,7,4,,,,
2018,CASS,T,7,5,,,,
2018,CASS,T,7,D1,,,,
2018,CASS,T,7,D2,,200,204,
2018,CASS,T,7,D3,,200,204,213
2018,CASS,C,7,1,,197,210,
2018,CASS,C,7,2,,,,
2018,CASS,C,7,3,,,,
2018,CASS,C,7,4,,,,
2018,CASS,C,7,5,,197,204,
2018,CASS,C,7,D1,,,,
2018,CASS,C,7,D2,,,,
2018,CASS,C,7,D3,199,198,,
2018,CASS,T,8,1,,,,
2018,CASS,T,8,2,,,,
2018,CASS,T,8,3,,,,
2018,CASS,T,8,4,,197,204,210
2018,CASS,T,8,5,,200,204,
2018,CASS,T,8,D1,,200,200,
2018,CASS,T,8,D2,,200,210,216
2018,CASS,T,8,D3,,,,
2018,CASS,C,8,1,,197,210,
2018,CASS,C,8,2,,,,
2018,CASS,C,8,3,,197,200,
2018,CASS,C,8,4,,197,204,
2018,CASS,C,8,5,,,,
2018,CASS,C,8,D1,199,198,216,
2018,CASS,C,8,D2,,,,
2018,CASS,C,8,D3,199,198,,
2018,CASS,T,9,1,,197,207,
2018,CASS,T,9,2,,,,
2018,CASS,T,9,3,,197,204,
2018,CASS,T,9,4,,197,204,
2018,CASS,T,9,5,,197,204,
2018,CASS,T,9,D1,,200,204,210
2018,CASS,T,9,D2,,200,200,216
2018,CASS,T,9,D3,,,,
2018,CASS,C,9,1,,,,
2018,CASS,C,9,2,,,,
2018,CASS,C,9,3,,197,210,
2018,CASS,C,9,4,,,,
2018,CASS,C,9,5,,197,210,
2018,CASS,C,9,D1,,,,
2018,CASS,C,9,D2,,,,
2018,CASS,C,9,D3,,199,210,
2018,CASS,T,10,1,,197,200,
2018,CASS,T,10,2,,,,
2018,CASS,T,10,3,,,,
2018,CASS,T,10,4,,197,204,
2018,CASS,T,10,5,,,,
2018,CASS,T,10,D1,,,,
2018,CASS,T,10,D2,,,,
2018,CASS,T,10,D3,,200,204,
2018,CASS,C,10,2,,,,
2018,CASS,C,10,3,,,,
2018,CASS,C,10,4,,,,
2018,CASS,C,10,5,,197,207,
2018,CASS,C,10,D1,,,,
2018,CASS,C,10,D2,199,204,207,
2018,CASS,C,10,D3,,,,
2018,CASS,T,11,1,,,,
2018,CASS,T,11,2,,,,
2018,CASS,T,11,3,,,,
2018,CASS,T,11,4,,,,
2018,CASS,T,11,5,,,,
2018,CASS,T,11,D1,,200,204,
2018,CASS,T,11,D2,200,199,210,
2018,CASS,T,11,D3,,200,204,
2018,CASS,C,11,1,,200,210,
2018,CASS,C,11,2,,,,
2018,CASS,C,11,3,,197,204,216
2018,CASS,C,11,4,,197,207,210
2018,CASS,C,11,5,,197,213,
2018,CASS,C,11,D1,,199,204,
2018,CASS,C,11,D2,,,,
2018,CASS,C,11,D3,,,,
2018,CASS,T,12,1,,,,
2018,CASS,T,12,2,,,,
2018,CASS,T,12,3,,,,
2018,CASS,T,12,4,,,,
2018,CASS,T,12,5,,,,
2018,CASS,T,12,D1,,200,204,
2018,CASS,T,12,D2,,,,
2018,CASS,T,12,D3,,,,
2018,CASS,C,12,1,,197,207,
2018,CASS,C,12,2,,,,
2018,CASS,C,12,3,,197,200,
2018,CASS,C,12,4,,,,
2018,CASS,C,12,5,,197,204,216
2018,CASS,C,12,D1,,,,
2018,CASS,C,12,D2,,,,
2018,CASS,C,12,D3,,,,
2018,CASS,T,13,1,,197,200,
2018,CASS,T,13,2,,197,200,210
2018,CASS,T,13,3,,204,,
2018,CASS,T,13,4,,197,207,
2018,CASS,T,13,5,,197,204,
2018,CASS,T,13,D1,,,,
2018,CASS,T,13,D2,,200,200,
2018,CASS,T,13,D3,,200,204,
2018,CASS,C,13,2,,197,210,
2018,CASS,C,13,3,,197,207,
2018,CASS,C,13,4,,197,210,
2018,CASS,C,13,5,,197,207,
2018,CASS,C,13,D1,,207,210,
2018,CASS,C,13,D2,,,,
2018,CASS,C,13,D3,,,,
2018,CASS,T,14,1,,197,200,210
2018,CASS,T,14,2,,,,
2018,CASS,T,14,3,,197,197,207
2018,CASS,T,14,4,,197,204,213
2018,CASS,T,14,5,,197,204,213
2018,CASS,T,14,D1,,200,207,
2018,CASS,T,14,D2,,,,
2018,CASS,T,14,D3,,200,204,
2018,CASS,C,14,1,,,,
2018,CASS,C,14,2,,,,
2018,CASS,C,14,3,,197,207,
2018,CASS,C,14,4,,197,204,
2018,CASS,C,14,5,,,,
2018,CASS,C,14,D1,,199,207,213
2018,CASS,C,14,D2,,,,
2018,CASS,C,14,D3,,199,204,
2018,CASS,T,15,1,,200,216,
2018,CASS,T,15,2,,,,
2018,CASS,T,15,3,,,,
2018,CASS,T,15,4,,,,
2018,CASS,T,15,5,,,,
2018,CASS,T,15,D1,,,,
2018,CASS,T,15,D2,,200,216,
2018,CASS,T,15,D3,,,,
2018,CASS,C,15,2,,,,
2018,CASS,C,15,3,,,,
2018,CASS,C,15,4,,197,210,
2018,CASS,C,15,5,,,,
2018,CASS,C,15,D1,199,198,,
2018,CASS,C,15,D2,,,,
2018,CASS,C,15,D3,,199,207,
2018,CASS,T,16,1,,,,
2018,CASS,T,16,2,,,,
2018,CASS,T,16,3,,197,204,
2018,CASS,T,16,4,,,,
2018,CASS,T,16,5,,,,
2018,CASS,T,16,D1,,200,204,216
2018,CASS,T,16,D2,,,,
2018,CASS,T,16,D3,,200,204,
2018,CASS,C,16,1,,197,207,
2018,CASS,C,16,2,,,,
2018,CASS,C,16,3,,197,204,
2018,CASS,C,16,4,,,,
2018,CASS,C,16,5,,,,
2018,CASS,C,16,D1,,,,
2018,CASS,C,16,D2,,199,213,
2018,CASS,C,16,D3,,199,207,
2018,CASS,T,17,1,,197,200,207
2018,CASS,T,17,2,,,,
2018,CASS,T,17,3,,,,
2018,CASS,T,17,4,,197,204,
2018,CASS,T,17,5,,,,
2018,CASS,T,17,D1,,200,200,
2018,CASS,T,17,D2,,,,
2018,CASS,T,17,D3,,200,204,
2018,CASS,C,17,1,,,,
2018,CASS,C,17,2,,,,
2018,CASS,C,17,3,,197,207,
2018,CASS,C,17,4,,,,
2018,CASS,C,17,5,,197,210,
2018,CASS,C,17,D1,,199,204,
2018,CASS,C,17,D2,,,,
2018,CASS,C,17,D3,,199,213,
2018,CASS,T,18,1,,197,204,
2018,CASS,T,18,3,,197,,
2018,CASS,T,18,4,197,204,216,
2018,CASS,T,18,5,,197,204,
2018,CASS,T,18,D1,,,,
2018,CASS,T,18,D2,,199,200,213
2018,CASS,T,18,D3,,200,204,
2018,CASS,C,18,1,,197,207,216
2018,CASS,C,18,2,,,,
2018,CASS,C,18,3,,197,210,
2018,CASS,C,18,4,,,,
2018,CASS,C,18,5,197,197,210,
2018,CASS,C,18,D1,,,,
2018,CASS,C,18,D2,,,,
2018,CASS,C,18,D3,,,,
2018,DRY,T,1,1,,201,201,213
2018,DRY,T,1,2,,201,201,216
2018,DRY,T,1,D1,,201,201,
2018,DRY,T,1,D2,,,,
2018,DRY,C,1,1,,197,198,207
2018,DRY,C,1,2,,198,198,
2018,DRY,C,1,D1,,198,204,213
2018,DRY,C,1,D2,,,,
2018,DRY,T,2,1,,197,201,210
2018,DRY,T,2,2,,201,201,216
2018,DRY,T,2,D1,198,198,201,207
2018,DRY,T,2,D2,,,,
2018,DRY,C,2,1,,198,207,
2018,DRY,C,2,2,,198,207,216
2018,DRY,C,2,D1,,201,201,
2018,DRY,C,2,D2,207,204,,
2018,DRY,T,3,1,,198,198,
2018,DRY,T,3,2,,198,204,213
2018,DRY,T,3,D1,,201,204,
2018,DRY,T,3,D2,,,,
2018,DRY,C,3,1,,198,210,
2018,DRY,C,3,2,,197,201,
2018,DRY,C,3,D1,,198,207,
2018,DRY,C,3,D2,,,,
2018,DRY,T,4,1,,198,204,
2018,DRY,T,4,2,,197,198,207
2018,DRY,T,4,D1,,198,204,
2018,DRY,T,4,D2,,,,
2018,DRY,C,4,1,,198,204,216
2018,DRY,C,4,2,198,198,201,
2018,DRY,C,4,D1,,198,204,213
2018,DRY,C,4,D2,,,,
2018,DRY,T,5,1,,198,204,
2018,DRY,T,5,2,,197,201,
2018,DRY,T,5,D1,,197,201,
2018,DRY,T,5,D2,,,,
2018,DRY,C,5,1,,201,201,
2018,DRY,C,5,2,,201,198,
2018,DRY,C,5,D1,198,197,216,
2018,DRY,C,5,D2,,,,
2018,DRY,T,6,1,,197,198,
2018,DRY,T,6,2,,198,210,
2018,DRY,T,6,D1,,201,201,
2018,DRY,T,6,D2,,,,
2018,DRY,C,6,1,198,201,207,
2018,DRY,C,6,2,,201,201,
2018,DRY,C,6,D1,,198,204,216
2018,DRY,C,6,D2,,,,
2018,DRY,T,7,1,,197,198,
2018,DRY,T,7,2,,201,201,
2018,DRY,T,7,D2,,,,
2018,DRY,C,7,1,198,201,204,
2018,DRY,C,7,2,,198,204,
2018,DRY,C,7,D1,198,197,,
2018,DRY,C,7,D2,,,,
2018,DRY,T,8,1,,201,198,216
2018,DRY,T,8,2,,198,204,213
2018,DRY,T,8,D1,,201,204,
2018,DRY,T,8,D2,,,,
2018,DRY,T,9,1,,198,204,
2018,DRY,T,9,2,,198,204,
2018,DRY,T,9,D1,,201,201,
2018,DRY,T,9,D2,,,,
2018,DRY,T,10,1,,197,201,
2018,DRY,T,10,2,,198,204,216
2018,DRY,T,10,D1,198,198,201,
2018,DRY,T,10,D2,,,,
2018,DRY,C,10,1,,201,198,
2018,DRY,C,10,D2,,,,
2018,FERT,T,6,1,,213,201,
2018,FERT,T,6,2,,198,207,
2018,FERT,T,6,D1,,197,198,
2018,FERT,T,6,D2,,,,
2018,FERT,T,8,1,,198,198,
2018,FERT,T,8,2,198,197,201,
2018,FERT,T,8,D1,,198,207,
2018,FERT,T,8,D2,,,,
2018,FERT,C,5,1,,197,201,
2018,FERT,C,5,D1,,,,
2018,FERT,C,5,D2,,,,
2018,FERT,C,7,1,,198,207,216
2018,FERT,C,7,2,,198,204,213
2018,FERT,C,7,D1,,198,198,213
2018,FERT,C,7,D2,,,,
2018,FERT,T,14,1,,197,198,213
2018,FERT,T,14,2,,197,198,213
2018,FERT,T,14,D1,,197,198,
2018,FERT,T,14,D2,,,,
2018,FERT,C,13,1,,198,198,
2018,FERT,C,13,2,,198,207,213
2018,FERT,C,13,D1,,198,207,
2018,FERT,C,13,D2,,,,
2018,FERT,T,22,1,,197,201,
2018,FERT,T,22,2,,198,204,
2018,FERT,T,22,D1,,197,198,
2018,FERT,T,22,D2,,,,
2018,FERT,T,16,1,,198,207,216
2018,FERT,T,16,2,,197,201,
2018,FERT,T,16,D1,,198,201,210
2018,FERT,T,16,D2,,,,
2018,FERT,C,15,1,,198,210,
2018,FERT,C,15,2,,197,198,210
2018,FERT,C,15,D1,,197,204,
2018,FERT,C,15,D2,,,,
2018,FERT,T,24,1,,201,201,213
2018,FERT,T,24,2,,197,198,210
2018,FERT,T,24,D1,,198,207,
2018,FERT,T,24,D2,,,,
2018,FERT,C,23,1,198,204,210,
2018,FERT,C,23,2,,198,204,
2018,FERT,C,23,D1,198,198,207,
2018,FERT,C,23,D2,,,,
2018,FERT,T,30,1,198,207,,
2018,FERT,T,30,2,,198,204,
2018,FERT,T,30,D1,,201,201,
2018,FERT,T,30,D2,,,,
2018,FERT,T,32,1,,198,204,
2018,FERT,T,32,2,,197,198,210
2018,FERT,T,32,D1,,201,201,
2018,FERT,T,32,D2,,,,
2018,FERT,C,31,1,,198,204,
2018,FERT,C,31,2,,198,207,
2018,FERT,C,31,D1,,198,198,
2018,FERT,C,31,D2,,,,
2018,FERT,T,38,1,,197,201,
2018,FERT,T,38,2,,198,207,
2018,FERT,T,38,D1,,198,204,
2018,FERT,T,38,D2,,,,
2018,FERT,T,40,1,198,210,216,
2018,FERT,T,40,2,,197,198,
2018,FERT,T,40,D1,,201,201,213
2018,FERT,T,40,D2,,,,
2018,FERT,c,37,1,198,204,207,
2018,FERT,c,37,2,,198,204,
2018,FERT,c,37,D1,,198,204,
2018,FERT,c,37,D2,,,,
2018,FERT,C,39,1,,198,198,
2018,FERT,C,39,2,,198,204,
2018,FERT,C,39,D1,,198,204,
2018,FERT,C,39,D2,,,,
2015,CASS,C,1,1,,,,
2015,CASS,C,1,2,,,,
2015,CASS,C,1,3,,,,
2015,CASS,C,1,4,,,,
2015,CASS,C,1,5,176,,,
2015,CASS,T,1,1,,,,
2015,CASS,T,1,2,,,,
2015,CASS,T,1,3,,,,
2015,CASS,T,1,4,,,,
2015,CASS,T,1,5,185,191,205,
2015,CASS,C,2,1,,,,
2015,CASS,C,2,2,,,,
2015,CASS,C,2,3,,,,
2015,CASS,C,2,4,185,,,
2015,CASS,C,2,5,181,191,205,205
2015,CASS,T,2,1,176,191,,200
2015,CASS,T,2,2,,,,
2015,CASS,T,2,3,,183,196,
2015,CASS,T,2,4,,,,
2015,CASS,T,2,5,,,,
2015,CASS,C,3,1,,,,
2015,CASS,C,3,2,185,196,205,
2015,CASS,C,3,3,,,,
2015,CASS,C,3,4,185,196,210,
2015,CASS,C,3,5,,,,
2015,CASS,T,3,1,,,,
2015,CASS,T,3,"7,2",,,,
2015,CASS,T,3,HG3-2,,,,
2015,CASS,T,3,"6,3",,,,
2015,CASS,T,3,HJ3_3,176,191,196,200
2015,CASS,T,3,4,,,,
2015,CASS,T,3,5,,,,
2015,CASS,C,4,1,,,,
2015,CASS,C,4,2,,191,200,200
2015,CASS,C,4,3,,,,
2015,CASS,C,4,4,,,,
2015,CASS,C,4,5,,,,
2015,CASS,T,4,1,,,,
2015,CASS,T,4,2,181,191,196,200
2015,CASS,T,4,3,185,,,
2015,CASS,T,4,4,,,,
2015,CASS,T,4,5,181,191,,205
2015,CASS,C,5,1,,,,
2015,CASS,C,5,2,,,,
2015,CASS,C,5,3,,,,
2015,CASS,C,5,"6, C5-4 (old tag)",,,,
2015,CASS,C,5,4,,,,
2015,CASS,C,5,5,,,,
2015,CASS,T,5,1,176,185,200,200
2015,CASS,T,5,2,176,191,,200
2015,CASS,T,5,3,,,,
2015,CASS,T,5,4,,,,
2015,CASS,T,5,5,181,191,205,200
2015,CASS,C,6,1,,191,196,
2015,CASS,C,6,2,181,196,,210
2015,CASS,C,6,3,181,196,,210
2015,CASS,C,6,4,,,,
2015,CASS,C,6,5,,,,
2015,CASS,C,6,"6, 3B",,191,196,200
2015,CASS,T,6,1,176,191,,205
2015,CASS,T,6,2,176,191,200,200
2015,CASS,T,6,3,,,,
2015,CASS,T,6,4,,,,
2015,CASS,T,6,5,181,196,,205
2015,CASS,C,7,1,,,,
2015,CASS,C,7,2,,191,,
2015,CASS,C,7,3,176,191,205,200
2015,CASS,C,7,4,,,,
2015,CASS,C,7,old Tag: C7-4,,,,
2015,CASS,C,7,5,,,,
2015,CASS,T,7,1,,191,205,
2015,CASS,T,7,2,,,,
2015,CASS,T,7,3,,,,
2015,CASS,T,7,4,176,191,,200
2015,CASS,T,7,5,,,,
2015,CASS,C,8,1,176,196,,210
2015,CASS,C,8,2,,,,
2015,CASS,C,8,3,,,,
2015,CASS,C,8,4,176,191,205,
2015,CASS,C,8,5,181,205,,
2015,CASS,T,8,1,176,,210,
2015,CASS,T,8,2,,,,
2015,CASS,T,8,3,176,191,200,200
2015,CASS,T,8,4,176,196,210,
2015,CASS,T,8,5,176,185,196,200
2015,CASS,C,9,1,,,,
2015,CASS,C,9,2,,,,
2015,CASS,C,9,3,,191,210,205
2015,CASS,C,9,4,,,,
2015,CASS,C,9,5,,,,
2015,CASS,T,9,1,,191,200,200
2015,CASS,T,9,2,,,,
2015,CASS,T,9,3,,185,196,200
2015,CASS,T,9,4,,191,,205
2015,CASS,T,9,5,,191,200,
2015,CASS,C,10,1,,,,
2015,CASS,C,10,2,181,191,205,205
2015,CASS,C,10,3,,,,
2015,CASS,C,10,4,176,191,,200
2015,CASS,C,10,5,,,,
2015,CASS,T,10,1,,,,
2015,CASS,T,10,2,176,185,196,200
2015,CASS,T,10,3,176,191,,200
2015,CASS,T,10,4,176,191,200,205
2015,CASS,T,10,5,176,191,196,200
2015,CASS,C,11,1,,,,
2015,CASS,C,11,2,,,,
2015,CASS,C,11,3,,,,
2015,CASS,C,11,4,,,,
2015,CASS,C,11,5,,,,
2015,CASS,T,11,1,,,,
2015,CASS,T,11,2,176,191,196,
2015,CASS,T,11,3,176,191,196,200
2015,CASS,T,11,4,176,191,,200
2015,CASS,T,11,5,,,,
2015,CASS,C,12,1,191,,,
2015,CASS,C,12,2,,,,
2015,CASS,C,12,3,,,,
2015,CASS,C,12,4,176,191,,205
2015,CASS,C,12,5,,,,
2015,CASS,T,12,1,176,191,196,200
2015,CASS,T,12,2,176,191,,205
2015,CASS,T,12,3,176,196,205,205
2015,CASS,T,12,4,176,185,191,200
2015,CASS,T,12,5,,,,
2015,CASS,C,13,1,,,,
2015,CASS,C,13,2,,,,
2015,CASS,C,13,3,,,,
2015,CASS,C,13,4,,,,
2015,CASS,C,13,5,,,,
2015,CASS,T,13,1,176,191,205,205
2015,CASS,T,13,2,176,185,,200
2015,CASS,T,13,3,176,191,,200
2015,CASS,T,13,4,,,,
2015,CASS,T,13,5,,,,
2015,CASS,C,14,1,,,,
2015,CASS,C,14,2,,,,
2015,CASS,C,14,3,,,,
2015,CASS,C,14,4,,,,
2015,CASS,C,14,5,,,,
2015,CASS,T,14,1,181,191,,205
2015,CASS,T,14,2,,191,196,200
2015,CASS,T,14,3,176,181,191,
2015,CASS,T,14,4,,,,
2015,CASS,T,14,5,,,,
2015,CASS,C,15,1,176,185,196,200
2015,CASS,C,15,2,176,191,,205
2015,CASS,C,15,3,,,,
2015,CASS,C,15,4,,191,196,200
2015,CASS,C,15,5,176,185,196,200
2015,CASS,T,15,1,,,,
2015,CASS,T,15,2,,,,
2015,CASS,T,15,3,,191,196,200
2015,CASS,T,15,4,191,,,
2015,CASS,T,15,5,,183,191,196
2015,CASS,C,16,1,,,,
2015,CASS,C,16,2,176,196,,210
2015,CASS,C,16,3,,,,
2015,CASS,C,16,4,176,191,,200
2015,CASS,C,16,5,,,,
2015,CASS,T,16,1,,,,
2015,CASS,T,16,2,176,191,,200
2015,CASS,T,16,3,,,,
2015,CASS,T,16,4,176,185,205,200
2015,CASS,T,16,5,,185,196,200
2015,CASS,C,17,1,,,,
2015,CASS,C,17,2,176,191,196,200
2015,CASS,C,17,3,,,,
2015,CASS,C,17,4,176,191,,200
2015,CASS,C,17,5,,,,
2015,CASS,T,17,1,176,191,196,200
2015,CASS,T,17,2,176,191,196,200
2015,CASS,T,17,3,176,191,200,200
2015,CASS,T,17,4,,,,
2015,CASS,T,17,5,176,185,196,200
2015,CASS,C,18,1,,,,
2015,CASS,C,18,2,176,191,,205
2015,CASS,C,18,3,,,,
2015,CASS,C,18,4,176,191,205,205
2015,CASS,C,18,5,,,,
2015,CASS,T,18,1,,,,
2015,CASS,T,18,2,176,191,,205
2015,CASS,T,18,3,176,191,196,196
2015,CASS,T,18,4,176,191,205,200
2015,CASS,T,18,5,,,,
2014,CASS,C,1,1,,,,
2014,CASS,C,1,2,,,,
2014,CASS,C,1,3,177,186,,198
2014,CASS,C,1,4,,,,
2014,CASS,C,1,5,,,,
2014,CASS,T,1,1,,,,
2014,CASS,T,1,2,,,,
2014,CASS,T,1,3,,,,
2014,CASS,T,1,4,,,,
2014,CASS,T,1,5,,,,
2014,CASS,C,3,2,186,195,218,
2014,CASS,C,2,1,,,,
2014,CASS,C,3,3,,192,,214
2014,CASS,C,3,4,,,,
2014,CASS,C,2,5,,,,
2014,CASS,T,2,1,,,,
2014,CASS,T,2,2,,,,
2014,CASS,T,2,3,,,,
2014,CASS,T,2,4,,,,
2014,CASS,T,2,5,177,189,,201
2014,CASS,C,3,1,,,,
2014,CASS,C,3,2,,,,
2014,CASS,C,3,3,,,,
2014,CASS,C,3,4,180,192,,214
2014,CASS,C,3,5,,,,
2014,CASS,T,3,1,,,,
2014,CASS,T,3,2,,,,
2014,CASS,T,3,HG3-2,,,,
2014,CASS,T,3,3,177,186,,198
2014,CASS,T,3,HG3-3,,189,,198
2014,CASS,T,3,4,,,,
2014,CASS,T,3,5,,,,
2014,CASS,C,4,1,174,186,,204
2014,CASS,C,4,2,,,,
2014,CASS,C,4,3,,,,
2014,CASS,C,4,4,,,,
2014,CASS,C,4,5,174,192,,201
2014,CASS,T,4,1,,,,
2014,CASS,T,4,2,,,,
2014,CASS,T,4,3,,,,
2014,CASS,T,4,4,,,,
2014,CASS,T,4,5,174,192,,201
2014,CASS,C,5,1,,,,
2014,CASS,C,5,2,,,,
2014,CASS,C,5,3,,,,
2014,CASS,C,5,C-5:4 (old),,,,
2014,CASS,C,5,4,,,,
2014,CASS,C,5,5,,,,
2014,CASS,T,5,1,,,,
2014,CASS,T,5,2,,,,
2014,CASS,T,5,3,,,,
2014,CASS,T,5,4,,,,
2014,CASS,T,5,5,180,189,,206
2014,CASS,C,6,1,183,192,,204
2014,CASS,C,6,2,,,,
2014,CASS,C,6,3,,,,
2014,CASS,,,3,,,,
2014,CASS,C,6,4,,,,
2014,CASS,C,6,5,,,,
2014,CASS,T,6,1,,,,
2014,CASS,T,6,2,,,,
2014,CASS,T,6,3,,,,
2014,CASS,T,6,4,,,,
2014,CASS,T,6,5,,,,
2014,CASS,C,7,1,,,,
2014,CASS,C,7,2,177,189,,198
2014,CASS,C,7,3,,,,
2014,CASS,C,7,4,,,,
2014,CASS,C,7,old Tag: C7-4,,,,
2014,CASS,C,7,5,,,,
2014,CASS,T,7,1,,,,
2014,CASS,T,7,2,,,,
2014,CASS,T,7,3,,,,
2014,CASS,T,7,4,177,189,206,204
2014,CASS,T,7,5,,,,
2014,CASS,C,8,1,,,,
2014,CASS,C,8,2,,,,
2014,CASS,C,8,3,,,,
2014,CASS,C,8,4,,,,
2014,CASS,C,8,5,174,192,,214
2014,CASS,T,8,1,,,,
2014,CASS,T,8,2,,,,
2014,CASS,T,8,3,,,,
2014,CASS,T,8,4,183,,,
2014,CASS,T,8,5,,,,
2014,CASS,C,9,1,177,192,,214
2014,CASS,C,9,2,,,,
2014,CASS,C,9,3,,,,
2014,CASS,C,9,4,,,,
2014,CASS,C,9,5,,,,
2014,CASS,T,9,1,,,,
2014,CASS,T,9,2,,,,
2014,CASS,T,9,3,,,,
2014,CASS,T,9,4,,,,
2014,CASS,T,9,5,,,,
2008,CASS,T,1,1,,,,
2008,CASS,T,1,2,,,,
2008,CASS,T,1,3,170,184,,194
2008,CASS,T,1,4,174,180,,
2008,CASS,T,1,5,,,,
2008,CASS,C,1,1,170,184,,198
2008,CASS,C,1,2,174,184,,193
2008,CASS,C,1,3,173,188,,204
2008,CASS,C,1,4,,,,
2008,CASS,C,1,5,,,,
2008,CASS,T,2,1,,,,
2008,CASS,T,2,2,171,181,,195
2008,CASS,T,2,3,,,,
2008,CASS,T,2,4,173,182,,197
2008,CASS,T,2,5,,,,
2008,CASS,C,2,1,174,180,,196
2008,CASS,C,2,2,173,182,,196
2008,CASS,C,2,3,,,,
2008,CASS,C,2,4,,,,
2008,CASS,C,2,5,174,182,,196
2008,CASS,T,3,1,,,,
2008,CASS,T,3,2,,,,
2008,CASS,T,3,3,172,182,,193
2008,CASS,T,3,4,174,187,,193
2008,CASS,T,3,5,,,,
2008,CASS,C,3,1,,,,
2008,CASS,C,3,2,175,180,,192
2008,CASS,C,3,3,,,,
2008,CASS,C,3,4,,,,
2008,CASS,C,3,5,173,184,,198
2008,CASS,T,4,1,,,,
2008,CASS,T,4,2,,,,
2008,CASS,T,4,3,174,191,,198
2008,CASS,T,4,4,171,183,,193
2008,CASS,T,4,5,173,182,,193
2008,CASS,C,4,1,172,182,,209
2008,CASS,C,4,2,,,,
2008,CASS,C,4,3,,,,
2008,CASS,C,4,4,,,,
2008,CASS,C,4,5,171,182,,195
2008,CASS,T,5,1,,,,
2008,CASS,T,5,2,175,186,,193
2008,CASS,T,5,3,172,182,,204
2008,CASS,T,5,4,170,183,,193
2008,CASS,T,5,5,170,181,,192
2008,CASS,C,5,1,173,,,
2008,CASS,C,5,2,,,,
2008,CASS,C,5,3,,,,
2008,CASS,C,5,4,174,186,,192
2008,CASS,C,5,5,174,184,,197
2008,CASS,T,6,1,,,,
2008,CASS,T,6,2,180,192,,194
2008,CASS,T,6,3,180,184,,
2008,CASS,T,6,4,176,180,,192
2008,CASS,T,6,5,176,183,,193
2008,CASS,C,6,1,173,183,,192
2008,CASS,C,6,2,180,185,,199
2008,CASS,C,6,3,173,185,,193
2008,CASS,C,6,4,,,,
2008,CASS,C,6,5,175,187,,194
2008,CASS,C,6,5a,174,,,
2008,CASS,T,7,1,171,184,,205
2008,CASS,T,7,2,,,,
2008,CASS,T,7,3,,,,
2008,CASS,T,7,4,171,185,,194
2008,CASS,T,7,5,170,185,,205
2008,CASS,C,7,1,,,,
2008,CASS,C,7,2,,,,
2008,CASS,C,7,3,,,,
2008,CASS,C,7,4,,,,
2008,CASS,C,7,5,176,185,,194
2008,CASS,T,8,1,171,180,,
2008,CASS,T,8,2,171,180,,190
2008,CASS,T,8,3,173,182,,192
2008,CASS,T,8,4,172,182,,191
2008,CASS,T,8,5,,,,
2008,CASS,C,8,1,175,185,,194
2008,CASS,C,8,2,,,,
2008,CASS,C,8,3,183,188,,207
2008,CASS,C,8,4,,,,
2008,CASS,C,8,5,170,184,,198
2008,CASS,T,9,1,,,,
2008,CASS,T,9,2,,,,
2008,CASS,T,9,3,,,,
2008,CASS,T,9,4,,,,
2008,CASS,T,9,5,,,,
2008,CASS,C,9,1,,,,
2008,CASS,C,9,2,174,187,,194
2008,CASS,C,9,3,175,183,,194
2008,CASS,C,9,4,173,185,,195
2008,CASS,C,9,5,,,,
2008,CASS,T,10,1,,,,
2008,CASS,T,10,2,,,,
2008,CASS,T,10,3,174,182,,190
2008,CASS,T,10,4,,,,
2008,CASS,T,10,5,175,182,,195
2008,CASS,C,10,1,176,184,,192
2008,CASS,C,10,2,,,,
2008,CASS,C,10,3,,,,
2008,CASS,C,10,4,,,,
2008,CASS,C,10,5,,,,
2008,CASS,T,11,1,,,,
2008,CASS,T,11,2,170,182,,193
2008,CASS,T,11,3,,,,
2008,CASS,T,11,4,,,,
2008,CASS,T,11,5,173,181,,192
2008,CASS,C,11,1,,,,
2008,CASS,C,11,2,176,184,,199
2008,CASS,C,11,3,176,186,,198
2008,CASS,C,11,4,176,184,,196
2008,CASS,C,11,5,,,,
2008,CASS,T,12,1,,,,
2008,CASS,T,12,2,,,,
2008,CASS,T,12,3,,,,
2008,CASS,T,12,4,,,,
2008,CASS,T,12,5,,183,,192
2008,CASS,C,12,1,,,,
2008,CASS,C,12,2,,,,
2008,CASS,C,12,3,175,182,,194
2008,CASS,C,12,4,,,,
2008,CASS,C,12,5,172,183,,198
2008,CASS,T,13,1,171,190,,193
2008,CASS,T,13,2,171,183,,192
2008,CASS,T,13,3,,,,
2008,CASS,T,13,4,171,181,,193
2008,CASS,T,13,5,176,185,,
2008,CASS,C,13,1,171,193,,
2008,CASS,C,13,2,,,,
2008,CASS,C,13,3,,,,
2008,CASS,C,13,4,,,,
2008,CASS,C,13,5,,,,
2008,CASS,T,14,1,173,180,,191
2008,CASS,T,14,2,,,,
2008,CASS,T,14,3,171,180,,196
2008,CASS,T,14,4,171,180,,191
2008,CASS,T,14,5,,,,
2008,CASS,C,14,1,,,,
2008,CASS,C,14,2,,,,
2008,CASS,C,14,3,,,,
2008,CASS,C,14,4,,,,
2008,CASS,C,14,5,173,183,,195
2008,CASS,T,15,1,173,184,,194
2008,CASS,T,15,2,,,,
2008,CASS,T,15,3,,,,
2008,CASS,T,15,4,,,,
2008,CASS,T,15,5,172,183,,195
2008,CASS,C,15,1,,,,
2008,CASS,C,15,2,171,182,,193
2008,CASS,C,15,3,,,,
2008,CASS,C,15,4,173,,,
2008,CASS,C,15,5,,,,
2008,CASS,T,16,1,173,182,,192
2008,CASS,T,16,2,173,182,,195
2008,CASS,T,16,3,174,183,,192
2008,CASS,T,16,4,172,180,,193
2008,CASS,T,16,5,178,192,,194
2008,CASS,C,16,1,177,184,,203
2008,CASS,C,16,2,,,,
2008,CASS,C,16,3,,,,
2008,CASS,C,16,4,,,,
2008,CASS,C,16,5,170,182,,205
2008,CASS,T,17,1,,,,
2008,CASS,T,17,2,,,,
2008,CASS,T,17,3,174,,,198
2008,CASS,T,17,4,,,,
2008,CASS,T,17,5,,,,196
2008,CASS,C,17,1,172,186,,198
2008,CASS,C,17,2,173,186,,193
2008,CASS,C,17,3,173,182,,194
2008,CASS,C,17,4,,,,
2008,CASS,C,17,5,,,,
2008,CASS,T,18,1,175,182,,192
2008,CASS,T,18,2,,,,
2008,CASS,T,18,3,,,,
2008,CASS,T,18,4,,,,
2008,CASS,T,18,5,175,186,,198
2008,CASS,C,18,1,176,186,,205
2008,CASS,C,18,2,173,189,,
2008,CASS,C,18,3,176,180,,205
2008,CASS,C,18,4,173,185,,192
2008,CASS,C,18,5,178,182,,194
2008,DRY,T,1,1,173,179,,192
2008,DRY,T,1,2,,,,
2008,DRY,T,1,3,176,180,,195
2008,DRY,T,1,4,,,,
2008,DRY,T,1,5,,,,
2008,DRY,C,1,1,,,,
2008,DRY,C,1,2,,,,
2008,DRY,C,1,3,177,,,
2008,DRY,C,1,4,173,181,,188
2008,DRY,C,1,5,177,186,,195
2008,DRY,T,2,1,176,184,,192
2008,DRY,T,2,2,,,,
2008,DRY,T,2,3,,,,
2008,DRY,T,2,4,173,,,
2008,DRY,T,2,5,173,180,,189
2008,DRY,C,2,1,,,,
2008,DRY,C,2,2,,,,
2008,DRY,C,2,3,,,,
2008,DRY,C,2,4,,,,
2008,DRY,C,2,5,173,182,,192
2008,DRY,T,3,1,174,187,,192
2008,DRY,T,3,2,174,188,,209
2008,DRY,T,3,3,,,,
2008,DRY,T,3,4,,,,
2008,DRY,T,3,5,180,,,
2008,DRY,C,3,1,173,180,,195
2008,DRY,C,3,2,175,182,,193
2008,DRY,C,3,3,,,,
2008,DRY,C,3,4,173,185,,188
2008,DRY,C,3,5,,,,
2008,DRY,T,4,1,,,,
2008,DRY,T,4,2,173,180,,188
2008,DRY,T,4,3,,,,
2008,DRY,T,4,4,,,,
2008,DRY,T,4,5,,,,
2008,DRY,C,4,1,,,,
2008,DRY,C,4,2,,,,
2008,DRY,C,4,3,173,182,,194
2008,DRY,C,4,4,,,,
2008,DRY,C,4,5,,,,
2008,DRY,T,5,1,,,,
2008,DRY,T,5,2,,,,
2008,DRY,T,5,3,174,185,,200
2008,DRY,T,5,4,,,,
2008,DRY,T,5,5,,,,
2008,DRY,C,5,1,174,181,,195
2008,DRY,C,5,2,176,181,,187
2008,DRY,C,5,3,176,185,,193
2008,DRY,C,5,4,,,,
2008,DRY,C,5,5,,181,,194
2008,DRY,T,6,1,176,181,,194
2008,DRY,T,6,2,176,184,,192
2008,DRY,T,6,3,,,,
2008,DRY,T,6,4,175,178,,195
2008,DRY,T,6,5,,,,
2008,DRY,C,6,1,,,,
2008,DRY,C,6,2,,,,
2008,DRY,C,6,3,,,,
2008,DRY,C,6,4,,,,
2008,DRY,C,6,5,,,,
2008,DRY,T,7,1,176,185,,192
2008,DRY,T,7,2,174,185,,194
2008,DRY,T,7,3,,,,
2008,DRY,T,7,4,,,,
2008,DRY,T,7,5,173,185,,198
2008,DRY,C,7,1,174,185,,195
2008,DRY,C,7,2,174,185,,198
2008,DRY,C,7,3,,,,
2008,DRY,C,7,4,173,185,,194
2008,DRY,C,7,5,183,187,,
2008,DRY,T,8,1,,,,
2008,DRY,T,8,2,,,,
2008,DRY,T,8,3,,,,
2008,DRY,T,8,4,,,,
2008,DRY,T,8,5,,,,
2008,DRY,C,8,1,,,,
2008,DRY,C,8,2,,,,
2008,DRY,C,8,3,,,,
2008,DRY,C,8,4,,,,
2008,DRY,C,8,5,,,,
2008,DRY,T,9,1,,,,
2008,DRY,T,9,2,174,,,
2008,DRY,T,9,3,,,,
2008,DRY,T,9,4,,,,193
2008,DRY,T,9,5,,,,
2008,DRY,C,9,1,,,,
2008,DRY,C,9,2,,,,
2008,DRY,C,9,3,,,,
2008,DRY,C,9,4,,,,
2008,DRY,C,9,5,,,,
2008,DRY,T,10,1,,,,
2008,DRY,T,10,2,174,188,,198
2008,DRY,T,10,3,,,,
2008,DRY,T,10,4,176,185,,193
2008,DRY,T,10,5,,,,
2008,DRY,C,10,1,,,,
2008,DRY,C,10,2,,,,
2008,DRY,C,10,3,,,,
2008,DRY,C,10,4,,,,
2008,DRY,C,10,5,,,,
2007,DRY,T,1,2,169,182,,191
2007,DRY,T,1,3,172,188,,216
2007,DRY,T,1,4,,,,
2007,DRY,T,1,5,168,181,,194
2007,DRY,C,1,1,,,,
2007,DRY,C,1,2,169,182,,194
2007,DRY,C,1,3,,,,
2007,DRY,C,1,4,,,,
2007,DRY,C,1,5,,,,
2007,DRY,T,2,1,168,187,,216
2007,DRY,T,2,2,169,188,,
2007,DRY,T,2,3,,,,
2007,DRY,T,2,4,,,,
2007,DRY,T,2,5,,,,
2007,DRY,C,2,1,170,178,,190
2007,DRY,C,2,2,,,,
2007,DRY,C,2,3,,,,
2007,DRY,C,2,4,,,,
2007,DRY,C,2,5,,,,
2007,DRY,T,3,1,,,,
2007,DRY,T,3,2,,,,
2007,DRY,T,3,3,,,,
2007,DRY,T,3,4,168,182,,194
2007,DRY,T,3,5,,,,
2007,DRY,C,3,1,,,,
2007,DRY,C,3,2,,,,
2007,DRY,C,3,3,172,181,,188
2007,DRY,C,3,4,,,,
2007,DRY,C,3,5,171,180,,189
2007,DRY,T,4,1,,,,
2007,DRY,T,4,2,,,,
2007,DRY,T,4,3,,,,
2007,DRY,T,4,4,,,,
2007,DRY,T,4,5,,,,
2007,DRY,C,4,1,,,,
2007,DRY,C,4,2,,,,
2007,DRY,C,4,3,,,,
2007,DRY,C,4,4,,,,
2007,DRY,C,4,5,,,,
2007,DRY,T,5,1,,,,
2007,DRY,T,5,2,,,,
2007,DRY,T,5,3,168,181,,190
2007,DRY,T,5,4,,,,
2007,DRY,T,5,5,,,,
2007,DRY,C,5,1,,,,
2007,DRY,C,5,2,,,,
2007,DRY,C,5,3,,,,
2007,DRY,C,5,4,174,186,,218
2007,DRY,C,5,5,,,,
2007,DRY,T,6,1,,,,
2007,DRY,T,6,2,171,185,,217
2007,DRY,T,6,3,,,,
2007,DRY,T,6,4,,,,
2007,DRY,T,6,5,,,,
2007,DRY,C,6,1,,,,
2007,DRY,C,6,2,168,183,,218
2007,DRY,C,6,3,,,,
2007,DRY,C,6,4,175,190,,
2007,DRY,C,6,5,,,,
2007,DRY,T,7,1,,,,
2007,DRY,T,7,2,,,,
2007,DRY,T,7,3,168,187,,218
2007,DRY,T,7,4,,,,
2007,DRY,T,7,5,,,,
2007,DRY,C,7,1,,,,
2007,DRY,C,7,2,169,187,,218
2007,DRY,C,7,3,,,,
2007,DRY,C,7,4,171,188,,218
2007,DRY,C,7,5,,,,
2007,DRY,T,8,1,,,,
2007,DRY,T,8,2,,,,
2007,DRY,T,8,3,,,,
2007,DRY,T,8,4,,,,
2007,DRY,T,8,5,,,,
2007,DRY,C,8,1,,,,
2007,DRY,C,8,2,,,,
2007,DRY,C,8,3,,,,
2007,DRY,C,8,4,,,,
2007,DRY,C,8,5,,,,
2007,DRY,T,9,1,,,,
2007,DRY,T,9,2,,,,
2007,DRY,T,9,3,169,182,,218
2007,DRY,T,9,4,,,,
2007,DRY,T,9,5,,,,
2007,DRY,C,9,1,,,,
2007,DRY,C,9,2,,,,
2007,DRY,C,9,3,,,,
2007,DRY,C,9,4,,,,
2007,DRY,C,9,5,,,,
2007,DRY,T,10,1,,,,
2007,DRY,T,10,2,174,186,,
2007,DRY,T,10,3,,,,218
2007,DRY,T,10,4,170,180,,195
2007,DRY,T,10,5,,,,
2007,DRY,C,10,1,,,,
2007,DRY,C,10,2,,,,
2007,DRY,C,10,3,,,,
2007,DRY,C,10,4,,,,
2007,DRY,C,10,5,,,,
2003,DRY,T,2,1,,,,
2003,DRY,T,2,2,,,,
2003,DRY,T,2,3,,,,
2003,DRY,T,2,4,,,,
2003,DRY,T,2,5,,,,
2003,DRY,C,2,1,,,,
2003,DRY,C,2,2,,,,
2003,DRY,C,2,3,,,,
2003,DRY,C,2,4,,,,
2003,DRY,C,2,5,,,,
2003,DRY,T,3,1,,,,
2003,DRY,T,3,2,,,,
2003,DRY,T,3,3,,,,
2003,DRY,T,3,4,,,,
2003,DRY,T,3,5,,,,
2003,DRY,C,3,1,180,189,,
2003,DRY,C,3,2,,,,
2003,DRY,C,3,3,,,,
2003,DRY,C,3,4,,,,
2003,DRY,C,3,5,,,,
2003,DRY,T,4,1,,,,
2003,DRY,T,4,2,180,186,,194
2003,DRY,T,4,3,,,,
2003,DRY,T,4,4,,,,
2003,DRY,T,4,5,,,,
2003,DRY,C,4,1,,,,
2003,DRY,C,4,2,181,189,,214
2003,DRY,C,4,3,,,,
2003,DRY,C,4,4,,,,
2003,DRY,C,4,5,,,,
2003,DRY,T,5,1,177,189,,
2003,DRY,T,5,2,,,,
2003,DRY,T,5,3,,,,
2003,DRY,T,5,4,,,,
2003,DRY,T,5,5,,,,
2003,DRY,C,5,1,,,,
2003,DRY,C,5,2,,189,,214
2003,DRY,C,5,3,,,,
2003,DRY,C,5,4,,,,
2003,DRY,C,5,5,174,186,,194
2003,DRY,T,7,1,,,,
2003,DRY,T,7,2,,,,
2003,DRY,T,7,3,,,,
2003,DRY,T,7,4,177,198,,214
2003,DRY,T,7,5,,,,
2003,DRY,C,7,1,,,,
2003,DRY,C,7,2,177,189,,214
2003,DRY,C,7,3,,,,
2003,DRY,C,7,4,,,,
2003,DRY,C,7,5,,,,
2003,DRY,T,9,1,,,,
2003,DRY,T,9,2,,,,
2003,DRY,T,9,3,180,186,,194
2003,DRY,T,9,4,177,189,,214
2003,DRY,T,9,5,,,,
2003,DRY,C,9,1,,,,
2003,DRY,C,9,2,,,,
2003,DRY,C,9,3,,,,
2003,DRY,C,9,4,,,,
2003,DRY,C,9,5,,,,
2002,SB,C,1,306,,,,
2002,SB,C,1,307,,187,,191
2002,SB,C,1,308,,,,
2002,SB,C,1,309,,,,
2002,SB,C,1,310,,,,
2002,SB,C,2,236,,187,,
2002,SB,C,2,315,,,,
2002,SB,C,2,316,,187,,
2002,SB,C,2,317,,,,
2002,SB,C,2,318,,,,
2002,SB,C,3,256,,,,
2002,SB,C,3,251,,,,
2002,SB,C,3,253,,,,
2002,SB,C,3,254,,187,,
2002,SB,C,3,255,,,,
2002,CASS,T,1,1,,,,
2002,CASS,T,1,2,,,,
2002,CASS,T,1,3,,,,
2002,CASS,T,1,4,,185,,197
2002,CASS,T,1,5,179,197,,212
2002,CASS,C,1,1,182,204,,
2002,CASS,C,1,2,,,,
2002,CASS,C,1,3,,,,
2002,CASS,C,1,4,,,,
2002,CASS,C,1,5,,,,
2002,CASS,T,2,1,,,,
2002,CASS,T,2,2,,,,
2002,CASS,T,2,3,,185,,212
2002,CASS,T,2,4,,,,
2002,CASS,T,2,5,,,,
2002,CASS,C,2,1,,,,
2002,CASS,C,2,2,,,,
2002,CASS,C,2,3,,,,
2002,CASS,C,2,4,,,,
2002,CASS,C,2,5,174,188,,197
2002,CASS,T,3,1,,,,
2002,CASS,T,3,2,,,,
2002,CASS,T,3,3,,,,
2002,CASS,T,3,4,,,,
2002,CASS,T,3,5,,,,
2002,CASS,C,3,1,,,,
2002,CASS,C,3,2,,,,
2002,CASS,C,3,3,,,,
2002,CASS,C,3,4,,,,
2002,CASS,C,3,5,182,188,,204
2002,CASS,T,4,1,,,,
2002,CASS,T,4,2,,,,
2002,CASS,T,4,3,,,,
2002,CASS,T,4,4,,,,
2002,CASS,T,4,5,,,,
2002,CASS,C,4,1,174,185,,197
2002,CASS,C,4,2,179,185,,204
2002,CASS,C,4,3,,,,
2002,CASS,C,4,4,,,,
2002,CASS,C,4,5,,,,
2002,CASS,T,5,1,,,,
2002,CASS,T,5,2,,,,
2002,CASS,T,5,3,,,,
2002,CASS,T,5,4,,,,
2002,CASS,T,5,5,171,182,,197
2002,CASS,C,5,1,171,185,,197
2002,CASS,C,5,2,179,185,,197
2002,CASS,C,5,3,,,,
2002,CASS,C,5,4,,,,
2002,CASS,C,5,5,171,182,,197
2002,CASS,T,6,1,,,,
2002,CASS,T,6,2,,,,
2002,CASS,T,6,3,,,,
2002,CASS,T,6,4,,,,
2002,CASS,T,6,5,,,,
2002,CASS,C,6,1,,,,
2002,CASS,C,6,2,,,,
2002,CASS,C,6,3,,,,
2002,CASS,C,6,4,,,,
2002,CASS,C,6,5,,,,
2002,CASS,C,6,5a,179,185,,197
2002,CASS,T,7,1,,,,
2002,CASS,T,7,2,,,,
2002,CASS,T,7,3,174,191,,
2002,CASS,T,7,4,171,185,,197
2002,CASS,T,7,5,,,,
2002,CASS,C,7,1,,,,
2002,CASS,C,7,2,,,,
2002,CASS,C,7,3,,,,
2002,CASS,C,7,4,174,188,,197
2002,CASS,C,7,5,,,,
2002,CASS,T,8,1,,,,
2002,CASS,T,8,2,,182,,194
2002,CASS,T,8,3,,,,
2002,CASS,T,8,4,,,,
2002,CASS,T,8,5,,182,,197
2002,CASS,C,8,1,171,185,,204
2002,CASS,C,8,2,,,,
2002,CASS,C,8,3,,,,
2002,CASS,C,8,4,,,,
2002,CASS,C,8,5,,,,
2002,CASS,T,9,1,,,,
2002,CASS,T,9,2,,,,
2002,CASS,T,9,3,168,182,,197
2002,CASS,T,9,4,,,,
2002,CASS,T,9,5,171,185,,197
2002,CASS,C,9,1,,,,
2002,CASS,C,9,2,,,,
2002,CASS,C,9,3,,,,
2002,CASS,C,9,4,,,,
2002,CASS,C,9,5,182,191,,204
2002,CASS,T,10,1,,,,
2002,CASS,T,10,2,,,,
2002,CASS,T,10,3,,,,
2002,CASS,T,10,4,,,,
2002,CASS,T,10,5,171,185,,197
2002,CASS,C,10,1,,,,
2002,CASS,C,10,2,,,,
2002,CASS,C,10,3,,,,
2002,CASS,C,10,4,,,,
2002,CASS,C,10,5,,,,
2002,CASS,T,11,1,182,197,,
2002,CASS,T,11,2,,,,
2002,CASS,T,11,3,,,,
2002,CASS,T,11,4,,,,
2002,CASS,T,11,5,,,,
2002,CASS,C,11,1,,,,
2002,CASS,C,11,2,,,,
2002,CASS,C,11,3,,,,
2002,CASS,C,11,4,,,,
2002,CASS,C,11,5,,,,
2002,CASS,T,12,1,,,,
2002,CASS,T,12,2,,,,
2002,CASS,T,12,3,,,,
2002,CASS,T,12,4,,,,
2002,CASS,T,12,5,179,185,,197
2002,CASS,C,12,1,,,,
2002,CASS,C,12,2,,,,
2002,CASS,C,12,3,,,,
2002,CASS,C,12,4,,,,
2002,CASS,C,12,5,174,185,,197
2002,CASS,T,13,1,,,,
2002,CASS,T,13,2,,,,
2002,CASS,T,13,3,,,,
2002,CASS,T,13,4,174,185,,206
2002,CASS,T,13,5,,,,
2002,CASS,C,13,1,171,188,,206
2002,CASS,C,13,2,,,,
2002,CASS,C,13,3,,,,
2002,CASS,C,13,4,,,,
2002,CASS,C,13,5,,,,
2002,CASS,T,14,1,,,,
2002,CASS,T,14,2,,,,
2002,CASS,T,14,3,,,,
2002,CASS,T,14,4,,,,
2002,CASS,T,14,5,,,,
2002,CASS,C,14,1,,,,
2002,CASS,C,14,2,,,,
2002,CASS,C,14,3,,,,
2002,CASS,C,14,4,,,,
2002,CASS,C,14,5,,,,
2002,CASS,T,15,1,,,,
2002,CASS,T,15,2,,,,
2002,CASS,T,15,3,171,185,,206
2002,CASS,T,15,4,,,,
2002,CASS,T,15,5,,182,,197
2002,CASS,C,15,1,,,,
2002,CASS,C,15,2,,179,,188
2002,CASS,C,15,3,,,,
2002,CASS,C,15,4,,,,
2002,CASS,C,15,5,,,,
2002,CASS,T,16,1,,,,
2002,CASS,T,16,2,,182,,191
2002,CASS,T,16,3,,,,
2002,CASS,T,16,4,,,,
2002,CASS,T,16,5,,185,,197
2002,CASS,C,16,1,,,,
2002,CASS,C,16,2,,,,
2002,CASS,C,16,3,171,185,,204
2002,CASS,C,16,4,,,,
2002,CASS,C,16,5,,,,
2002,CASS,T,17,1,,,,
2002,CASS,T,17,2,171,188,,204
2002,CASS,T,17,3,,,,
2002,CASS,T,17,4,,,,
2002,CASS,T,17,5,,,,
2002,CASS,C,17,1,,,,
2002,CASS,C,17,2,,,,
2002,CASS,C,17,3,,,,
2002,CASS,C,17,4,,,,
2002,CASS,C,17,5,,,,
2002,CASS,T,18,1,,,,
2002,CASS,T,18,2,174,185,,206
2002,CASS,T,18,3,179,185,,197
2002,CASS,T,18,4,,,,
2002,CASS,T,18,5,174,185,,206
2002,CASS,C,18,1,,,,
2002,CASS,C,18,2,174,188,,206
2002,CASS,C,18,3,,,,
2002,CASS,C,18,4,,,,
2002,CASS,C,18,5,,,,
2002,DRY,T,1,1,,,,
2002,DRY,T,1,2,,,,
2002,DRY,T,1,3,171,182,,191
2002,DRY,T,1,4,,,,
2002,DRY,T,1,5,,,,
2002,DRY,C,1,1,,,,
2002,DRY,C,1,2,,,,
2002,DRY,C,1,3,,,,
2002,DRY,C,1,4,,,,
2002,DRY,C,1,5,188,206,,
2002,DRY,T,2,1,,,,
2002,DRY,T,2,2,,,,
2002,DRY,T,2,3,,,,
2002,DRY,T,2,4,,,,
2002,DRY,T,2,5,,,,
2002,DRY,C,2,1,171,185,,206
2002,DRY,C,2,2,171,188,,206
2002,DRY,C,2,3,171,188,,197
2002,DRY,C,2,4,,,,
2002,DRY,C,2,5,171,185,,197
2002,DRY,T,3,1,,,,
2002,DRY,T,3,2,,,,
2002,DRY,T,3,3,174,182,,206
2002,DRY,T,3,4,,,,
2002,DRY,T,3,5,,,,
2002,DRY,C,3,1,,,,
2002,DRY,C,3,2,,,,
2002,DRY,C,3,3,191,206,,
2002,DRY,C,3,4,,,,
2002,DRY,C,3,5,,,,
2002,DRY,T,4,1,,,,
2002,DRY,T,4,2,,,,
2002,DRY,T,4,3,,,,
2002,DRY,T,4,4,,,,
2002,DRY,T,4,5,,,,
2002,DRY,C,4,1,,,,
2002,DRY,C,4,2,,,,
2002,DRY,C,4,3,,,,
2002,DRY,C,4,4,,,,
2002,DRY,C,4,5,171,185,,197
2002,DRY,T,5,1,174,191,,206
2002,DRY,T,5,2,,,,
2002,DRY,T,5,3,,,,
2002,DRY,T,5,4,,,,
2002,DRY,T,5,5,,,,
2002,DRY,C,5,1,,,,
2002,DRY,C,5,2,,,,
2002,DRY,C,5,3,,,,
2002,DRY,C,5,4,179,191,,
2002,DRY,C,5,5,,,,
2002,DRY,T,6,1,,,,
2002,DRY,T,6,2,,,,
2002,DRY,T,6,3,,,,
2002,DRY,T,6,4,,,,
2002,DRY,T,6,5,,,,
2002,DRY,C,6,1,,,,
2002,DRY,C,6,2,,,,
2002,DRY,C,6,3,,,,
2002,DRY,C,6,4,,,,
2002,DRY,C,6,5,,,,
2002,DRY,T,7,1,,,,
2002,DRY,T,7,2,,,,
2002,DRY,T,7,3,,,,
2002,DRY,T,7,4,191,,,
2002,DRY,T,7,5,,,,
2002,DRY,C,7,1,171,185,,206
2002,DRY,C,7,2,,,,
2002,DRY,C,7,3,,,,
2002,DRY,C,7,4,,,,
2002,DRY,C,7,5,174,185,,197
2002,DRY,T,8,1,,,,
2002,DRY,T,8,2,,,,
2002,DRY,T,8,3,197,,,
2002,DRY,T,8,4,,,,
2002,DRY,T,8,5,,,,
2002,DRY,C,8,1,,,,
2002,DRY,C,8,2,,,,
2002,DRY,C,8,3,,,,
2002,DRY,C,8,4,,,,
2002,DRY,C,8,5,,,,
2002,DRY,T,9,1,,,,
2002,DRY,T,9,2,,,,
2002,DRY,T,9,3,,,,
2002,DRY,T,9,4,174,191,,212
2002,DRY,T,9,5,174,,,
2002,DRY,C,9,1,,,,
2002,DRY,C,9,2,,,,
2002,DRY,C,9,3,,,,
2002,DRY,C,9,4,,,,
2002,DRY,C,9,5,,,,
2002,DRY,T,10,1,,,,
2002,DRY,T,10,2,,,,
2002,DRY,T,10,3,,,,
2002,DRY,T,10,4,,,,
2002,DRY,T,10,5,,,,
2002,DRY,C,10,1,,,,
2002,DRY,C,10,2,,,,
2002,DRY,C,10,3,,,,
2002,DRY,C,10,4,,,,
2002,DRY,C,10,5,,,,
2001,CASS,C,1,1,,,,
2001,CASS,C,1,2,,,,
2001,CASS,C,1,3,,,,
2001,CASS,C,1,4,,,,
2001,CASS,C,1,5,,,,
2001,CASS,C,2,1,,,,
2001,CASS,C,2,2,,,,
2001,CASS,C,2,3,,,,
2001,CASS,C,2,4,,,,
2001,CASS,C,2,5,,,,
2001,CASS,C,3,1,,,,
2001,CASS,C,3,2,,,,
2001,CASS,C,3,3,182,200,,200
2001,CASS,C,3,4,,,,
2001,CASS,C,3,5,182,200,,213
2001,CASS,C,4,1,,,,
2001,CASS,C,4,2,,,,
2001,CASS,C,4,3,,,,
2001,CASS,C,4,4,,,,
2001,CASS,C,4,5,,,,
2001,CASS,C,5,1,,,,
2001,CASS,C,5,2,,,,
2001,CASS,C,5,3,,,,
2001,CASS,C,5,4,,,,
2001,CASS,C,5,5,,,,
2001,CASS,C,6,1,,,,
2001,CASS,C,6,2,,,,
2001,CASS,C,6,3,191,200,,213
2001,CASS,C,6,4,,,,
2001,CASS,C,6,5,,,,
2001,CASS,C,7,1,,,,
2001,CASS,C,7,2,,,,
2001,CASS,C,7,3,,,,
2001,CASS,C,7,4,,,,
2001,CASS,C,7,5,,,,
2001,CASS,C,8,1,182,200,,213
2001,CASS,C,8,2,,,,
2001,CASS,C,8,3,,,,
2001,CASS,C,8,4,,,,
2001,CASS,C,8,5,,,,
2001,CASS,C,9,1,,,,
2001,CASS,C,9,2,,,,
2001,CASS,C,9,3,182,194,,213
2001,CASS,C,9,4,,,,
2001,CASS,C,9,5,,,,
2001,CASS,C,10,1,182,194,,206
2001,CASS,C,10,2,,,,
2001,CASS,C,10,3,,,,
2001,CASS,C,10,4,,,,
2001,CASS,C,10,5,,,,
2001,CASS,C,11,1,188,200,,213
2001,CASS,C,11,2,,,,
2001,CASS,C,11,3,,,,
2001,CASS,C,11,4,,,,
2001,CASS,C,11,5,,,,
2001,CASS,C,12,1,,,,
2001,CASS,C,12,2,,,,
2001,CASS,C,12,3,179,194,,206
2001,CASS,C,12,4,,,,
2001,CASS,C,12,5,,,,
2001,CASS,C,13,1,,,,
2001,CASS,C,13,2,,,,
2001,CASS,C,13,3,,,,
2001,CASS,C,13,4,,,,
2001,CASS,C,13,5,188,200,,213
2001,CASS,C,14,1,,,,
2001,CASS,C,14,2,,,,
2001,CASS,C,14,3,,,,
2001,CASS,C,14,4,,,,
2001,CASS,C,14,5,185,194,,206
2001,CASS,C,15,1,179,,,
2001,CASS,C,15,2,,,,
2001,CASS,C,15,3,,,,
2001,CASS,C,15,4,179,,,
2001,CASS,C,15,5,,,,
2001,CASS,C,16,1,,,,
2001,CASS,C,16,2,,,,
2001,CASS,C,16,3,,,,
2001,CASS,C,16,4,,,,
2001,CASS,C,16,5,,,,
2001,CASS,C,17,1,,,,
2001,CASS,C,17,2,,,,
2001,CASS,C,17,3,,,,
2001,CASS,C,17,4,179,185,,200
2001,CASS,C,17,5,,,,
2001,CASS,C,18,1,,,,
2001,CASS,C,18,2,,,,
2001,CASS,C,18,3,,,,
2001,CASS,C,18,4,,,,
2001,CASS,C,18,5,,,,
2001,CASS,T,1,1,,,,
2001,CASS,T,1,2,182,200,,206
2001,CASS,T,1,3,,,,
2001,CASS,T,1,4,,,,
2001,CASS,T,1,5,,,,
2001,CASS,T,2,1,,,,
2001,CASS,T,2,2,,,,
2001,CASS,T,2,3,,,,
2001,CASS,T,2,4,,,,
2001,CASS,T,2,5,,,,
2001,CASS,T,3,1,,,,
2001,CASS,T,3,2,,,,
2001,CASS,T,3,3,,,,
2001,CASS,T,3,4,,,,
2001,CASS,T,3,5,,,,
2001,CASS,T,4,1,,,,
2001,CASS,T,4,2,182,191,,200
2001,CASS,T,4,3,,,,
2001,CASS,T,4,4,,,,
2001,CASS,T,4,5,,,,
2001,CASS,T,5,1,,,,
2001,CASS,T,5,2,,,,
2001,CASS,T,5,3,,,,
2001,CASS,T,5,4,,188,,200
2001,CASS,T,5,5,,,,
2001,CASS,T,6,1,188,194,,0
2001,CASS,T,6,2,179,188,,200
2001,CASS,T,6,3,,,,
2001,CASS,T,6,4,,,,
2001,CASS,T,6,5,,,,
2001,CASS,T,7,1,179,182,,206
2001,CASS,T,7,2,,,,
2001,CASS,T,7,3,,,,
2001,CASS,T,7,4,,,,
2001,CASS,T,7,5,,,,
2001,CASS,T,8,1,,,,
2001,CASS,T,8,2,,,,
2001,CASS,T,8,3,,,,
2001,CASS,T,8,4,,,,
2001,CASS,T,8,5,,,,
2001,CASS,T,9,1,,,,
2001,CASS,T,9,2,,,,
2001,CASS,T,9,3,,,,
2001,CASS,T,9,4,182,191,,213
2001,CASS,T,9,5,,,,
2001,CASS,T,10,1,,,,
2001,CASS,T,10,2,,,,
2001,CASS,T,10,3,,,,
2001,CASS,T,10,4,,,,
2001,CASS,T,10,5,179,182,,200
2001,CASS,T,11,1,,,,
2001,CASS,T,11,2,,,,
2001,CASS,T,11,3,,,,
2001,CASS,T,11,4,,,,
2001,CASS,T,11,5,,,,
2001,CASS,T,12,1,188,194,,213
2001,CASS,T,12,2,,,,
2001,CASS,T,12,3,,,,
2001,CASS,T,12,4,,,,
2001,CASS,T,12,5,,,,
2001,CASS,T,13,1,,,,
2001,CASS,T,13,2,,,,
2001,CASS,T,13,3,,,,
2001,CASS,T,13,4,,,,
2001,CASS,T,13,5,,,,
2001,CASS,T,14,1,,,,
2001,CASS,T,14,2,,,,
2001,CASS,T,14,3,,,,
2001,CASS,T,14,4,,,,
2001,CASS,T,14,5,,,,
2001,CASS,T,15,1,,,,
2001,CASS,T,15,2,179,188,,206
2001,CASS,T,15,3,,,,
2001,CASS,T,15,4,,,,
2001,CASS,T,15,5,,,,
2001,CASS,T,16,1,,,,
2001,CASS,T,16,2,179,182,,200
2001,CASS,T,16,3,,,,
2001,CASS,T,16,4,,,,
2001,CASS,T,16,5,,,,
2001,CASS,T,17,1,,,,
2001,CASS,T,17,2,,,,
2001,CASS,T,17,3,179,182,,206
2001,CASS,T,17,4,,,,
2001,CASS,T,17,5,179,182,,213
2001,CASS,T,18,1,,,,
2001,CASS,T,18,2,,,,
2001,CASS,T,18,3,,,,
2001,CASS,T,18,4,,,,
2001,CASS,T,18,5,,,,
2001,DRY,C,1,1,,,,
2001,DRY,C,1,2,,,,
2001,DRY,C,1,3,,,,
2001,DRY,C,1,4,,,,
2001,DRY,C,1,5,,,,
2001,DRY,C,2,1,,,,
2001,DRY,C,2,2,182,,,
2001,DRY,C,2,3,,,,
2001,DRY,C,2,4,,,,
2001,DRY,C,2,5,188,191,,200
2001,DRY,C,3,1,,,,
2001,DRY,C,3,2,,,,
2001,DRY,C,3,3,185,200,,
2001,DRY,C,3,4,200,,,
2001,DRY,C,3,5,194,,,
2001,DRY,C,4,1,,,,
2001,DRY,C,4,2,,,,
2001,DRY,C,4,3,,,,
2001,DRY,C,4,4,,,,
2001,DRY,C,4,5,,,,
2001,DRY,C,5,1,,,,
2001,DRY,C,5,2,182,194,,
2001,DRY,C,5,3,,,,
2001,DRY,C,5,4,,,,
2001,DRY,C,5,5,,,,
2001,DRY,C,6,1,,,,
2001,DRY,C,6,2,,,,
2001,DRY,C,6,3,182,194,,206
2001,DRY,C,6,4,,,,
2001,DRY,C,6,5,,,,
2001,DRY,C,7,1,,,,
2001,DRY,C,7,2,,,,
2001,DRY,C,7,3,,,,
2001,DRY,C,7,4,188,191,,213
2001,DRY,C,7,5,,,,
2001,DRY,C,8,1,,,,
2001,DRY,C,8,2,,,,
2001,DRY,C,8,3,188,194,,213
2001,DRY,C,8,4,,,,
2001,DRY,C,8,5,,,,
2001,DRY,C,9,1,185,200,,206
2001,DRY,C,9,2,,,,
2001,DRY,C,9,3,,,,
2001,DRY,C,9,4,,,,
2001,DRY,C,9,5,,,,
2001,DRY,C,10,1,,,,
2001,DRY,C,10,2,,,,
2001,DRY,C,10,3,,,,
2001,DRY,C,10,4,,,,
2001,DRY,C,10,5,,,,
2001,DRY,T,1,1,,,,
2001,DRY,T,1,2,185,200,,213
2001,DRY,T,1,3,,,,
2001,DRY,T,1,4,182,188,,200
2001,DRY,T,1,5,179,185,,200
2001,DRY,T,2,1,,,,
2001,DRY,T,2,2,,,,
2001,DRY,T,2,3,,,,
2001,DRY,T,2,4,182,191,,213
2001,DRY,T,2,5,182,194,,213
2001,DRY,T,3,1,,,,
2001,DRY,T,3,2,182,,,
2001,DRY,T,3,3,,,,
2001,DRY,T,3,4,,,,
2001,DRY,T,3,5,,,,
2001,DRY,T,4,1,,,,
2001,DRY,T,4,2,185,194,,200
2001,DRY,T,4,3,,,,
2001,DRY,T,4,4,,,,
2001,DRY,T,4,5,,,,
2001,DRY,T,5,1,,,,
2001,DRY,T,5,2,,,,
2001,DRY,T,5,3,,,,
2001,DRY,T,5,4,,,,
2001,DRY,T,5,5,,,,
2001,DRY,T,6,1,,,,
2001,DRY,T,6,2,,,,
2001,DRY,T,6,3,,,,
2001,DRY,T,6,4,,,,
2001,DRY,T,6,5,,,,
2001,DRY,T,7,1,,,,
2001,DRY,T,7,2,,,,
2001,DRY,T,7,3,,,,
2001,DRY,T,7,4,188,194,,206
2001,DRY,T,7,5,,,,
2001,DRY,T,8,1,,,,
2001,DRY,T,8,2,185,200,,213
2001,DRY,T,8,3,,,,
2001,DRY,T,8,4,,,,
2001,DRY,T,8,5,182,194,,213
2001,DRY,T,9,1,,,,
2001,DRY,T,9,2,,,,
2001,DRY,T,9,3,,,,
2001,DRY,T,9,4,,,,
2001,DRY,T,9,5,,,,
2001,DRY,T,10,1,,,,
2001,DRY,T,10,2,182,191,,220
2001,DRY,T,10,3,,,,
2001,DRY,T,10,4,,,,
2001,DRY,T,10,5,,,,
2000,DRY,C,1,1,,,,
2000,DRY,C,1,2,,,,
2000,DRY,C,1,3,171,,,
2000,DRY,C,1,4,177,191,,205
2000,DRY,C,1,5,,186,,
2000,DRY,C,2,1,171,181,,198
2000,DRY,C,2,2,171,186,,196
2000,DRY,C,2,3,171,181,,198
2000,DRY,C,2,4,171,181,,191
2000,DRY,C,2,5,177,,,
2000,DRY,C,3,1,171,191,,205
2000,DRY,C,3,2,171,191,,198
2000,DRY,C,3,3,171,181,,191
2000,DRY,C,3,4,171,,,
2000,DRY,C,3,5,171,186,,198
2000,DRY,C,4,1,171,181,,198
2000,DRY,C,4,2,171,186,,
2000,DRY,C,4,3,171,186,,198
2000,DRY,C,4,4,171,181,,191
2000,DRY,C,4,5,,,,
2000,DRY,C,5,1,,,,
2000,DRY,C,5,2,171,181,,198
2000,DRY,C,5,3,,,,
2000,DRY,C,5,4,171,181,,213
2000,DRY,C,5,5,171,186,,205
2000,DRY,C,6,1,171,191,,213
2000,DRY,C,6,2,,,,
2000,DRY,C,6,3,,,,
2000,DRY,C,6,4,171,,,191
2000,DRY,C,6,5,,,,
2000,DRY,C,7,1,171,181,,
2000,DRY,C,7,2,171,186,,
2000,DRY,C,7,3,,,,
2000,DRY,C,7,4,171,,,
2000,DRY,C,7,5,171,181,,
2000,DRY,T,1,1,,,,
2000,DRY,T,1,2,,,,
2000,DRY,T,1,3,,186,,198
2000,DRY,T,1,4,171,186,,191
2000,DRY,T,1,5,171,186,,191
2000,DRY,T,2,1,171,181,,205
2000,DRY,T,2,2,171,186,,191
2000,DRY,T,2,3,171,186,,213
2000,DRY,T,2,4,171,181,,191
2000,DRY,T,2,5,,,,
2000,DRY,T,3,1,171,181,,205
2000,DRY,T,3,2,,,,
2000,DRY,T,3,3,171,181,,191
2000,DRY,T,3,4,,,,
2000,DRY,T,3,5,,,,
2000,DRY,T,4,1,,,,
2000,DRY,T,4,2,171,,,198
2000,DRY,T,4,3,,,,
2000,DRY,T,4,4,,,,
2000,DRY,T,4,5,,,,
2000,DRY,T,5,1,171,186,,205
2000,DRY,T,5,2,171,181,,198
2000,DRY,T,5,3,171,181,,198
2000,DRY,T,5,4,177,181,,198
2000,DRY,T,5,5,171,181,,205
2000,DRY,T,6,1,171,,,
2000,DRY,T,6,2,171,181,,198
2000,DRY,T,6,3,,186,,205
2000,DRY,T,6,4,,,,
2000,DRY,T,6,5,,186,,198
2000,DRY,T,7,1,,,,
2000,DRY,T,7,2,171,181,,
2000,DRY,T,7,3,,,,
2000,DRY,T,7,4,,,,
2000,DRY,T,7,5,171,186,,
2000,CASS,C,1,1,173,191,,205
2000,CASS,C,1,2,173,186,,
2000,CASS,C,1,3,,,,
2000,CASS,C,1,4,,,,
2000,CASS,C,1,5,,,,
2000,CASS,C,2,1,173,198,,205
2000,CASS,C,2,2,173,186,,
2000,CASS,C,2,3,173,186,,198
2000,CASS,C,2,4,173,186,,221
2000,CASS,C,2,5,173,186,,198
2000,CASS,C,3,1,173,191,,205
2000,CASS,C,3,2,172,186,,226
2000,CASS,C,3,3,,,,
2000,CASS,C,3,4,173,182,,198
2000,CASS,C,3,5,173,182,,198
2000,CASS,C,4,1,,,,
2000,CASS,C,4,2,172,177,,191
2000,CASS,C,4,3,,,,
2000,CASS,C,4,4,,,,
2000,CASS,C,4,5,172,,,
2000,CASS,C,5,1,172,186,,191
2000,CASS,C,5,2,,182,,198
2000,CASS,C,5,3,172,,,
2000,CASS,C,5,4,172,182,,191
2000,CASS,C,5,5,,182,,198
2000,CASS,C,6,1,,,,
2000,CASS,C,6,2,172,186,,198
2000,CASS,C,6,3,,,,
2000,CASS,C,6,4,172,186,,198
2000,CASS,C,6,5,172,186,,198
2000,CASS,C,7,1,,,,
2000,CASS,C,7,2,,,,
2000,CASS,C,7,3,,,,
2000,CASS,C,7,4,,,,
2000,CASS,C,7,5,172,182,,198
2000,CASS,C,8,1,172,186,,198
2000,CASS,C,8,2,,,,
2000,CASS,C,8,3,,186,,221
2000,CASS,C,8,4,,,,
2000,CASS,C,8,5,172,186,,198
2000,CASS,C,9,1,172,186,,221
2000,CASS,C,9,2,,,,
2000,CASS,C,9,3,,,,
2000,CASS,C,9,4,,,,
2000,CASS,C,9,5,,,,
2000,CASS,C,10,1,,,,
2000,CASS,C,10,2,172,186,,205
2000,CASS,C,10,3,,,,
2000,CASS,C,10,4,172,182,,191
2000,CASS,C,10,5,,,,
2000,CASS,C,11,1,,186,,
2000,CASS,C,11,2,,,,
2000,CASS,C,11,3,,,,
2000,CASS,C,11,4,,186,,221
2000,CASS,C,11,5,172,182,,205
2000,CASS,C,12,1,172,186,,
2000,CASS,C,12,2,172,182,,191
2000,CASS,C,12,3,,,,
2000,CASS,C,12,4,172,182,,
2000,CASS,C,12,5,,,,
2000,CASS,C,13,1,172,182,,
2000,CASS,C,13,2,172,182,,
2000,CASS,C,13,3,172,,,
2000,CASS,C,13,4,,,,
2000,CASS,C,13,5,,,,
2000,CASS,C,14,1,,,,
2000,CASS,C,14,2,172,182,,191
2000,CASS,C,14,3,,,,
2000,CASS,C,14,4,,,,
2000,CASS,C,14,5,,,,
2000,CASS,C,15,1,172,186,,
2000,CASS,C,15,2,,,,
2000,CASS,C,15,3,,186,,
2000,CASS,C,15,4,,,,
2000,CASS,C,15,5,,,,
2000,CASS,C,16,1,,,,
2000,CASS,C,16,2,,,,
2000,CASS,C,16,3,172,182,,
2000,CASS,C,16,4,,,,
2000,CASS,C,16,5,,,,
2000,CASS,C,17,1,172,,,
2000,CASS,C,17,2,,,,
2000,CASS,C,17,3,172,182,,
2000,CASS,C,17,4,172,182,,
2000,CASS,C,17,5,,,,
2000,CASS,C,18,1,,,,
2000,CASS,C,18,2,,,,
2000,CASS,C,18,3,172,186,,
2000,CASS,C,18,4,172,,,
2000,CASS,C,18,5,172,186,,
2000,CASS,T,1,1,173,186,,198
2000,CASS,T,1,2,,,,
2000,CASS,T,1,3,,,,
2000,CASS,T,1,4,,,,
2000,CASS,T,1,5,173,186,,205
2000,CASS,T,2,1,173,,,
2000,CASS,T,2,2,,,,
2000,CASS,T,2,3,173,182,,191
2000,CASS,T,2,4,177,186,,205
2000,CASS,T,2,5,,,,
2000,CASS,T,3,1,,,,
2000,CASS,T,3,2,,186,,205
2000,CASS,T,3,3,177,186,,221
2000,CASS,T,3,4,177,,,
2000,CASS,T,3,5,,,,
2000,CASS,T,4,1,,,,
2000,CASS,T,4,2,,,,
2000,CASS,T,4,3,172,191,,205
2000,CASS,T,4,4,172,191,,213
2000,CASS,T,4,5,,,,
2000,CASS,T,5,1,172,182,,198
2000,CASS,T,5,2,172,186,,205
2000,CASS,T,5,3,,182,,191
2000,CASS,T,5,4,,,,
2000,CASS,T,5,5,,,,
2000,CASS,T,6,1,172,,,
2000,CASS,T,6,2,,,,
2000,CASS,T,6,3,,,,
2000,CASS,T,6,4,172,191,,205
2000,CASS,T,6,5,,,,
2000,CASS,T,7,1,,,,
2000,CASS,T,7,2,,,,
2000,CASS,T,7,3,172,186,,205
2000,CASS,T,7,4,172,186,,198
2000,CASS,T,7,5,,,,
2000,CASS,T,8,1,,,,
2000,CASS,T,8,2,172,182,,191
2000,CASS,T,8,3,172,182,,191
2000,CASS,T,8,4,172,186,,221
2000,CASS,T,8,5,172,182,,198
2000,CASS,T,9,1,172,186,,205
2000,CASS,T,9,2,,,,
2000,CASS,T,9,3,,182,,198
2000,CASS,T,9,4,,,,
2000,CASS,T,9,5,,182,,198
2000,CASS,T,10,1,,,,
2000,CASS,T,10,2,,,,
2000,CASS,T,10,3,,,,
2000,CASS,T,10,4,,,,
2000,CASS,T,10,5,172,177,,191
2000,CASS,T,11,1,,,,
2000,CASS,T,11,2,172,,,
2000,CASS,T,11,3,,,,
2000,CASS,T,11,4,172,182,,
2000,CASS,T,11,5,172,,,
2000,CASS,T,12,1,,,,
2000,CASS,T,12,2,,,,
2000,CASS,T,12,3,172,196,,198
2000,CASS,T,12,4,,,,
2000,CASS,T,12,5,,,,
2000,CASS,T,13,1,,186,,
2000,CASS,T,13,2,,,,
2000,CASS,T,13,3,,,,
2000,CASS,T,13,4,,186,,
2000,CASS,T,13,5,,186,,
2000,CASS,T,14,1,172,182,,198
2000,CASS,T,14,2,,,,
2000,CASS,T,14,3,,,,
2000,CASS,T,14,4,,,,
2000,CASS,T,14,5,172,182,,191
2000,CASS,T,15,1,,,,
2000,CASS,T,15,2,172,182,,
2000,CASS,T,15,3,,,,
2000,CASS,T,15,4,172,182,,
2000,CASS,T,15,5,,,,
2000,CASS,T,16,1,,,,
2000,CASS,T,16,2,,,,
2000,CASS,T,16,3,172,186,,
2000,CASS,T,16,4,,186,,
2000,CASS,T,16,5,,,,
2000,CASS,T,17,1,,,,
2000,CASS,T,17,2,,,,
2000,CASS,T,17,3,172,182,,
2000,CASS,T,17,4,,,,
2000,CASS,T,17,5,,,,
2000,CASS,T,18,1,,182,,
2000,CASS,T,18,2,172,186,,
2000,CASS,T,18,3,,186,,
2000,CASS,T,18,4,,,,
2000,CASS,T,18,5,172,182,,
1998,CASS,C,1,1,180,192,,201
1998,CASS,C,1,2,,,,
1998,CASS,C,1,3,,,,
1998,CASS,C,1,4,,,,
1998,CASS,C,1,5,,,,
1998,CASS,C,2,1,,,,
1998,CASS,C,2,2,,,,
1998,CASS,C,2,3,,,,
1998,CASS,C,2,4,,,,
1998,CASS,C,2,5,,,,
1998,CASS,C,3,1,168,,,
1998,CASS,C,3,2,,,,
1998,CASS,C,3,3,168,183,,195
1998,CASS,C,3,4,,,,
1998,CASS,C,3,5,,,,
1998,CASS,C,4,1,171,183,,195
1998,CASS,C,4,2,168,186,,195
1998,CASS,C,4,3,171,189,,201
1998,CASS,C,4,4,,,,
1998,CASS,C,4,5,174,183,,201
1998,CASS,C,5,1,,,,
1998,CASS,C,5,2,,,,
1998,CASS,C,5,3,,,,
1998,CASS,C,5,4,,,,
1998,CASS,C,5,5,,,,
1998,CASS,C,6,1,,,,
1998,CASS,C,6,2,,,,
1998,CASS,C,6,3,,,,
1998,CASS,C,6,4,,,,
1998,CASS,C,6,5,,,,
1998,CASS,C,7,1,,,,
1998,CASS,C,7,2,,,,
1998,CASS,C,7,3,,,,
1998,CASS,C,7,4,,,,
1998,CASS,C,7,5,168,186,,201
1998,CASS,C,8,1,,,,
1998,CASS,C,8,2,,,,
1998,CASS,C,8,3,,,,
1998,CASS,C,8,4,,,,
1998,CASS,C,8,5,171,186,,201
1998,CASS,C,9,1,,,,
1998,CASS,C,9,2,,,,
1998,CASS,C,9,3,,,,
1998,CASS,C,9,4,,,,
1998,CASS,C,9,5,,,,
1998,CASS,C,10,1,,,,
1998,CASS,C,10,2,180,186,,201
1998,CASS,C,10,3,168,186,,221
1998,CASS,C,10,4,168,186,,195
1998,CASS,C,10,5,,,,
1998,CASS,C,11,1,,,,
1998,CASS,C,11,2,,,,
1998,CASS,C,11,3,,,,
1998,CASS,C,11,4,180,186,,201
1998,CASS,C,11,5,,,,
1998,CASS,C,12,1,,,,
1998,CASS,C,12,2,,,,
1998,CASS,C,12,3,,,,
1998,CASS,C,12,4,,,,
1998,CASS,C,12,5,,,,
1998,CASS,C,13,1,,,,
1998,CASS,C,13,2,177,183,,189
1998,CASS,C,13,3,,,,
1998,CASS,C,13,4,,,,
1998,CASS,C,13,5,,,,
1998,CASS,C,14,1,177,183,,201
1998,CASS,C,14,2,,,,
1998,CASS,C,14,3,,,,
1998,CASS,C,14,4,,,,
1998,CASS,C,14,5,,,,
1998,CASS,C,15,1,,,,
1998,CASS,C,15,2,,,,
1998,CASS,C,15,3,,,,
1998,CASS,C,15,4,,,,
1998,CASS,C,15,5,,,,
1998,CASS,C,16,1,168,183,,201
1998,CASS,C,16,2,,,,
1998,CASS,C,16,3,,,,
1998,CASS,C,16,4,,,,
1998,CASS,C,16,5,,,,
1998,CASS,C,17,1,,,,
1998,CASS,C,17,2,,,,
1998,CASS,C,17,3,,,,
1998,CASS,C,17,4,,,,
1998,CASS,C,17,5,,,,
1998,CASS,C,18,1,,,,
1998,CASS,C,18,2,,,,
1998,CASS,C,18,3,,,,
1998,CASS,C,18,4,,,,
1998,CASS,C,18,5,174,195,,201
1998,CASS,T,1,1,,,,
1998,CASS,T,1,2,171,186,,201
1998,CASS,T,1,3,,,,
1998,CASS,T,1,4,,,,
1998,CASS,T,1,5,,,,
1998,CASS,T,2,1,,,,
1998,CASS,T,2,2,,,,
1998,CASS,T,2,3,168,183,,195
1998,CASS,T,2,4,168,186,,201
1998,CASS,T,2,5,168,183,,195
1998,CASS,T,3,1,,,,
1998,CASS,T,3,2,,,,
1998,CASS,T,3,3,183,192,,207
1998,CASS,T,3,4,,,,
1998,CASS,T,3,5,174,186,,
1998,CASS,T,4,1,,,,
1998,CASS,T,4,2,,,,
1998,CASS,T,4,3,,,,
1998,CASS,T,4,4,,,,
1998,CASS,T,4,5,,,,
1998,CASS,T,5,1,168,183,,195
1998,CASS,T,5,2,174,195,,207
1998,CASS,T,5,3,168,180,,189
1998,CASS,T,5,4,,,,
1998,CASS,T,5,5,,,,
1998,CASS,T,6,1,,,,
1998,CASS,T,6,2,,,,
1998,CASS,T,6,3,,,,
1998,CASS,T,6,4,,,,
1998,CASS,T,6,5,,,,
1998,CASS,T,7,1,,,,
1998,CASS,T,7,2,,,,
1998,CASS,T,7,3,,,,
1998,CASS,T,7,4,168,186,,201
1998,CASS,T,7,5,,,,
1998,CASS,T,8,1,171,186,,195
1998,CASS,T,8,2,,,,
1998,CASS,T,8,3,171,186,,195
1998,CASS,T,8,4,,,,
1998,CASS,T,8,5,,,,
1998,CASS,T,9,1,,,,
1998,CASS,T,9,2,,,,
1998,CASS,T,9,3,168,183,,195
1998,CASS,T,9,4,,,,
1998,CASS,T,9,5,168,180,,195
1998,CASS,T,10,1,,,,
1998,CASS,T,10,2,171,189,,201
1998,CASS,T,10,3,168,183,,201
1998,CASS,T,10,4,,,,
1998,CASS,T,10,5,168,180,,195
1998,CASS,T,11,1,,,,
1998,CASS,T,11,2,,,,
1998,CASS,T,11,3,,,,
1998,CASS,T,11,4,,,,
1998,CASS,T,11,5,,,,
1998,CASS,T,12,1,,,,
1998,CASS,T,12,2,,,,
1998,CASS,T,12,3,174,189,,201
1998,CASS,T,12,4,,,,
1998,CASS,T,12,5,,,,
1998,CASS,T,13,1,180,183,,
1998,CASS,T,13,2,,,,
1998,CASS,T,13,3,,,,
1998,CASS,T,13,4,168,186,,201
1998,CASS,T,13,5,,,,
1998,CASS,T,14,1,,,,
1998,CASS,T,14,2,,,,
1998,CASS,T,14,3,,,,
1998,CASS,T,14,4,168,183,,201
1998,CASS,T,14,5,,,,
1998,CASS,T,15,1,,,,
1998,CASS,T,15,2,168,186,,201
1998,CASS,T,15,3,,,,
1998,CASS,T,15,4,,,,
1998,CASS,T,15,5,,,,
1998,CASS,T,16,1,,,,
1998,CASS,T,16,2,,,,
1998,CASS,T,16,3,168,183,,195
1998,CASS,T,16,4,,,,
1998,CASS,T,16,5,,,,
1998,CASS,T,17,1,168,183,,195
1998,CASS,T,17,2,168,186,,201
1998,CASS,T,17,3,168,180,,195
1998,CASS,T,17,4,,,,
1998,CASS,T,17,5,,,,
1998,CASS,T,18,1,,,,
1998,CASS,T,18,2,,,,
1998,CASS,T,18,3,174,183,,195
1998,CASS,T,18,4,,,,
1998,CASS,T,18,5,180,189,,207
1998,DRY,C,1,1,168,183,,201
1998,DRY,C,1,2,,,,
1998,DRY,C,1,3,168,186,,201
1998,DRY,C,1,4,,,,
1998,DRY,C,1,5,,,,
1998,DRY,C,2,1,,,,
1998,DRY,C,2,2,165,186,,207
1998,DRY,C,2,3,,,,
1998,DRY,C,2,4,,,,
1998,DRY,C,2,5,,,,
1998,DRY,C,3,1,168,186,,201
1998,DRY,C,3,2,165,183,,201
1998,DRY,C,3,3,,,,
1998,DRY,C,3,4,165,183,,207
1998,DRY,C,3,5,,,,
1998,DRY,C,4,1,168,186,,201
1998,DRY,C,4,2,168,189,,207
1998,DRY,C,4,3,,,,
1998,DRY,C,4,4,,,,
1998,DRY,C,4,5,,,,
1998,DRY,C,5,1,,,,
1998,DRY,C,5,2,,,,
1998,DRY,C,5,3,,,,
1998,DRY,C,5,4,171,186,,201
1998,DRY,C,5,5,,,,
1998,DRY,C,6,1,165,189,,207
1998,DRY,C,6,2,,,,
1998,DRY,C,6,3,,,,
1998,DRY,C,6,4,,,,
1998,DRY,C,6,5,,,,
1998,DRY,C,7,1,174,186,,201
1998,DRY,C,7,2,,,,
1998,DRY,C,7,3,,,,
1998,DRY,C,7,4,171,183,,207
1998,DRY,C,7,5,,,,
1998,DRY,C,8,1,,,,
1998,DRY,C,8,2,,,,
1998,DRY,C,8,3,171,183,,195
1998,DRY,C,8,4,,,,
1998,DRY,C,8,5,,,,
1998,DRY,C,9,1,171,189,,195
1998,DRY,C,9,2,,,,
1998,DRY,C,9,3,,,,
1998,DRY,C,9,4,165,183,,189
1998,DRY,C,9,5,168,189,,195
1998,DRY,C,10,1,165,189,,221
1998,DRY,C,10,2,,,,
1998,DRY,C,10,3,165,186,,201
1998,DRY,C,10,4,165,189,,
1998,DRY,C,10,5,,,,
1998,DRY,T,1,1,168,180,,186
1998,DRY,T,1,2,,,,
1998,DRY,T,1,3,171,180,,186
1998,DRY,T,1,4,165,180,,201
1998,DRY,T,1,5,,,,
1998,DRY,T,2,1,168,183,,201
1998,DRY,T,2,2,,,,
1998,DRY,T,2,3,168,183,,192
1998,DRY,T,2,4,168,180,,192
1998,DRY,T,2,5,165,180,,189
1998,DRY,T,3,1,,,,
1998,DRY,T,3,2,,,,
1998,DRY,T,3,3,165,183,,192
1998,DRY,T,3,4,168,193,,207
1998,DRY,T,3,5,,,,
1998,DRY,T,4,1,171,183,,201
1998,DRY,T,4,2,177,183,,192
1998,DRY,T,4,3,,,,
1998,DRY,T,4,4,,,,
1998,DRY,T,4,5,,,,
1998,DRY,T,5,1,165,186,,207
1998,DRY,T,5,2,165,183,,201
1998,DRY,T,5,3,,,,
1998,DRY,T,5,4,,,,
1998,DRY,T,5,5,171,176,,221
1998,DRY,T,6,1,171,183,,195
1998,DRY,T,6,2,165,183,,192
1998,DRY,T,6,3,,,,
1998,DRY,T,6,4,,,,
1998,DRY,T,6,5,,,,
1998,DRY,T,7,1,,,,
1998,DRY,T,7,2,,,,
1998,DRY,T,7,3,165,,,
1998,DRY,T,7,4,,,,
1998,DRY,T,7,5,171,183,,192
1998,DRY,T,8,1,,,,
1998,DRY,T,8,2,,,,
1998,DRY,T,8,3,,,,
1998,DRY,T,8,4,,,,
1998,DRY,T,8,5,,,,
1998,DRY,T,9,1,171,183,,192
1998,DRY,T,9,2,168,183,,195
1998,DRY,T,9,3,,,,
1998,DRY,T,9,4,,192,,207
1998,DRY,T,9,5,168,183,,201
1998,DRY,T,10,1,,,,
1998,DRY,T,10,2,168,183,,189
1998,DRY,T,10,3,168,183,,192
1998,DRY,T,10,4,,,,
1998,DRY,T,10,5,,,,
1998,SB,C,1,210,,,,
1998,SB,C,1,211,,,,
1998,SB,C,1,212,,,,
1998,SB,C,1,213,,,,
1998,SB,C,1,214,,,,
1998,SB,C,1,306,,,,
1998,SB,C,1,307,,,,
1998,SB,C,1,308,,,,
1998,SB,C,1,309,,,,
1998,SB,C,1,310,,,,
1998,SB,C,2,231,,,,
1998,SB,C,2,233,,,,
1998,SB,C,2,234,,,,
1998,SB,C,2,235,,,,
1998,SB,C,2,239,185,202,,220
1998,SB,C,2,315,,,,
1998,SB,C,2,316,,,,
1998,SB,C,2,317,,,,
1998,SB,C,2,318,,,,
1998,SB,C,2,236,,,,
1998,SB,C,2,234,,,,
1998,SB,C,3,247,,,,
1998,SB,C,3,248,,,,
1998,SB,C,3,250,,,,
1998,SB,C,3,252,,,,
1998,SB,C,3,253,,,,
1998,SB,C,3,254,,,,
1998,SB,C,3,255,,,,
1998,SB,C,3,256,,,,
1998,SB,C,3,258,,,,
1998,SB,C,3,251,,,,
1997,CASS,C,1,1,,,,
1997,CASS,C,1,2,,,,
1997,CASS,C,1,3,,,,
1997,CASS,C,1,4,,,,
1997,CASS,C,1,5,,,,
1997,CASS,C,2,1,,,,
1997,CASS,C,2,2,,,,
1997,CASS,C,2,3,,,,
1997,CASS,C,2,4,,,,
1997,CASS,C,2,5,,,,
1997,CASS,C,3,1,,,,
1997,CASS,C,3,2,,,,
1997,CASS,C,3,3,,,,
1997,CASS,C,3,4,,,,
1997,CASS,C,3,5,,,,
1997,CASS,C,4,1,,,,
1997,CASS,C,4,2,178,187,,
1997,CASS,C,4,3,,,,
1997,CASS,C,4,4,,,,
1997,CASS,C,4,5,,,,
1997,CASS,C,5,1,,,,
1997,CASS,C,5,2,,,,
1997,CASS,C,5,3,,,,
1997,CASS,C,5,4,,,,
1997,CASS,C,5,5,,,,
1997,CASS,C,6,1,,,,
1997,CASS,C,6,2,,,,
1997,CASS,C,6,3,,,,
1997,CASS,C,6,4,,,,
1997,CASS,C,6,5,,,,
1997,CASS,C,7,1,,,,
1997,CASS,C,7,2,,,,
1997,CASS,C,7,3,,,,
1997,CASS,C,7,4,,,,
1997,CASS,C,7,5,,,,
1997,CASS,C,8,1,182,,,
1997,CASS,C,8,2,,,,
1997,CASS,C,8,3,,,,
1997,CASS,C,8,4,,,,
1997,CASS,C,8,5,,,,
1997,CASS,C,9,1,,,,
1997,CASS,C,9,2,,,,
1997,CASS,C,9,3,,,,
1997,CASS,C,9,4,,,,
1997,CASS,C,9,5,,,,
1997,CASS,C,10,1,,,,
1997,CASS,C,10,2,,,,
1997,CASS,C,10,3,,,,
1997,CASS,C,10,4,,,,
1997,CASS,C,10,5,182,190,,
1997,CASS,C,11,1,,,,
1997,CASS,C,11,2,196,,,
1997,CASS,C,11,3,,,,
1997,CASS,C,11,4,,,,
1997,CASS,C,11,5,,,,
1997,CASS,C,12,1,,,,
1997,CASS,C,12,2,,,,
1997,CASS,C,12,3,,,,
1997,CASS,C,12,4,,,,
1997,CASS,C,12,5,,,,
1997,CASS,C,13,1,,,,
1997,CASS,C,13,2,,,,
1997,CASS,C,13,3,,,,
1997,CASS,C,13,4,,,,
1997,CASS,C,13,5,,,,
1997,CASS,C,14,1,,,,
1997,CASS,C,14,2,,,,
1997,CASS,C,14,3,,,,
1997,CASS,C,14,4,,,,
1997,CASS,C,14,5,,,,
1997,CASS,C,15,1,,,,
1997,CASS,C,15,2,,,,
1997,CASS,C,15,3,,,,
1997,CASS,C,15,4,,,,
1997,CASS,C,15,5,,,,
1997,CASS,C,16,1,,,,
1997,CASS,C,16,2,,,,
1997,CASS,C,16,3,,,,
1997,CASS,C,16,4,,,,
1997,CASS,C,16,5,,,,
1997,CASS,C,17,1,,,,
1997,CASS,C,17,2,,,,
1997,CASS,C,17,3,,,,
1997,CASS,C,17,4,,,,
1997,CASS,C,17,5,,,,
1997,CASS,C,18,1,,,,
1997,CASS,C,18,2,,,,
1997,CASS,C,18,3,182,196,,
1997,CASS,C,18,4,,,,
1997,CASS,C,18,5,190,,,
1997,CASS,T,1,1,,,,
1997,CASS,T,1,2,,,,
1997,CASS,T,1,3,,,,
1997,CASS,T,1,4,,,,
1997,CASS,T,1,5,,,,
1997,CASS,T,2,1,,,,
1997,CASS,T,2,2,,,,
1997,CASS,T,2,3,,,,
1997,CASS,T,2,4,,,,
1997,CASS,T,2,5,,,,
1997,CASS,T,3,1,,,,
1997,CASS,T,3,2,,,,
1997,CASS,T,3,3,,,,
1997,CASS,T,3,4,,,,
1997,CASS,T,3,5,,,,
1997,CASS,T,4,1,,,,
1997,CASS,T,4,2,,,,
1997,CASS,T,4,3,,,,
1997,CASS,T,4,4,,,,
1997,CASS,T,4,5,,,,
1997,CASS,T,5,1,,,,
1997,CASS,T,5,2,,,,
1997,CASS,T,5,3,,,,
1997,CASS,T,5,4,,,,
1997,CASS,T,5,5,,,,
1997,CASS,T,6,1,182,190,,
1997,CASS,T,6,2,,,,
1997,CASS,T,6,3,,,,
1997,CASS,T,6,4,,,,
1997,CASS,T,6,5,,,,
1997,CASS,T,7,1,178,187,,
1997,CASS,T,7,2,,,,
1997,CASS,T,7,3,,,,
1997,CASS,T,7,4,,,,
1997,CASS,T,7,5,,,,
1997,CASS,T,8,1,,,,
1997,CASS,T,8,2,,,,
1997,CASS,T,8,3,,,,
1997,CASS,T,8,4,,,,
1997,CASS,T,8,5,,,,
1997,CASS,T,9,1,,,,
1997,CASS,T,9,2,,,,
1997,CASS,T,9,3,,,,
1997,CASS,T,9,4,,,,
1997,CASS,T,9,5,182,,,
1997,CASS,T,10,1,,,,
1997,CASS,T,10,2,,,,
1997,CASS,T,10,3,,,,
1997,CASS,T,10,4,,,,
1997,CASS,T,10,5,,,,
1997,CASS,T,11,1,,,,
1997,CASS,T,11,2,,,,
1997,CASS,T,11,3,,,,
1997,CASS,T,11,4,,,,
1997,CASS,T,11,5,,,,
1997,CASS,T,12,1,,,,
1997,CASS,T,12,2,,,,
1997,CASS,T,12,3,,,,
1997,CASS,T,12,4,170,178,182,190
1997,CASS,T,12,5,,,,
1997,CASS,T,13,1,,,,
1997,CASS,T,13,2,,,,
1997,CASS,T,13,3,196,,,
1997,CASS,T,13,4,,,,
1997,CASS,T,13,5,,,,
1997,CASS,T,14,1,,,,
1997,CASS,T,14,2,,,,
1997,CASS,T,14,3,,,,
1997,CASS,T,14,4,,,,
1997,CASS,T,14,5,,,,
1997,CASS,T,15,1,,,,
1997,CASS,T,15,2,196,,,
1997,CASS,T,15,3,,,,
1997,CASS,T,15,4,174,187,196,196
1997,CASS,T,15,5,,,,
1997,CASS,T,16,1,,,,
1997,CASS,T,16,2,196,,,
1997,CASS,T,16,3,,,,
1997,CASS,T,16,4,,,,
1997,CASS,T,16,5,,,,
1997,CASS,T,17,1,,,,
1997,CASS,T,17,2,,,,
1997,CASS,T,17,3,,,,
1997,CASS,T,17,4,,,,
1997,CASS,T,17,5,,,,
1997,CASS,T,18,1,,,,
1997,CASS,T,18,2,,,,
1997,CASS,T,18,3,,,,
1997,CASS,T,18,4,,,,
1997,CASS,T,18,5,187,196,,
1997,DRY,C,1,1,,,,
1997,DRY,C,1,2,,,,
1997,DRY,C,1,3,,,,
1997,DRY,C,1,4,,,,
1997,DRY,C,1,5,,,,
1997,DRY,C,2,1,,,,
1997,DRY,C,2,2,,,,
1997,DRY,C,2,3,,,,
1997,DRY,C,2,4,,,,
1997,DRY,C,2,5,,,,
1997,DRY,C,3,1,,,,
1997,DRY,C,3,2,,,,
1997,DRY,C,3,3,,,,
1997,DRY,C,3,4,,,,
1997,DRY,C,3,5,,,,
1997,DRY,C,4,1,,,,
1997,DRY,C,4,2,,,,
1997,DRY,C,4,3,,,,
1997,DRY,C,4,4,,,,
1997,DRY,C,4,5,,,,
1997,DRY,C,5,1,,,,
1997,DRY,C,5,2,,,,
1997,DRY,C,5,3,,,,
1997,DRY,C,5,4,,,,
1997,DRY,C,5,5,,,,
1997,DRY,C,6,1,,,,
1997,DRY,C,6,2,,,,
1997,DRY,C,6,3,,,,
1997,DRY,C,6,4,,,,
1997,DRY,C,6,5,,,,
1997,DRY,C,7,1,,,,
1997,DRY,C,7,2,,,,
1997,DRY,C,7,3,,,,
1997,DRY,C,7,4,,,,
1997,DRY,C,7,5,,,,
1997,DRY,C,8,1,,,,
1997,DRY,C,8,2,,,,
1997,DRY,C,8,3,,,,
1997,DRY,C,8,4,,,,
1997,DRY,C,8,5,,,,
1997,DRY,C,9,1,,,,
1997,DRY,C,9,2,,,,
1997,DRY,C,9,3,,,,
1997,DRY,C,9,4,,187,,
1997,DRY,C,9,5,,,,
1997,DRY,C,10,1,,,,
1997,DRY,C,10,2,,,,
1997,DRY,C,10,3,,,,
1997,DRY,C,10,4,,,,
1997,DRY,C,10,5,,,,
1997,DRY,T,1,1,170,174,182,182
1997,DRY,T,1,2,,,,
1997,DRY,T,1,3,,182,187,187
1997,DRY,T,1,4,,,,
1997,DRY,T,1,5,,,,
1997,DRY,T,2,1,,,,
1997,DRY,T,2,2,,,,
1997,DRY,T,2,3,,,,
1997,DRY,T,2,4,,,,
1997,DRY,T,2,5,,,,
1997,DRY,T,3,1,,,,
1997,DRY,T,3,2,,,,
1997,DRY,T,3,3,,,,
1997,DRY,T,3,4,,,,
1997,DRY,T,3,5,,,,
1997,DRY,T,4,1,,,,
1997,DRY,T,4,2,,,,
1997,DRY,T,4,3,,,,
1997,DRY,T,4,4,,,,
1997,DRY,T,4,5,,,,
1997,DRY,T,5,1,,,,
1997,DRY,T,5,2,,,,
1997,DRY,T,5,3,,,,
1997,DRY,T,5,4,187,196,,
1997,DRY,T,5,5,,,,
1997,DRY,T,6,1,,,,
1997,DRY,T,6,2,,,,
1997,DRY,T,6,3,,,,
1997,DRY,T,6,4,,,,
1997,DRY,T,6,5,,,,
1997,DRY,T,7,1,,,,
1997,DRY,T,7,2,,,,
1997,DRY,T,7,3,,,,
1997,DRY,T,7,4,,,,
1997,DRY,T,7,5,,,,
1997,DRY,T,8,1,,,,
1997,DRY,T,8,2,,,,
1997,DRY,T,8,3,,,,
1997,DRY,T,8,4,,,,
1997,DRY,T,8,5,,,,
1997,DRY,T,9,1,,,,
1997,DRY,T,9,2,,,,
1997,DRY,T,9,3,178,187,196,
1997,DRY,T,9,4,,,,
1997,DRY,T,9,5,,,,
1997,DRY,T,10,1,,,,
1997,DRY,T,10,2,170,174,187,187
1997,DRY,T,10,3,178,187,,
1997,DRY,T,10,4,182,190,,
1997,DRY,T,10,5,,,,
1997,SB,C,1,210,,,,
1997,SB,C,1,211,,,,
1997,SB,C,1,212,,,,
1997,SB,C,1,213,,,,
1997,SB,C,1,214,,,,
1997,SB,C,1,306,,,,
1997,SB,C,1,307,,,,
1997,SB,C,1,308,,,,
1997,SB,C,1,309,,,,
1997,SB,C,1,310,,,,
1997,SB,C,2,231,,,,
1997,SB,C,2,232,,,,
1997,SB,C,2,234,,,,
1997,SB,C,2,235,,,,
1997,SB,C,2,236,,,,
1997,SB,C,2,239,,,,
1997,SB,C,2,315,,,,
1997,SB,C,2,316,,,,
1997,SB,C,2,317,,,,
1997,SB,C,2,318,,,,
1997,SB,C,3,247,,,,
1997,SB,C,3,248,,,,
1997,SB,C,3,250,,,,
1997,SB,C,3,251,,,,
1997,SB,C,3,252,,,,
1997,SB,C,3,253,,,,
1997,SB,C,3,254,,,,
1997,SB,C,3,255,,,,
1997,SB,C,3,256,,,,
1997,SB,C,3,258,,,,
1996,CASS,C,1,1,193,202,223,223
1996,CASS,C,1,2,,,,
1996,CASS,C,1,3,,,,
1996,CASS,C,1,4,,,,
1996,CASS,C,1,5,188,202,217,
1996,CASS,C,2,1,,,,
1996,CASS,C,2,2,188,202,217,0
1996,CASS,C,2,3,,,,
1996,CASS,C,2,4,,,,
1996,CASS,C,2,5,,,,
1996,CASS,C,3,1,180,202,,211
1996,CASS,C,3,2,,,,
1996,CASS,C,3,3,,,,
1996,CASS,C,3,4,,,,
1996,CASS,C,3,5,185,202,211,217
1996,CASS,C,4,1,,,,
1996,CASS,C,4,2,180,193,,211
1996,CASS,C,4,3,,,,
1996,CASS,C,4,4,,,,
1996,CASS,C,4,5,,,,
1996,CASS,C,5,1,,,,
1996,CASS,C,5,2,,,,
1996,CASS,C,5,3,,,,
1996,CASS,C,5,4,,,,
1996,CASS,C,5,5,185,202,211,217
1996,CASS,C,6,1,185,196,,202
1996,CASS,C,6,2,,,,
1996,CASS,C,6,3,,,,
1996,CASS,C,6,4,,,,
1996,CASS,C,6,5,,,,
1996,CASS,C,7,1,,,,
1996,CASS,C,7,2,,,,
1996,CASS,C,7,3,193,0,0,0
1996,CASS,C,7,4,185,202,211,217
1996,CASS,C,7,5,185,196,211,
1996,CASS,C,8,1,,,,
1996,CASS,C,8,2,,,,
1996,CASS,C,8,3,,,,
1996,CASS,C,8,4,,,,
1996,CASS,C,8,5,185,202,,211
1996,CASS,C,9,1,,,,
1996,CASS,C,9,2,,,,
1996,CASS,C,9,3,,,,
1996,CASS,C,9,4,,,,
1996,CASS,C,9,5,,,,
1996,CASS,C,10,1,,,,
1996,CASS,C,10,2,,,,
1996,CASS,C,10,3,,,,202
1996,CASS,C,10,4,,,,
1996,CASS,C,10,5,,,,
1996,CASS,C,11,1,193,0,0,0
1996,CASS,C,11,2,,,,
1996,CASS,C,11,3,,,,
1996,CASS,C,11,4,,,,
1996,CASS,C,11,5,188,196,,211
1996,CASS,C,12,1,193,202,217,217
1996,CASS,C,12,2,,,,
1996,CASS,C,12,3,,,,
1996,CASS,C,12,4,,,,
1996,CASS,C,12,5,,,,
1996,CASS,C,13,1,,,,
1996,CASS,C,13,2,,,,
1996,CASS,C,13,3,180,202,217,217
1996,CASS,C,13,4,,,,
1996,CASS,C,13,5,,,,
1996,CASS,C,14,1,,,,
1996,CASS,C,14,2,,,,
1996,CASS,C,14,3,,,,
1996,CASS,C,14,4,,,,
1996,CASS,C,14,5,,,,
1996,CASS,C,15,1,,,,
1996,CASS,C,15,2,,,,
1996,CASS,C,15,3,,,,
1996,CASS,C,15,4,185,196,211,211
1996,CASS,C,15,5,,,,
1996,CASS,C,16,1,,,,
1996,CASS,C,16,2,,,,
1996,CASS,C,16,3,,,,
1996,CASS,C,16,4,,,,
1996,CASS,C,16,5,180,196,,211
1996,CASS,C,17,1,,,,
1996,CASS,C,17,2,177,188,,202
1996,CASS,C,17,3,,,,
1996,CASS,C,17,4,177,188,202,211
1996,CASS,C,17,5,177,193,,211
1996,CASS,C,18,1,185,211,,224
1996,CASS,C,18,2,185,202,217,
1996,CASS,C,18,3,,,,
1996,CASS,C,18,4,185,202,211,211
1996,CASS,C,18,5,185,202,,217
1996,CASS,T,1,1,,,,
1996,CASS,T,1,2,,,,
1996,CASS,T,1,3,185,202,,217
1996,CASS,T,1,4,,,,
1996,CASS,T,1,5,,,,
1996,CASS,T,2,1,180,196,,223
1996,CASS,T,2,2,185,202,,217
1996,CASS,T,2,3,185,196,,202
1996,CASS,T,2,4,185,196,,211
1996,CASS,T,2,5,185,202,,211
1996,CASS,T,3,1,,,,
1996,CASS,T,3,2,,,,
1996,CASS,T,3,3,,,,
1996,CASS,T,3,4,180,196,211,217
1996,CASS,T,3,5,,,,
1996,CASS,T,4,1,,,,
1996,CASS,T,4,2,,,,
1996,CASS,T,4,3,,,,
1996,CASS,T,4,4,,,,
1996,CASS,T,4,5,180,193,211,217
1996,CASS,T,5,1,,,,
1996,CASS,T,5,2,,,,
1996,CASS,T,5,3,180,193,,202
1996,CASS,T,5,4,,,,
1996,CASS,T,5,5,,,,
1996,CASS,T,6,1,,,,
1996,CASS,T,6,2,,,,
1996,CASS,T,6,3,,,,
1996,CASS,T,6,4,,,,
1996,CASS,T,6,5,,,,
1996,CASS,T,7,1,,,,
1996,CASS,T,7,2,,,,
1996,CASS,T,7,3,,,,
1996,CASS,T,7,4,180,193,,211
1996,CASS,T,7,5,,,,
1996,CASS,T,8,1,180,193,,211
1996,CASS,T,8,2,,,,
1996,CASS,T,8,3,,,,
1996,CASS,T,8,4,,,,
1996,CASS,T,8,5,180,193,,211
1996,CASS,T,9,1,,,,
1996,CASS,T,9,2,,,,
1996,CASS,T,9,3,,,,
1996,CASS,T,9,4,188,0,0,0
1996,CASS,T,9,5,185,0,0,0
1996,CASS,T,10,1,,,,
1996,CASS,T,10,2,,,,
1996,CASS,T,10,3,177,188,,202
1996,CASS,T,10,4,177,193,,202
1996,CASS,T,10,5,,,,
1996,CASS,T,11,1,,,,
1996,CASS,T,11,2,,,,
1996,CASS,T,11,3,,,,
1996,CASS,T,11,4,,,,
1996,CASS,T,11,5,,,,
1996,CASS,T,12,1,,,,
1996,CASS,T,12,2,,,,
1996,CASS,T,12,3,,,,
1996,CASS,T,12,4,,,,
1996,CASS,T,12,5,,,,
1996,CASS,T,13,1,185,196,211,217
1996,CASS,T,13,2,,,,
1996,CASS,T,13,3,,,,
1996,CASS,T,13,4,180,196,217,217
1996,CASS,T,13,5,,,,
1996,CASS,T,14,1,177,196,,202
1996,CASS,T,14,2,,,,
1996,CASS,T,14,3,,,,
1996,CASS,T,14,4,,,,
1996,CASS,T,14,5,177,193,,211
1996,CASS,T,15,1,,,,
1996,CASS,T,15,2,185,193,,211
1996,CASS,T,15,3,,,,
1996,CASS,T,15,4,188,193,,211
1996,CASS,T,15,5,185,196,,211
1996,CASS,T,16,1,,,,
1996,CASS,T,16,2,,,,
1996,CASS,T,16,3,,,,
1996,CASS,T,16,4,,,,
1996,CASS,T,16,5,180,193,,217
1996,CASS,T,17,1,177,188,,202
1996,CASS,T,17,2,,,,
1996,CASS,T,17,3,,,,
1996,CASS,T,17,4,180,188,,202
1996,CASS,T,17,5,,,,
1996,CASS,T,18,1,185,202,,211
1996,CASS,T,18,2,,,,
1996,CASS,T,18,3,185,196,,211
1996,CASS,T,18,4,,,,
1996,CASS,T,18,5,185,196,,211
1996,DRY,C,1,1,183,196,,211
1996,DRY,C,1,2,,,,
1996,DRY,C,1,3,,,,
1996,DRY,C,1,4,,,,
1996,DRY,C,1,5,,,,
1996,DRY,C,2,1,183,196,,212
1996,DRY,C,2,2,183,196,,
1996,DRY,C,2,3,179,196,212,218
1996,DRY,C,2,4,183,191,,212
1996,DRY,C,2,5,,,,
1996,DRY,C,3,1,,,,
1996,DRY,C,3,2,179,202,,212
1996,DRY,C,3,3,,,,
1996,DRY,C,3,4,179,196,212,212
1996,DRY,C,3,5,,,,
1996,DRY,C,4,1,179,196,212,212
1996,DRY,C,4,2,,,,
1996,DRY,C,4,3,179,202,212,222
1996,DRY,C,4,4,187,0,0,0
1996,DRY,C,4,5,179,196,212,212
1996,DRY,C,5,1,,,,
1996,DRY,C,5,2,,,,
1996,DRY,C,5,3,,,,
1996,DRY,C,5,4,,,,
1996,DRY,C,5,5,,,,
1996,DRY,C,6,1,196,212,,
1996,DRY,C,6,2,,,,
1996,DRY,C,6,3,179,196,,212
1996,DRY,C,6,4,,,,
1996,DRY,C,6,5,179,196,,212
1996,DRY,C,7,1,183,196,,218
1996,DRY,C,7,2,,,,
1996,DRY,C,7,3,,,,
1996,DRY,C,7,4,183,202,218,223
1996,DRY,C,7,5,,,,
1996,DRY,C,8,1,179,196,,212
1996,DRY,C,8,2,,,,
1996,DRY,C,8,3,179,196,,212
1996,DRY,C,8,4,,,,
1996,DRY,C,8,5,,,,
1996,DRY,C,9,1,,,,
1996,DRY,C,9,2,,,,
1996,DRY,C,9,3,,,,
1996,DRY,C,9,4,,,,
1996,DRY,C,9,5,,,,
1996,DRY,C,10,1,179,196,,212
1996,DRY,C,10,2,,,,
1996,DRY,C,10,3,,,,
1996,DRY,C,10,4,,,,
1996,DRY,C,10,5,,,,
1996,DRY,C,11,1,,,,
1996,DRY,C,11,2,184,0,0,0
1996,DRY,C,11,3,184,0,0,0
1996,DRY,C,11,4,,,,
1996,DRY,C,11,5,,,,
1996,DRY,C,12,1,191,0,0,0
1996,DRY,C,12,2,179,0,0,0
1996,DRY,C,12,3,,,,
1996,DRY,C,12,4,,,,
1996,DRY,C,12,5,179,0,0,0
1996,DRY,C,13,1,,,,
1996,DRY,C,13,2,184,0,0,0
1996,DRY,C,13,3,,,,
1996,DRY,C,13,4,,,,
1996,DRY,C,13,5,,,,
1996,DRY,C,14,1,184,0,0,0
1996,DRY,C,14,2,,,,
1996,DRY,C,14,3,,,,
1996,DRY,C,14,4,,,,
1996,DRY,C,14,5,,,,
1996,DRY,T,1,1,179,191,,196
1996,DRY,T,1,2,,,,
1996,DRY,T,1,3,179,191,,196
1996,DRY,T,1,4,179,196,,211
1996,DRY,T,1,5,,,,
1996,DRY,T,2,1,179,196,212,212
1996,DRY,T,2,2,,,,
1996,DRY,T,2,3,,,,
1996,DRY,T,2,4,179,196,,212
1996,DRY,T,2,5,,,,
1996,DRY,T,3,1,,,,
1996,DRY,T,3,2,,,,
1996,DRY,T,3,3,,,,
1996,DRY,T,3,4,,,,
1996,DRY,T,3,5,,,,
1996,DRY,T,4,1,,,,
1996,DRY,T,4,2,,,,
1996,DRY,T,4,3,,,,
1996,DRY,T,4,4,,,,
1996,DRY,T,4,5,,,,
1996,DRY,T,5,1,,,,
1996,DRY,T,5,2,,,,
1996,DRY,T,5,3,,,,
1996,DRY,T,5,4,,,,
1996,DRY,T,5,5,,,,
1996,DRY,T,6,1,179,196,212,212
1996,DRY,T,6,2,179,196,,202
1996,DRY,T,6,3,179,196,212,212
1996,DRY,T,6,4,179,191,212,218
1996,DRY,T,6,5,179,196,,202
1996,DRY,T,7,1,,,,
1996,DRY,T,7,2,,,,
1996,DRY,T,7,3,179,196,,202
1996,DRY,T,7,4,,,,
1996,DRY,T,7,5,,,,
1996,DRY,T,8,1,179,196,,212
1996,DRY,T,8,2,183,196,,212
1996,DRY,T,8,3,,,,
1996,DRY,T,8,4,,,,
1996,DRY,T,8,5,,,,
1996,DRY,T,9,1,,,,
1996,DRY,T,9,2,,,,
1996,DRY,T,9,3,179,191,,202
1996,DRY,T,9,4,,,,
1996,DRY,T,9,5,179,191,,202
1996,DRY,T,10,1,,,,
1996,DRY,T,10,2,,,,
1996,DRY,T,10,3,179,196,,212
1996,DRY,T,10,4,,,,
1996,DRY,T,10,5,,,,
1996,DRY,T,11,1,179,191,,
1996,DRY,T,11,2,179,0,0,0
1996,DRY,T,11,3,,,,
1996,DRY,T,11,4,,,,
1996,DRY,T,11,5,,,,
1996,DRY,T,12,1,,,,
1996,DRY,T,12,2,,,,
1996,DRY,T,12,3,,,,
1996,DRY,T,12,4,,,,
1996,DRY,T,12,5,,,,
1996,DRY,T,13,1,,,,
1996,DRY,T,13,2,179,0,0,0
1996,DRY,T,13,3,191,0,0,0
1996,DRY,T,13,4,179,0,0,0
1996,DRY,T,13,5,179,0,0,0
1996,DRY,T,14,1,,,,
1996,DRY,T,14,2,,,,
1996,DRY,T,14,3,,,,
1996,DRY,T,14,4,,,,
1996,DRY,T,14,5,179,191,,0
1996,SB,C,1,210,202,0,0,0
1996,SB,C,1,211,,,,
1996,SB,C,1,212,202,0,0,0
1996,SB,C,1,213,,,,
1996,SB,C,1,214,,,,
1996,SB,C,1,306,202,0,0,0
1996,SB,C,1,307,202,0,0,0
1996,SB,C,1,308,,,,
1996,SB,C,1,309,202,0,0,0
1996,SB,C,1,310,,,,
1996,SB,C,2,231,212,0,0,0
1996,SB,C,2,233,207,0,0,0
1996,SB,C,2,234,202,0,0,0
1996,SB,C,2,235,,,,
1996,SB,C,2,236,,,,
1996,SB,C,2,239,202,0,0,0
1996,SB,C,2,315,202,0,0,0
1996,SB,C,2,316,202,0,0,0
1996,SB,C,2,317,,,,
1996,SB,C,2,318,,,,
1996,SB,C,3,247,,,,
1996,SB,C,3,248,202,0,0,0
1996,SB,C,3,250,,,,
1996,SB,C,3,251,,,,
1996,SB,C,3,252,202,0,0,0
1996,SB,C,3,253,202,0,0,0
1996,SB,C,3,254,,,,
1996,SB,C,3,255,202,0,0,0
1996,SB,C,3,256,202,0,0,0
1996,SB,C,3,258,,,,
1995,CASS,C,1,1,181,194,,219
1995,CASS,C,1,2,,,,
1995,CASS,C,1,3,168,200,,213
1995,CASS,C,1,4,,,,
1995,CASS,C,1,5,,,,
1995,CASS,C,2,1,,,,
1995,CASS,C,2,2,178,200,,219
1995,CASS,C,2,3,,,,
1995,CASS,C,2,4,178,194,,213
1995,CASS,C,2,5,,,,
1995,CASS,C,3,1,,,,
1995,CASS,C,3,2,,,,
1995,CASS,C,3,3,,,,
1995,CASS,C,3,4,,,,
1995,CASS,C,3,5,,,,
1995,CASS,C,4,1,,,,
1995,CASS,C,4,2,,,,
1995,CASS,C,4,3,,,,
1995,CASS,C,4,4,,,,
1995,CASS,C,4,5,,,,
1995,CASS,C,5,1,,,,
1995,CASS,C,5,2,,,,
1995,CASS,C,5,3,168,190,,200
1995,CASS,C,5,4,,,,
1995,CASS,C,5,5,,,,
1995,CASS,C,6,1,,,,
1995,CASS,C,6,2,,,,
1995,CASS,C,6,3,,,,
1995,CASS,C,6,4,,,,
1995,CASS,C,6,5,,,,
1995,CASS,C,7,1,,,,
1995,CASS,C,7,2,,,,
1995,CASS,C,7,3,173,194,,206
1995,CASS,C,7,4,168,194,,194
1995,CASS,C,7,5,,,,
1995,CASS,C,8,1,,,,
1995,CASS,C,8,2,,,,
1995,CASS,C,8,3,,,,
1995,CASS,C,8,4,,,,
1995,CASS,C,8,5,,,,
1995,CASS,C,9,1,,,,
1995,CASS,C,9,2,,,,
1995,CASS,C,9,3,,,,
1995,CASS,C,9,4,,,,
1995,CASS,C,9,5,,,,
1995,CASS,C,10,1,,,,
1995,CASS,C,10,2,,,,
1995,CASS,C,10,3,,,,
1995,CASS,C,10,4,,,,
1995,CASS,C,10,5,,,,
1995,CASS,C,11,1,,,,
1995,CASS,C,11,2,,,,
1995,CASS,C,11,3,,,,
1995,CASS,C,11,4,,,,
1995,CASS,C,11,5,,,,
1995,CASS,C,12,1,,,,
1995,CASS,C,12,2,,,,
1995,CASS,C,12,3,,,,
1995,CASS,C,12,4,173,194,,206
1995,CASS,C,12,5,,,,
1995,CASS,C,13,1,168,190,,200
1995,CASS,C,13,2,,,,
1995,CASS,C,13,3,,,,
1995,CASS,C,13,4,,,,
1995,CASS,C,13,5,,,,
1995,CASS,C,14,1,,,,
1995,CASS,C,14,2,,,,
1995,CASS,C,14,3,,,,
1995,CASS,C,14,4,,,,
1995,CASS,C,14,5,,,,
1995,CASS,C,15,1,,,,
1995,CASS,C,15,2,173,187,,200
1995,CASS,C,15,3,,,,
1995,CASS,C,15,4,,,,
1995,CASS,C,15,5,,,,
1995,CASS,C,16,1,173,0,,0
1995,CASS,C,16,2,168,190,,200
1995,CASS,C,16,3,,,,
1995,CASS,C,16,4,173,184,,200
1995,CASS,C,16,5,168,190,,200
1995,CASS,C,17,1,,,,
1995,CASS,C,17,2,,,,
1995,CASS,C,17,3,,,,
1995,CASS,C,17,4,,,,
1995,CASS,C,17,5,164,,,0
1995,CASS,C,18,1,,,,
1995,CASS,C,18,2,,,,
1995,CASS,C,18,3,,,,
1995,CASS,C,18,4,,,,
1995,CASS,C,18,5,173,194,,206
1995,CASS,T,1,1,168,184,,200
1995,CASS,T,1,2,168,181,,194
1995,CASS,T,1,3,,,,
1995,CASS,T,1,4,,,,
1995,CASS,T,1,5,,,,
1995,CASS,T,2,1,174,190,,219
1995,CASS,T,2,2,,,,
1995,CASS,T,2,3,,,,
1995,CASS,T,2,4,168,190,,200
1995,CASS,T,2,5,,,,
1995,CASS,T,3,1,,,,
1995,CASS,T,3,2,,,,
1995,CASS,T,3,3,,,,
1995,CASS,T,3,4,,,,
1995,CASS,T,3,5,178,184,,200
1995,CASS,T,4,1,,,,
1995,CASS,T,4,2,,,,
1995,CASS,T,4,3,,,,
1995,CASS,T,4,4,,,,
1995,CASS,T,4,5,,,,
1995,CASS,T,5,1,,,,
1995,CASS,T,5,2,168,190,,200
1995,CASS,T,5,3,168,178,,194
1995,CASS,T,5,4,173,181,,200
1995,CASS,T,5,5,168,190,,206
1995,CASS,T,6,1,,,,
1995,CASS,T,6,2,,,,
1995,CASS,T,6,3,,,,
1995,CASS,T,6,4,,,,
1995,CASS,T,6,5,,,,
1995,CASS,T,7,1,,,,
1995,CASS,T,7,2,,,,
1995,CASS,T,7,3,,,,
1995,CASS,T,7,4,,,,
1995,CASS,T,7,5,,,,
1995,CASS,T,8,1,173,181,,194
1995,CASS,T,8,2,,,,
1995,CASS,T,8,3,,,,
1995,CASS,T,8,4,,,,
1995,CASS,T,8,5,173,178,,194
1995,CASS,T,9,1,173,194,,206
1995,CASS,T,9,2,,,,
1995,CASS,T,9,3,173,181,,200
1995,CASS,T,9,4,168,181,,
1995,CASS,T,9,5,,,,
1995,CASS,T,10,1,,,,
1995,CASS,T,10,2,,,,
1995,CASS,T,10,3,168,178,,190
1995,CASS,T,10,4,,,,
1995,CASS,T,10,5,,,,
1995,CASS,T,11,1,,,,
1995,CASS,T,11,2,,,,
1995,CASS,T,11,3,,,,
1995,CASS,T,11,4,,,,
1995,CASS,T,11,5,173,194,,200
1995,CASS,T,12,1,,,,
1995,CASS,T,12,2,,,,
1995,CASS,T,12,3,,,,
1995,CASS,T,12,4,,,,
1995,CASS,T,12,5,,,,
1995,CASS,T,13,1,168,184,,206
1995,CASS,T,13,2,,,,
1995,CASS,T,13,3,,,,
1995,CASS,T,13,4,,,,
1995,CASS,T,13,5,,,,
1995,CASS,T,14,1,,,,
1995,CASS,T,14,2,,,,
1995,CASS,T,14,3,,,,
1995,CASS,T,14,4,,,,
1995,CASS,T,14,5,,,,
1995,CASS,T,15,1,,,,
1995,CASS,T,15,2,173,187,,200
1995,CASS,T,15,3,,,,
1995,CASS,T,15,4,,,,
1995,CASS,T,15,5,,,,
1995,CASS,T,16,1,,,,
1995,CASS,T,16,2,173,184,,200
1995,CASS,T,16,3,,,,
1995,CASS,T,16,4,,,,
1995,CASS,T,16,5,164,178,,194
1995,CASS,T,17,1,,,,
1995,CASS,T,17,2,164,0,,0
1995,CASS,T,17,3,,,,
1995,CASS,T,17,4,,,,
1995,CASS,T,17,5,168,178,,194
1995,CASS,T,18,1,,,,
1995,CASS,T,18,2,,,,
1995,CASS,T,18,3,,,,
1995,CASS,T,18,4,,,,
1995,CASS,T,18,5,168,184,,200
1995,DRY,C,1,1,170,0,,0
1995,DRY,C,1,2,,,,
1995,DRY,C,1,3,,,,
1995,DRY,C,1,4,,,,
1995,DRY,C,1,5,,,,
1995,DRY,C,2,1,,,,
1995,DRY,C,2,2,,,,
1995,DRY,C,2,3,,,,
1995,DRY,C,2,4,,,,
1995,DRY,C,2,5,,,,
1995,DRY,C,3,1,173,194,,206
1995,DRY,C,3,2,,,,
1995,DRY,C,3,3,170,194,,206
1995,DRY,C,3,4,,,,
1995,DRY,C,3,5,,,,
1995,DRY,C,4,1,,,,
1995,DRY,C,4,2,170,0,,0
1995,DRY,C,4,3,,,,
1995,DRY,C,4,4,,,,
1995,DRY,C,4,5,,,,
1995,DRY,C,5,1,,,,
1995,DRY,C,5,2,,,,
1995,DRY,C,5,3,,,,
1995,DRY,C,5,4,,,,
1995,DRY,C,5,5,,,,
1995,DRY,C,6,1,,,,
1995,DRY,C,6,2,,,,
1995,DRY,C,6,3,,,,
1995,DRY,C,6,4,,,,
1995,DRY,C,6,5,,,,
1995,DRY,C,7,1,,,,
1995,DRY,C,7,2,,,,
1995,DRY,C,7,3,,,,
1995,DRY,C,7,4,,,,
1995,DRY,C,7,5,,,,
1995,DRY,C,8,1,165,190,,200
1995,DRY,C,8,2,,,,
1995,DRY,C,8,3,,,,
1995,DRY,C,8,4,,,,
1995,DRY,C,8,5,,,,
1995,DRY,C,9,1,178,194,,200
1995,DRY,C,9,2,170,194,,206
1995,DRY,C,9,3,178,194,,200
1995,DRY,C,9,4,,,,
1995,DRY,C,9,5,,,,
1995,DRY,C,10,1,,,,
1995,DRY,C,10,2,,,,
1995,DRY,C,10,3,,,,
1995,DRY,C,10,4,,,,
1995,DRY,C,10,5,,,,
1995,DRY,C,11,1,,,,
1995,DRY,C,11,2,173,194,,200
1995,DRY,C,11,3,,,,
1995,DRY,C,11,4,,,,
1995,DRY,C,11,5,,,,
1995,DRY,C,12,1,,,,
1995,DRY,C,12,2,,,,
1995,DRY,C,12,3,,,,
1995,DRY,C,12,4,,,,
1995,DRY,C,12,5,,,,
1995,DRY,C,13,1,,,,
1995,DRY,C,13,2,,,,
1995,DRY,C,13,3,,,,
1995,DRY,C,13,4,,,,
1995,DRY,C,13,5,,,,
1995,DRY,C,14,1,173,181,,194
1995,DRY,C,14,2,,,,
1995,DRY,C,14,3,170,200,,213
1995,DRY,C,14,4,,,,
1995,DRY,C,14,5,,,,
1995,DRY,T,1,1,,,,
1995,DRY,T,1,2,,,,
1995,DRY,T,1,3,,,,
1995,DRY,T,1,4,,,,
1995,DRY,T,1,5,165,181,,206
1995,DRY,T,2,1,,,,
1995,DRY,T,2,2,,,,
1995,DRY,T,2,3,,,,
1995,DRY,T,2,4,,,,
1995,DRY,T,2,5,,,,
1995,DRY,T,3,1,165,181,,206
1995,DRY,T,3,2,,,,
1995,DRY,T,3,3,,,,
1995,DRY,T,3,4,,,,
1995,DRY,T,3,5,,,,
1995,DRY,T,4,1,,,,
1995,DRY,T,4,2,,,,
1995,DRY,T,4,3,,,,
1995,DRY,T,4,4,,,,
1995,DRY,T,4,5,,,,
1995,DRY,T,5,1,,,,
1995,DRY,T,5,2,,,,
1995,DRY,T,5,3,,,,
1995,DRY,T,5,4,,,,
1995,DRY,T,5,5,,,,
1995,DRY,T,6,1,,,,
1995,DRY,T,6,2,170,184,,194
1995,DRY,T,6,3,165,184,,0
1995,DRY,T,6,4,,,,
1995,DRY,T,6,5,,,,
1995,DRY,T,7,1,,,,
1995,DRY,T,7,2,170,184,,194
1995,DRY,T,7,3,,,,
1995,DRY,T,7,4,,,,
1995,DRY,T,7,5,,,,
1995,DRY,T,8,1,,,,
1995,DRY,T,8,2,170,184,,0
1995,DRY,T,8,3,,,,
1995,DRY,T,8,4,,,,
1995,DRY,T,8,5,,,,
1995,DRY,T,9,1,,,,
1995,DRY,T,9,2,165,178,,194
1995,DRY,T,9,3,165,178,,200
1995,DRY,T,9,4,,,,
1995,DRY,T,9,5,,,,
1995,DRY,T,10,1,,,,
1995,DRY,T,10,2,,,,
1995,DRY,T,10,3,181,187,,200
1995,DRY,T,10,4,,,,
1995,DRY,T,10,5,,,,
1995,DRY,T,11,1,,,,
1995,DRY,T,11,2,,,,
1995,DRY,T,11,3,,,,
1995,DRY,T,11,4,,,,
1995,DRY,T,11,5,,,,
1995,DRY,T,12,1,,,,
1995,DRY,T,12,2,,,,
1995,DRY,T,12,3,165,178,,194
1995,DRY,T,12,4,,,,
1995,DRY,T,12,5,,,,
1995,DRY,T,13,1,,,,
1995,DRY,T,13,2,,,,
1995,DRY,T,13,3,,,,
1995,DRY,T,13,4,,,,
1995,DRY,T,14,1,170,184,,194
1995,DRY,T,14,2,,,,
1995,DRY,T,14,3,,,,
1995,DRY,T,14,4,,,,
1995,DRY,T,14,5,170,187,,206
1995,SB,C,1,210,,,,
1995,SB,C,1,211,,,,
1995,SB,C,1,212,,,,
1995,SB,C,1,213,,,,
1995,SB,C,1,214,,,,
1995,SB,C,2,231,,,,
1995,SB,C,2,233,173,194,,200
1995,SB,C,2,234,,,,
1995,SB,C,2,235,,,,
1995,SB,C,2,239,179,194,,200
1995,SB,C,3,247,,,,
1995,SB,C,3,248,,,,
1995,SB,C,3,250,,,,
1995,SB,C,3,252,,,,
1995,SB,C,3,258,,,,
1994,DRY,C,1,1,168,0,99999,0
1994,DRY,C,1,2,,,,
1994,DRY,C,1,3,,,,
1994,DRY,C,1,4,162,0,,0
1994,DRY,C,1,5,,,,
1994,DRY,C,2,1,168,208,,201
1994,DRY,C,2,2,,,,
1994,DRY,C,2,3,,,,
1994,DRY,C,2,4,,,,
1994,DRY,C,2,5,,,,205
1994,DRY,C,3,1,168,0,,0
1994,DRY,C,3,2,168,0,,0
1994,DRY,C,3,3,172,190,,202
1994,DRY,C,3,4,,,,
1994,DRY,C,3,5,,,,
1994,DRY,C,4,1,,,,
1994,DRY,C,4,2,168,208,,202
1994,DRY,C,4,3,,,,
1994,DRY,C,4,4,,,,
1994,DRY,C,4,5,,,,
1994,DRY,C,5,1,,,,
1994,DRY,C,5,2,168,190,,202
1994,DRY,C,5,3,162,202,,211
1994,DRY,C,5,4,,,,
1994,DRY,C,5,5,208,0,,0
1994,DRY,C,6,1,,,,
1994,DRY,C,6,2,,,,
1994,DRY,C,6,3,168,0,,0
1994,DRY,C,6,4,,,,
1994,DRY,C,6,5,168,0,,0
1994,DRY,C,7,1,208,0,,0
1994,DRY,C,7,2,168,208,,208
1994,DRY,C,7,3,,208,,208
1994,DRY,C,7,4,168,175,,205
1994,DRY,C,7,5,168,172,,0
1994,DRY,C,8,1,,,,
1994,DRY,C,8,2,,,,
1994,DRY,C,8,3,,,,
1994,DRY,C,8,4,,,,
1994,DRY,C,8,5,,,,
1994,DRY,C,9,1,,,,
1994,DRY,C,9,2,,,,
1994,DRY,C,9,3,,,,
1994,DRY,C,9,4,,,,
1994,DRY,C,9,5,,,,
1994,DRY,C,10,1,,,,
1994,DRY,C,10,2,,,,
1994,DRY,C,10,3,,,,
1994,DRY,C,10,4,,,,
1994,DRY,C,10,5,,181,,208
1994,DRY,C,11,1,,,,
1994,DRY,C,11,2,168,0,,0
1994,DRY,C,11,3,168,202,,202
1994,DRY,C,11,4,168,181,,202
1994,DRY,C,11,5,168,0,,0
1994,DRY,C,12,1,208,0,,0
1994,DRY,C,12,2,,,,
1994,DRY,C,12,3,,,,
1994,DRY,C,12,4,,,,
1994,DRY,C,12,5,,,,
1994,DRY,C,13,1,,,,
1994,DRY,C,13,2,,,,
1994,DRY,C,13,3,,,,
1994,DRY,C,13,4,,,,
1994,DRY,C,13,5,,,,
1994,DRY,C,14,1,,,,
1994,DRY,C,14,2,,,,
1994,DRY,C,14,3,,,,
1994,DRY,C,14,4,,,,
1994,DRY,C,14,5,,,,
1994,DRY,T,1,1,,,,
1994,DRY,T,1,2,,,,
1994,DRY,T,1,3,168,208,,202
1994,DRY,T,1,4,,,,
1994,DRY,T,1,5,,,,
1994,DRY,T,2,1,,,,
1994,DRY,T,2,2,,,,
1994,DRY,T,2,3,168,208,,202
1994,DRY,T,2,4,,,,
1994,DRY,T,2,5,168,172,,202
1994,DRY,T,3,1,168,0,,0
1994,DRY,T,3,2,,,,
1994,DRY,T,3,3,162,0,,0
1994,DRY,T,3,4,,,,
1994,DRY,T,3,5,181,190,,211
1994,DRY,T,4,1,162,0,,0
1994,DRY,T,4,2,,,,
1994,DRY,T,4,3,,,,
1994,DRY,T,4,4,,,,
1994,DRY,T,4,5,162,208,,211
1994,DRY,T,5,1,,,,
1994,DRY,T,5,2,,,,
1994,DRY,T,5,3,,,,
1994,DRY,T,5,4,,,,
1994,DRY,T,5,5,162,184,,0
1994,DRY,T,6,1,,,,
1994,DRY,T,6,2,,,,
1994,DRY,T,6,3,,,,
1994,DRY,T,6,4,,,,
1994,DRY,T,6,5,162,208,,211
1994,DRY,T,7,1,,,,
1994,DRY,T,7,2,,,,
1994,DRY,T,7,3,,,,
1994,DRY,T,7,4,168,181,,202
1994,DRY,T,7,5,,,,
1994,DRY,T,8,1,168,208,,202
1994,DRY,T,8,2,172,,,202
1994,DRY,T,8,3,,,,
1994,DRY,T,8,4,172,0,,0
1994,DRY,T,8,5,,,,
1994,DRY,T,9,1,,,,
1994,DRY,T,9,2,172,0,,0
1994,DRY,T,9,3,168,208,,205
1994,DRY,T,9,4,,202,,0
1994,DRY,T,9,5,190,0,,0
1994,DRY,T,10,1,,,,
1994,DRY,T,10,2,,,,
1994,DRY,T,10,3,175,175,,205
1994,DRY,T,10,4,,,,202
1994,DRY,T,10,5,,,,
1994,DRY,T,11,1,,,,
1994,DRY,T,11,2,,,,
1994,DRY,T,11,3,175,,,202
1994,DRY,T,11,4,,,,
1994,DRY,T,11,5,,,,
1994,DRY,T,12,1,162,175,,202
1994,DRY,T,12,2,,,,
1994,DRY,T,12,3,,,,
1994,DRY,T,12,4,,,,
1994,DRY,T,12,5,162,0,,0
1994,DRY,T,13,1,,,,
1994,DRY,T,13,2,,,,
1994,DRY,T,13,3,,,,
1994,DRY,T,13,4,,,,
1994,DRY,T,13,5,,,,
1994,DRY,T,14,1,,,,
1994,DRY,T,14,2,,,,
1994,DRY,T,14,3,,,,
1994,DRY,T,14,4,,,,
1994,DRY,T,14,5,,,,
1994,CASS,C,1,1,169,187,,202
1994,CASS,C,1,2,,,,
1994,CASS,C,1,3,169,0,,0
1994,CASS,C,1,4,,,,
1994,CASS,C,1,5,166,181,,193
1994,CASS,C,2,1,,,,
1994,CASS,C,2,2,169,184,,193
1994,CASS,C,2,3,169,193,,202
1994,CASS,C,2,4,,,,
1994,CASS,C,2,5,169,190,,196
1994,CASS,C,3,1,,,,
1994,CASS,C,3,2,,,,
1994,CASS,C,3,3,166,184,,
1994,CASS,C,3,4,166,0,,0
1994,CASS,C,3,5,175,190,,202
1994,CASS,C,4,1,,,,
1994,CASS,C,4,2,,,,
1994,CASS,C,4,3,166,187,,205
1994,CASS,C,4,4,,,,
1994,CASS,C,4,5,,,,
1994,CASS,C,5,1,,,,
1994,CASS,C,5,2,169,193,,208
1994,CASS,C,5,3,166,187,,199
1994,CASS,C,5,4,166,190,,202
1994,CASS,C,5,5,178,190,,199
1994,CASS,C,6,1,169,184,,196
1994,CASS,C,6,2,,,,
1994,CASS,C,6,3,169,190,,202
1994,CASS,C,6,4,,,,190
1994,CASS,C,6,5,,,,
1994,CASS,C,7,1,,,,
1994,CASS,C,7,2,,,,
1994,CASS,C,7,3,178,187,,199
1994,CASS,C,7,4,,,,
1994,CASS,C,7,5,,,,
1994,CASS,C,8,1,,,,
1994,CASS,C,8,2,,,,
1994,CASS,C,8,3,166,0,,0
1994,CASS,C,8,4,169,0,,0
1994,CASS,C,8,5,,,,
1994,CASS,C,9,1,,,,
1994,CASS,C,9,2,,,,
1994,CASS,C,9,3,,,,
1994,CASS,C,9,4,166,0,,0
1994,CASS,C,9,5,,,,
1994,CASS,C,10,1,,,,
1994,CASS,C,10,2,,,,
1994,CASS,C,10,3,,,,
1994,CASS,C,10,4,,,,
1994,CASS,C,10,5,,,,
1994,CASS,C,11,1,,,,
1994,CASS,C,11,2,,,,
1994,CASS,C,11,3,,,,
1994,CASS,C,11,4,,,,
1994,CASS,C,11,5,,,,
1994,CASS,C,12,1,,,,
1994,CASS,C,12,2,,,,
1994,CASS,C,12,3,,,,
1994,CASS,C,12,4,,,,
1994,CASS,C,12,5,169,187,,193
1994,CASS,C,13,1,,,,
1994,CASS,C,13,2,166,187,,205
1994,CASS,C,13,3,,,,
1994,CASS,C,13,4,,,,
1994,CASS,C,13,5,,,,
1994,CASS,C,14,1,,,,
1994,CASS,C,14,2,,,,
1994,CASS,C,14,3,,,,
1994,CASS,C,14,4,,,,
1994,CASS,C,14,5,166,184,,196
1994,CASS,C,15,1,169,178,,187
1994,CASS,C,15,2,166,178,,187
1994,CASS,C,15,3,,,,
1994,CASS,C,15,4,166,184,,205
1994,CASS,C,15,5,,,,
1994,CASS,C,16,1,169,178,,199
1994,CASS,C,16,2,,,,
1994,CASS,C,16,3,,,,
1994,CASS,C,16,4,,,,
1994,CASS,C,16,5,172,181,,193
1994,CASS,C,17,1,,,,
1994,CASS,C,17,2,166,178,,0
1994,CASS,C,17,3,,,,
1994,CASS,C,17,4,,181,,199
1994,CASS,C,17,5,,,,
1994,CASS,C,18,1,169,187,,193
1994,CASS,C,18,2,166,181,,199
1994,CASS,C,18,3,166,190,,211
1994,CASS,C,18,4,,,,
1994,CASS,C,18,5,,,,
1994,CASS,T,1,1,221,0,,0
1994,CASS,T,1,2,166,178,,181
1994,CASS,T,1,3,,,,
1994,CASS,T,1,4,,181,,190
1994,CASS,T,1,5,166,178,,193
1994,CASS,T,2,1,,,,
1994,CASS,T,2,2,,,,
1994,CASS,T,2,3,,,,
1994,CASS,T,2,4,172,187,,202
1994,CASS,T,2,5,172,187,,193
1994,CASS,T,3,1,,,,
1994,CASS,T,3,2,,,,
1994,CASS,T,3,3,,,,
1994,CASS,T,3,4,,,,
1994,CASS,T,3,5,169,187,,196
1994,CASS,T,4,1,,,,
1994,CASS,T,4,2,,,,
1994,CASS,T,4,3,166,193,,205
1994,CASS,T,4,4,172,187,,196
1994,CASS,T,4,5,,,,
1994,CASS,T,5,1,,,,
1994,CASS,T,5,2,166,184,,193
1994,CASS,T,5,3,,178,,193
1994,CASS,T,5,4,,,,
1994,CASS,T,5,5,166,187,,202
1994,CASS,T,6,1,,,,
1994,CASS,T,6,2,166,181,,199
1994,CASS,T,6,3,,,,
1994,CASS,T,6,4,,,,
1994,CASS,T,6,5,,,,
1994,CASS,T,7,1,,,,
1994,CASS,T,7,2,,,,
1994,CASS,T,7,3,,,,
1994,CASS,T,7,4,166,181,,196
1994,CASS,T,7,5,,,,
1994,CASS,T,8,1,,,,
1994,CASS,T,8,2,,,,
1994,CASS,T,8,3,,,,
1994,CASS,T,8,4,172,190,,208
1994,CASS,T,8,5,166,175,,190
1994,CASS,T,9,1,166,187,,199
1994,CASS,T,9,2,,,,
1994,CASS,T,9,3,,,,
1994,CASS,T,9,4,,,,
1994,CASS,T,9,5,,,,
1994,CASS,T,10,1,166,187,,196
1994,CASS,T,10,2,,,,
1994,CASS,T,10,3,,172,,184
1994,CASS,T,10,4,,,,
1994,CASS,T,10,5,,,,
1994,CASS,T,11,1,166,181,,196
1994,CASS,T,11,2,,,,
1994,CASS,T,11,3,,,,
1994,CASS,T,11,4,,,,
1994,CASS,T,11,5,,,,
1994,CASS,T,12,1,,,,
1994,CASS,T,12,2,166,193,,205
1994,CASS,T,12,3,166,0,,0
1994,CASS,T,12,4,,,,
1994,CASS,T,12,5,166,184,,193
1994,CASS,T,13,1,172,184,,196
1994,CASS,T,13,2,166,193,,208
1994,CASS,T,13,3,166,184,,199
1994,CASS,T,13,4,,,,
1994,CASS,T,13,5,166,0,,0
1994,CASS,T,14,1,,,,
1994,CASS,T,14,2,,,,
1994,CASS,T,14,3,,,,
1994,CASS,T,14,4,,,,
1994,CASS,T,14,5,166,178,,196
1994,CASS,T,15,1,,,,
1994,CASS,T,15,2,166,184,,0
1994,CASS,T,15,3,172,184,,196
1994,CASS,T,15,4,,,,
1994,CASS,T,15,5,,,,
1994,CASS,T,16,1,,,,
1994,CASS,T,16,2,,,,
1994,CASS,T,16,3,166,181,,193
1994,CASS,T,16,4,,,,
1994,CASS,T,16,5,166,178,,0
1994,CASS,T,17,1,,,,
1994,CASS,T,17,2,169,187,,196
1994,CASS,T,17,3,166,0,,0
1994,CASS,T,17,4,,,,
1994,CASS,T,17,5,,,,
1994,CASS,T,18,1,166,169,,193
1994,CASS,T,18,2,,,,
1994,CASS,T,18,3,,,,
1994,CASS,T,18,4,166,187,,199
1994,CASS,T,18,5,172,178,,193
